time_s,altitude_km,velocity_ms,mach,heat_flux_Wm2
0.000000000000000000e+00,1.200000000000000000e+02,7.599969693457534959e+03,2.772683388468712806e+01,1.231399888344887040e+04
3.432921431085808606e-02,1.199749937484371003e+02,7.599969588017384922e+03,2.772683350001170766e+01,1.232965553010925760e+04
6.865842909797145732e-02,1.199499874968742290e+02,7.599969482210397473e+03,2.772683311399796580e+01,1.234677031853317203e+04
1.029876443630370897e-01,1.199249812453113293e+02,7.599969376035294772e+03,2.772683272664123066e+01,1.236480828031782585e+04
1.373168601076978079e-01,1.198999749937484296e+02,7.599969269490797160e+03,2.772683233793684110e+01,1.238345719908523097e+04
1.716460763336022100e-01,1.198749687421855441e+02,7.599969162575617702e+03,2.772683194788009686e+01,1.240253028535131671e+04
2.059752930424646467e-01,1.198499624906226586e+02,7.599969055288469463e+03,2.772683155646630837e+01,1.242191259314160379e+04
2.403045102359253615e-01,1.198249562390597731e+02,7.599968947628056412e+03,2.772683116369074341e+01,1.244153114836069835e+04
2.746337279157103906e-01,1.197999499874968734e+02,7.599968839593080702e+03,2.772683076954866976e+01,1.246133805422797377e+04
3.089629460834916186e-01,1.197749437359339737e+02,7.599968731182239026e+03,2.772683037403532680e+01,1.248130077749402153e+04
3.432921647409469257e-01,1.197499374843711024e+02,7.599968622394223530e+03,2.772682997714595032e+01,1.250139645812061644e+04
3.776213838898199726e-01,1.197249312328082027e+02,7.599968513227722724e+03,2.772682957887575483e+01,1.252160850553892487e+04
4.119506035318004078e-01,1.196999249812453030e+02,7.599968403681417840e+03,2.772682917921992285e+01,1.254192451535454893e+04
4.462798236685838749e-01,1.196749187296824175e+02,7.599968293753989201e+03,2.772682877817364755e+01,1.256233496234993800e+04
4.806090443019319092e-01,1.196499124781195320e+02,7.599968183444110764e+03,2.772682837573208303e+01,1.258283235897914710e+04
5.149382654335320497e-01,1.196249062265566465e+02,7.599968072750451938e+03,2.772682797189038340e+01,1.260341069903011703e+04
5.492674870651578223e-01,1.195998999749937468e+02,7.599967961671677585e+03,2.772682756664367076e+01,1.262406508000725262e+04
5.835967091985289068e-01,1.195748937234308471e+02,7.599967850206447110e+03,2.772682715998706016e+01,1.264479144020114472e+04
6.179259318353709229e-01,1.195498874718679758e+02,7.599967738353415371e+03,2.772682675191563817e+01,1.266558637114222984e+04
6.522551549774754376e-01,1.195248812203050761e+02,7.599967626111235404e+03,2.772682634242449495e+01,1.268644698079579393e+04
6.865843786265803939e-01,1.194998749687421764e+02,7.599967513478552064e+03,2.772682593150868513e+01,1.270737079170741708e+04
7.209136027844297301e-01,1.194748687171793051e+02,7.599967400454006565e+03,2.772682551916325266e+01,1.272835566375521194e+04
7.552428274528335539e-01,1.194498624656164054e+02,7.599967287036235575e+03,2.772682510538322020e+01,1.274939973458408167e+04
7.895720526335480161e-01,1.194248562140535057e+02,7.599967173223872123e+03,2.772682469016360685e+01,1.277050137298788104e+04
8.239012783283354846e-01,1.193998499624906202e+02,7.599967059015541963e+03,2.772682427349939260e+01,1.279165914193790013e+04
8.582305045390246079e-01,1.193748437109277347e+02,7.599966944409868120e+03,2.772682385538555394e+01,1.281287176891104718e+04
8.925597312673702044e-01,1.193498374593648492e+02,7.599966829405467251e+03,2.772682343581704956e+01,1.283413812182045331e+04
9.268889585152133570e-01,1.193248312078019495e+02,7.599966714000954198e+03,2.772682301478882394e+01,1.285545718930190378e+04
9.612181862843414137e-01,1.192998249562390498e+02,7.599966598194934704e+03,2.772682259229578960e+01,1.287682806442569563e+04
9.955474145765479399e-01,1.192748187046761785e+02,7.599966481986014514e+03,2.772682216833285906e+01,1.289824993113132768e+04
1.029876643393693003e+00,1.192498124531132788e+02,7.599966365372789369e+03,2.772682174289490931e+01,1.291972205284707343e+04
1.064205872737582714e+00,1.192248062015503791e+02,7.599966248353853189e+03,2.772682131597681021e+01,1.294124376287829182e+04
1.098535102610029845e+00,1.191997999499874936e+02,7.599966130927796257e+03,2.772682088757342100e+01,1.296281445623940817e+04
1.132864333012913116e+00,1.191747936984246081e+02,7.599966013093198853e+03,2.772682045767956183e+01,1.298443358267261283e+04
1.167193563948058177e+00,1.191497874468617084e+02,7.599965894848643075e+03,2.772682002629005638e+01,1.300610064064943617e+04
1.201522795417296896e+00,1.191247811952988229e+02,7.599965776192700105e+03,2.772681959339969637e+01,1.302781517219054331e+04
1.235852027422527311e+00,1.190997749437359374e+02,7.599965657123941128e+03,2.772681915900326644e+01,1.304957675837203533e+04
1.270181259965574183e+00,1.190747686921730519e+02,7.599965537640927323e+03,2.772681872309551920e+01,1.307138501540994548e+04
1.304510493048348874e+00,1.190497624406101522e+02,7.599965417742218960e+03,2.772681828567120021e+01,1.309323959123468921e+04
1.338839726672709007e+00,1.190247561890472525e+02,7.599965297426369034e+03,2.772681784672503014e+01,1.311514016248253574e+04
1.373168960840518871e+00,1.189997499374843812e+02,7.599965176691926899e+03,2.772681740625171898e+01,1.313708643184398170e+04
1.407498195553709142e+00,1.189747436859214815e+02,7.599965055537436456e+03,2.772681696424595188e+01,1.315907812571845898e+04
1.441827430814157429e+00,1.189497374343585818e+02,7.599964933961436145e+03,2.772681652070239977e+01,1.318111499213341449e+04
1.476156666623747560e+00,1.189247311827956963e+02,7.599964811962458043e+03,2.772681607561570161e+01,1.320319679889224972e+04
1.510485902984430195e+00,1.188997249312328108e+02,7.599964689539032406e+03,2.772681562898050345e+01,1.322532333192115402e+04
1.544815139898082723e+00,1.188747186796699253e+02,7.599964566689682215e+03,2.772681518079140872e+01,1.324749439378927673e+04
1.579144377366668905e+00,1.188497124281070256e+02,7.599964443412924993e+03,2.772681473104301375e+01,1.326970980238097218e+04
1.613473615392099436e+00,1.188247061765441259e+02,7.599964319707273717e+03,2.772681427972989354e+01,1.329196938970084011e+04
1.647802853976291448e+00,1.187996999249812546e+02,7.599964195571237724e+03,2.772681382684660534e+01,1.331427300079639645e+04
1.682132093121229355e+00,1.187746936734183549e+02,7.599964071003317258e+03,2.772681337238768506e+01,1.333662049278408631e+04
1.716461332828843833e+00,1.187496874218554552e+02,7.599963946002011653e+03,2.772681291634765088e+01,1.335901173396707782e+04
1.750790573101072445e+00,1.187246811702925839e+02,7.599963820565812966e+03,2.772681245872100320e+01,1.338144660303433557e+04
1.785119813939919808e+00,1.186996749187296842e+02,7.599963694693206889e+03,2.772681199950222108e+01,1.340392498833227364e+04
1.819449055347337030e+00,1.186746686671667845e+02,7.599963568382676385e+03,2.772681153868576587e+01,1.342644678720073171e+04
1.853778297325282320e+00,1.186496624156038990e+02,7.599963441632697140e+03,2.772681107626607400e+01,1.344901190536693139e+04
1.888107539875780727e+00,1.186246561640410135e+02,7.599963314441740295e+03,2.772681061223757482e+01,1.347162025639121202e+04
1.922436783000784244e+00,1.185996499124781280e+02,7.599963186808272440e+03,2.772681014659467280e+01,1.349427176115895418e+04
1.956766026702331684e+00,1.185746436609152283e+02,7.599963058730752891e+03,2.772680967933174045e+01,1.351696634741464186e+04
1.991095270982408794e+00,1.185496374093523286e+02,7.599962930207638237e+03,2.772680921044315383e+01,1.353970394933340322e+04
2.025424515843008422e+00,1.185246311577894573e+02,7.599962801237376880e+03,2.772680873992324990e+01,1.356248450712671365e+04
2.059753761286190255e+00,1.184996249062265576e+02,7.599962671818412673e+03,2.772680826776635143e+01,1.358530796667893810e+04
2.094083007313961353e+00,1.184746186546636579e+02,7.599962541949186743e+03,2.772680779396677053e+01,1.360817427921163107e+04
2.128412253928335218e+00,1.184496124031007724e+02,7.599962411628131122e+03,2.772680731851878733e+01,1.363108340097338441e+04
2.162741501131393296e+00,1.184246061515378869e+02,7.599962280853673292e+03,2.772680684141666418e+01,1.365403529295276894e+04
2.197070748925143313e+00,1.183995998999750014e+02,7.599962149624237099e+03,2.772680636265465282e+01,1.367702992061204168e+04
2.231399997311680483e+00,1.183745936484121017e+02,7.599962017938239114e+03,2.772680588222697651e+01,1.370006725364036902e+04
2.265729246293046728e+00,1.183495873968492020e+02,7.599961885794090449e+03,2.772680540012783723e+01,1.372314726572429572e+04
2.300058495871291964e+00,1.183245811452863308e+02,7.599961753190197669e+03,2.772680491635141919e+01,1.374626993433438111e+04
2.334387746048533163e+00,1.182995748937234310e+02,7.599961620124961883e+03,2.772680443089189239e+01,1.376943524052662542e+04
2.368716996826834009e+00,1.182745686421605313e+02,7.599961486596776012e+03,2.772680394374339485e+01,1.379264316875704026e+04
2.403046248208265290e+00,1.182495623905976601e+02,7.599961352604032982e+03,2.772680345490005749e+01,1.381589370670901008e+04
2.437375500194965738e+00,1.182245561390347603e+02,7.599961218145112980e+03,2.772680296435597924e+01,1.383918684513179687e+04
2.471704752789021242e+00,1.181995498874718606e+02,7.599961083218394378e+03,2.772680247210523774e+01,1.386252257768958225e+04
2.506034005992524794e+00,1.181745436359089751e+02,7.599960947822252820e+03,2.772680197814191061e+01,1.388590090082029019e+04
2.540363259807636886e+00,1.181495373843460897e+02,7.599960811955052122e+03,2.772680148246002574e+01,1.390932181360312825e+04
2.574692514236445184e+00,1.181245311327832042e+02,7.599960675615154287e+03,2.772680098505360746e+01,1.393278531763464525e+04
2.609021769281124836e+00,1.180995248812203045e+02,7.599960538800914946e+03,2.772680048591665880e+01,1.395629141691235600e+04
2.643351024943799032e+00,1.180745186296574047e+02,7.599960401510684278e+03,2.772679998504315790e+01,1.397984011772520171e+04
2.677680281226597181e+00,1.180495123780945335e+02,7.599960263742805182e+03,2.772679948242706160e+01,1.400343142855091719e+04
2.712009538131717079e+00,1.180245061265316338e+02,7.599960125495616012e+03,2.772679897806230542e+01,1.402706535995932063e+04
2.746338795661304122e+00,1.179994998749687340e+02,7.599959986767450573e+03,2.772679847194281422e+01,1.405074192452125681e+04
2.780668053817510366e+00,1.179744936234058486e+02,7.599959847556633576e+03,2.772679796406247377e+01,1.407446113672278079e+04
2.814997312602556256e+00,1.179494873718429631e+02,7.599959707861487004e+03,2.772679745441516275e+01,1.409822301288436574e+04
2.849326572018589854e+00,1.179244811202800776e+02,7.599959567680326472e+03,2.772679694299473496e+01,1.412202757108453443e+04
2.883655832067845814e+00,1.178994748687171779e+02,7.599959427011459411e+03,2.772679642979501580e+01,1.414587483108788729e+04
2.917985092752507725e+00,1.178744686171542924e+02,7.599959285853190522e+03,2.772679591480981998e+01,1.416976481427682484e+04
2.952314354074766278e+00,1.178494623655914069e+02,7.599959144203816322e+03,2.772679539803293736e+01,1.419369754358737009e+04
2.986643616036879223e+00,1.178244561140285072e+02,7.599959002061627871e+03,2.772679487945812582e+01,1.421767304344818695e+04
3.020972878641053239e+00,1.177994498624656075e+02,7.599958859424911680e+03,2.772679435907913614e+01,1.424169133972285817e+04
3.055302141889502110e+00,1.177744436109027362e+02,7.599958716291946985e+03,2.772679383688969423e+01,1.426575245965532122e+04
3.089631405784507123e+00,1.177494373593398365e+02,7.599958572661006656e+03,2.772679331288349758e+01,1.428985643181803061e+04
3.123960670328298050e+00,1.177244311077769368e+02,7.599958428530357196e+03,2.772679278705421879e+01,1.431400328606288531e+04
3.158289935523111769e+00,1.176994248562140513e+02,7.599958283898263289e+03,2.772679225939553049e+01,1.433819305347457521e+04
3.192619201371253546e+00,1.176744186046511658e+02,7.599958138762977796e+03,2.772679172990105556e+01,1.436242576632639248e+04
3.226948467874956261e+00,1.176494123530882803e+02,7.599957993122750850e+03,2.772679119856441332e+01,1.438670145803801825e+04
3.261277735036540726e+00,1.176244061015253806e+02,7.599957846975825305e+03,2.772679066537919113e+01,1.441102016313575587e+04
3.295607002858275791e+00,1.175993998499624809e+02,7.599957700320438562e+03,2.772679013033896211e+01,1.443538191721432668e+04
3.329936271342438303e+00,1.175743935983996096e+02,7.599957553154821653e+03,2.772678959343726390e+01,1.445978675690075215e+04
3.364265540491373052e+00,1.175493873468367099e+02,7.599957405477200155e+03,2.772678905466763410e+01,1.448423471981995499e+04
3.398594810307372427e+00,1.175243810952738102e+02,7.599957257285791457e+03,2.772678851402356059e+01,1.450872584456186814e+04
3.432924080792737698e+00,1.174993748437109247e+02,7.599957108578810221e+03,2.772678797149853125e+01,1.453326017065019732e+04
3.467253351949837636e+00,1.174743685921480392e+02,7.599956959354459286e+03,2.772678742708599486e+01,1.455783773851266596e+04
3.501582623780989056e+00,1.174493623405851395e+02,7.599956809610940581e+03,2.772678688077938602e+01,1.458245858945242435e+04
3.535911896288517209e+00,1.174243560890222540e+02,7.599956659346448760e+03,2.772678633257212155e+01,1.460712276562106126e+04
3.570241169474815290e+00,1.173993498374593685e+02,7.599956508559170288e+03,2.772678578245758274e+01,1.463183030999255607e+04
3.604570443342204999e+00,1.173743435858964830e+02,7.599956357247287087e+03,2.772678523042913667e+01,1.465658126633871143e+04
3.638899717893095964e+00,1.173493373343335833e+02,7.599956205408971982e+03,2.772678467648011846e+01,1.468137567920526999e+04
3.673228993129845854e+00,1.173243310827706836e+02,7.599956053042395979e+03,2.772678412060385966e+01,1.470621359388949531e+04
3.707558269054821221e+00,1.172993248312078123e+02,7.599955900145720079e+03,2.772678356279364209e+01,1.473109505641839132e+04
3.741887545670456117e+00,1.172743185796449126e+02,7.599955746717099828e+03,2.772678300304274401e+01,1.475602011352821501e+04
3.776216822979133969e+00,1.172493123280820129e+02,7.599955592754684403e+03,2.772678244134440817e+01,1.478098881264446027e+04
3.810546100983245754e+00,1.172243060765191274e+02,7.599955438256617526e+03,2.772678187769186664e+01,1.480600120186306231e+04
3.844875379685250838e+00,1.171992998249562419e+02,7.599955283221034733e+03,2.772678131207831598e+01,1.483105732993211313e+04
3.879204659087537532e+00,1.171742935733933564e+02,7.599955127646067012e+03,2.772678074449693497e+01,1.485615724623455571e+04
3.913533939192582078e+00,1.171492873218304567e+02,7.599954971529836257e+03,2.772678017494087399e+01,1.488130100077152019e+04
3.947863220002809204e+00,1.171242810702675570e+02,7.599954814870460723e+03,2.772677960340326919e+01,1.490648864414624222e+04
3.982192501520652517e+00,1.170992748187046857e+02,7.599954657666051389e+03,2.772677902987722831e+01,1.493172022754876525e+04
4.016521783748614460e+00,1.170742685671417860e+02,7.599954499914709231e+03,2.772677845435582000e+01,1.495699580274125765e+04
4.050851066689144631e+00,1.170492623155788863e+02,7.599954341614533405e+03,2.772677787683210937e+01,1.498231542204386096e+04
4.085180350344702838e+00,1.170242560640160150e+02,7.599954182763615790e+03,2.772677729729914020e+01,1.500767913832115664e+04
4.119509634717816837e+00,1.169992498124531153e+02,7.599954023360037354e+03,2.772677671574991010e+01,1.503308700496901474e+04
4.153838919810962871e+00,1.169742435608902156e+02,7.599953863401876333e+03,2.772677613217740245e+01,1.505853907590227936e+04
4.188168205626626062e+00,1.169492373093273301e+02,7.599953702887204599e+03,2.772677554657458998e+01,1.508403540554258325e+04
4.222497492167360811e+00,1.169242310577644446e+02,7.599953541814084929e+03,2.772677495893439925e+01,1.510957604880689178e+04
4.256826779435648689e+00,1.168992248062015591e+02,7.599953380180574641e+03,2.772677436924974614e+01,1.513516106109627617e+04
4.291156067434061860e+00,1.168742185546386594e+02,7.599953217984723778e+03,2.772677377751351813e+01,1.516079049828535972e+04
4.325485356165120088e+00,1.168492123030757597e+02,7.599953055224576019e+03,2.772677318371857069e+01,1.518646441671186949e+04
4.359814645631352015e+00,1.168242060515128884e+02,7.599952891898168673e+03,2.772677258785775223e+01,1.521218287316688111e+04
4.394143935835355563e+00,1.167991997999499887e+02,7.599952728003530865e+03,2.772677198992386849e+01,1.523794592488517992e+04
4.428473226779678029e+00,1.167741935483870890e+02,7.599952563538687173e+03,2.772677138990971457e+01,1.526375362953616968e+04
4.462802518466874702e+00,1.167491872968242035e+02,7.599952398501651260e+03,2.772677078780803939e+01,1.528960604521488312e+04
4.497131810899570148e+00,1.167241810452613180e+02,7.599952232890434971e+03,2.772677018361159185e+01,1.531550323043372555e+04
4.531461104080338309e+00,1.166991747936984183e+02,7.599952066703038327e+03,2.772676957731307823e+01,1.534144524411401289e+04
4.565790398011762008e+00,1.166741685421355328e+02,7.599951899937459530e+03,2.772676896890519060e+01,1.536743214557813917e+04
4.600119692696492457e+00,1.166491622905726331e+02,7.599951732591684049e+03,2.772676835838058196e+01,1.539346399454205311e+04
4.634448988137110703e+00,1.166241560390097618e+02,7.599951564663695535e+03,2.772676774573189817e+01,1.541954085110776941e+04
4.668778284336286610e+00,1.165991497874468621e+02,7.599951396151467634e+03,2.772676713095174250e+01,1.544566277575629283e+04
4.703107581296639417e+00,1.165741435358839624e+02,7.599951227052967624e+03,2.772676651403270043e+01,1.547182982934084430e+04
4.737436879020797242e+00,1.165491372843210911e+02,7.599951057366156419e+03,2.772676589496733257e+01,1.549804207308019249e+04
4.771766177511457485e+00,1.165241310327581914e+02,7.599950887088985837e+03,2.772676527374816757e+01,1.552429956855235287e+04
4.806095476771266917e+00,1.164991247811952917e+02,7.599950716219404057e+03,2.772676465036771987e+01,1.555060237768832485e+04
4.840424776802881190e+00,1.164741185296324062e+02,7.599950544755347437e+03,2.772676402481846125e+01,1.557695056276618379e+04
4.874754077609026126e+00,1.164491122780695207e+02,7.599950372694750513e+03,2.772676339709285287e+01,1.560334418640546210e+04
4.909083379192355601e+00,1.164241060265066352e+02,7.599950200035536000e+03,2.772676276718332034e+01,1.562978331156140848e+04
4.943412681555614085e+00,1.163990997749437355e+02,7.599950026775622064e+03,2.772676213508226795e+01,1.565626800151975840e+04
4.977741984701495426e+00,1.163740935233808358e+02,7.599949852912918686e+03,2.772676150078206803e+01,1.568279831989151171e+04
5.012071288632702348e+00,1.163490872718179645e+02,7.599949678445328573e+03,2.772676086427507158e+01,1.570937433060795047e+04
5.046400593352006858e+00,1.163240810202550648e+02,7.599949503370746243e+03,2.772676022555359410e+01,1.573599609791582043e+04
5.080729898862131222e+00,1.162990747686921651e+02,7.599949327687061668e+03,2.772675958460994039e+01,1.576266368637258893e+04
5.115059205165806588e+00,1.162740685171292796e+02,7.599949151392155727e+03,2.772675894143637976e+01,1.578937716084195745e+04
5.149388512265833384e+00,1.162490622655663941e+02,7.599948974483900201e+03,2.772675829602514597e+01,1.581613658648953970e+04
5.183717820164962298e+00,1.162240560140034944e+02,7.599948796960162326e+03,2.772675764836845858e+01,1.584294202877851785e+04
5.218047128865954676e+00,1.161990497624406089e+02,7.599948618818801151e+03,2.772675699845850872e+01,1.586979355346564989e+04
5.252376438371639367e+00,1.161740435108777234e+02,7.599948440057667540e+03,2.772675634628745200e+01,1.589669122659722598e+04
5.286705748684775941e+00,1.161490372593148379e+02,7.599948260674605081e+03,2.772675569184742628e+01,1.592363511450530495e+04
5.321035059808213674e+00,1.161240310077519382e+02,7.599948080667450085e+03,2.772675503513053386e+01,1.595062528380398908e+04
5.355364371744752106e+00,1.160990247561890385e+02,7.599947900034030681e+03,2.772675437612884863e+01,1.597766180138576419e+04
5.389693684497199655e+00,1.160740185046261672e+02,7.599947718772169537e+03,2.772675371483443385e+01,1.600474473441808550e+04
5.424022998068435797e+00,1.160490122530632675e+02,7.599947536879679319e+03,2.772675305123930656e+01,1.603187415034004334e+04
5.458352312461288491e+00,1.160240060015003678e+02,7.599947354354366325e+03,2.772675238533546249e+01,1.605905011685897625e+04
5.492681627678596357e+00,1.159989997499374823e+02,7.599947171194027760e+03,2.772675171711486541e+01,1.608627270194740231e+04
5.527010943723268177e+00,1.159739934983745968e+02,7.599946987396456279e+03,2.772675104656946488e+01,1.611354197383996143e+04
5.561340260598142571e+00,1.159489872468117113e+02,7.599946802959432716e+03,2.772675037369116069e+01,1.614085800103035945e+04
5.595669578306147862e+00,1.159239809952488116e+02,7.599946617880734266e+03,2.772674969847184556e+01,1.616822085226867421e+04
5.629998896850161749e+00,1.158989747436859119e+02,7.599946432158128118e+03,2.772674902090337667e+01,1.619563059655835059e+04
5.664328216233073476e+00,1.158739684921230406e+02,7.599946245789372369e+03,2.772674834097756857e+01,1.622308730315360299e+04
5.698657536457841566e+00,1.158489622405601409e+02,7.599946058772221477e+03,2.772674765868623226e+01,1.625059104155687783e+04
5.732986857527375690e+00,1.158239559889972412e+02,7.599945871104418075e+03,2.772674697402113253e+01,1.627814188151616327e+04
5.767316179444594404e+00,1.157989497374343557e+02,7.599945682783699340e+03,2.772674628697401289e+01,1.630573989302261907e+04
5.801645502212486427e+00,1.157739434858714702e+02,7.599945493807792445e+03,2.772674559753658130e+01,1.633338514630818827e+04
5.835974825833991630e+00,1.157489372343085705e+02,7.599945304174420016e+03,2.772674490570053152e+01,1.636107771184325611e+04
5.870304150312060543e+00,1.157239309827456850e+02,7.599945113881291945e+03,2.772674421145750401e+01,1.638881766033436725e+04
5.904633475649712970e+00,1.156989247311827995e+02,7.599944922926115396e+03,2.772674351479913923e+01,1.641660506272225393e+04
5.938962801849898554e+00,1.156739184796199140e+02,7.599944731306585709e+03,2.772674281571702792e+01,1.644443999017945316e+04
5.973292128915659305e+00,1.156489122280570143e+02,7.599944539020391858e+03,2.772674211420273593e+01,1.647232251410838217e+04
6.007621456849986608e+00,1.156239059764941146e+02,7.599944346065215541e+03,2.772674141024780781e+01,1.650025270613937028e+04
6.041950785655881617e+00,1.155988997249312433e+02,7.599944152438726633e+03,2.772674070384374190e+01,1.652823063812880355e+04
6.076280115336417431e+00,1.155738934733683436e+02,7.599943958138592279e+03,2.772673999498202591e+01,1.655625638215703657e+04
6.110609445894616520e+00,1.155488872218054439e+02,7.599943763162466894e+03,2.772673928365410845e+01,1.658433001052679538e+04
6.144938777333512903e+00,1.155238809702425584e+02,7.599943567507999433e+03,2.772673856985140262e+01,1.661245159576127116e+04
6.179268109656210761e+00,1.154988747186796729e+02,7.599943371172830666e+03,2.772673785356530729e+01,1.664062121060258505e+04
6.213597442865744114e+00,1.154738684671167874e+02,7.599943174154592270e+03,2.772673713478718227e+01,1.666883892800991816e+04
6.247926776965239348e+00,1.154488622155538877e+02,7.599942976450905917e+03,2.772673641350834828e+01,1.669710482115803825e+04
6.282256111957772227e+00,1.154238559639909880e+02,7.599942778059388729e+03,2.772673568972011537e+01,1.672541896343574990e+04
6.316585447846430057e+00,1.153988497124281167e+02,7.599942578977647827e+03,2.772673496341375099e+01,1.675378142844423928e+04
6.350914784634370314e+00,1.153738434608652170e+02,7.599942379203280325e+03,2.772673423458049058e+01,1.678219228999586630e+04
6.385244122324701621e+00,1.153488372093023173e+02,7.599942178733876972e+03,2.772673350321154118e+01,1.681065162211244024e+04
6.419573460920544150e+00,1.153238309577394460e+02,7.599941977567021240e+03,2.772673276929808850e+01,1.683915949902401917e+04
6.453902800425087349e+00,1.152988247061765463e+02,7.599941775700284779e+03,2.772673203283127563e+01,1.686771599516756760e+04
6.488232140841473594e+00,1.152738184546136466e+02,7.599941573131233781e+03,2.772673129380221724e+01,1.689632118518552306e+04
6.522561482172855030e+00,1.152488122030507611e+02,7.599941369857423524e+03,2.772673055220200311e+01,1.692497514392468656e+04
6.556890824422454855e+00,1.152238059514878756e+02,7.599941165876403829e+03,2.772672980802168752e+01,1.695367794643486923e+04
6.591220167593427881e+00,1.151987996999249901e+02,7.599940961185712695e+03,2.772672906125228920e+01,1.698242966796772816e+04
6.625549511689020399e+00,1.151737934483620904e+02,7.599940755782882661e+03,2.772672831188480558e+01,1.701123038397574783e+04
6.659878856712428075e+00,1.151487871967991907e+02,7.599940549665434446e+03,2.772672755991019855e+01,1.704008017011090487e+04
6.694208202666859897e+00,1.151237809452363194e+02,7.599940342830883310e+03,2.772672680531939449e+01,1.706897910222368228e+04
6.728537549555594133e+00,1.150987746936734197e+02,7.599940135276734509e+03,2.772672604810329489e+01,1.709792725636203977e+04
6.762866897381861975e+00,1.150737684421105200e+02,7.599939927000482385e+03,2.772672528825275862e+01,1.712692470877028245e+04
6.797196246148905274e+00,1.150487621905476345e+02,7.599939717999616732e+03,2.772672452575862678e+01,1.715597153588820947e+04
6.831525595860036937e+00,1.150237559389847490e+02,7.599939508271616432e+03,2.772672376061170496e+01,1.718506781435006633e+04
6.865854946518501478e+00,1.149987496874218635e+02,7.599939297813951271e+03,2.772672299280275965e+01,1.721421362098352256e+04
6.900184298127635785e+00,1.149737434358589638e+02,7.599939086624081938e+03,2.772672222232252537e+01,1.724340903280893326e+04
6.934513650690726116e+00,1.149487371842960641e+02,7.599938874699461849e+03,2.772672144916171177e+01,1.727265412703833499e+04
6.968843004211072056e+00,1.149237309327331928e+02,7.599938662037535323e+03,2.772672067331100010e+01,1.730194898107463086e+04
7.003172358692044241e+00,1.148987246811702931e+02,7.599938448635736677e+03,2.772671989476102183e+01,1.733129367251075382e+04
7.037501714136964459e+00,1.148737184296073934e+02,7.599938234491491130e+03,2.772671911350239071e+01,1.736068827912883353e+04
7.071831070549166043e+00,1.148487121780445221e+02,7.599938019602215718e+03,2.772671832952568138e+01,1.739013287889945059e+04
7.106160427932055157e+00,1.148237059264816224e+02,7.599937803965320199e+03,2.772671754282144008e+01,1.741962754998091259e+04
7.140489786288988228e+00,1.147986996749187227e+02,7.599937587578201601e+03,2.772671675338017394e+01,1.744917237071841009e+04
7.174819145623335004e+00,1.147736934233558372e+02,7.599937370438251492e+03,2.772671596119236881e+01,1.747876741964335815e+04
7.209148505938535401e+00,1.147486871717929517e+02,7.599937152542847798e+03,2.772671516624845367e+01,1.750841277547276331e+04
7.243477867237982259e+00,1.147236809202300520e+02,7.599936933889365719e+03,2.772671436853885396e+01,1.753810851710845600e+04
7.277807229525079080e+00,1.146986746686671665e+02,7.599936714475166809e+03,2.772671356805394538e+01,1.756785472363648296e+04
7.312136592803303081e+00,1.146736684171042668e+02,7.599936494297603531e+03,2.772671276478406810e+01,1.759765147432650338e+04
7.346465957076062203e+00,1.146486621655413956e+02,7.599936273354020159e+03,2.772671195871953387e+01,1.762749884863110128e+04
7.380795322346856757e+00,1.146236559139784958e+02,7.599936051641751874e+03,2.772671114985061891e+01,1.765739692618534900e+04
7.415124688619139093e+00,1.145986496624155961e+02,7.599935829158125671e+03,2.772671033816757458e+01,1.768734578680605046e+04
7.449454055896373106e+00,1.145736434108527106e+02,7.599935605900455812e+03,2.772670952366059893e+01,1.771734551049122092e+04
7.483783424182095523e+00,1.145486371592898251e+02,7.599935381866051102e+03,2.772670870631987583e+01,1.774739617741973416e+04
7.518112793479795108e+00,1.145236309077269254e+02,7.599935157052208524e+03,2.772670788613554294e+01,1.777749786795053296e+04
7.552442163792972174e+00,1.144986246561640399e+02,7.599934931456215963e+03,2.772670706309770949e+01,1.780765066262233086e+04
7.586771535125199861e+00,1.144736184046011545e+02,7.599934705075353122e+03,2.772670623719644212e+01,1.783785464215302272e+04
7.621100907479983810e+00,1.144486121530382690e+02,7.599934477906887878e+03,2.772670540842178255e+01,1.786810988743923735e+04
7.655430280860922032e+00,1.144236059014753693e+02,7.599934249948081742e+03,2.772670457676373701e+01,1.789841647955592998e+04
7.689759655271563688e+00,1.143985996499124695e+02,7.599934021196184403e+03,2.772670374221226908e+01,1.792877449975587297e+04
7.724089030715472148e+00,1.143735933983495983e+02,7.599933791648437364e+03,2.772670290475731747e+01,1.795918402946922288e+04
7.758418407196282729e+00,1.143485871467866986e+02,7.599933561302070302e+03,2.772670206438877472e+01,1.798964515030320399e+04
7.792747784717581894e+00,1.143235808952237988e+02,7.599933330154306532e+03,2.772670122109651203e+01,1.802015794404161716e+04
7.827077163282970318e+00,1.142985746436609134e+02,7.599933098202356632e+03,2.772670037487035088e+01,1.805072249264447964e+04
7.861406542896119731e+00,1.142735683920980279e+02,7.599932865443422088e+03,2.772669952570008078e+01,1.808133887824768681e+04
7.895735923560656566e+00,1.142485621405351282e+02,7.599932631874697108e+03,2.772669867357546636e+01,1.811200718316265920e+04
7.930065305280217913e+00,1.142235558889722427e+02,7.599932397493364078e+03,2.772669781848622961e+01,1.814272748987590967e+04
7.964394688058514582e+00,1.141985496374093429e+02,7.599932162296596289e+03,2.772669696042205700e+01,1.817349988104883960e+04
7.998724071899190768e+00,1.141735433858464717e+02,7.599931926281554297e+03,2.772669609937258883e+01,1.820432443951728055e+04
8.033053456805982151e+00,1.141485371342835720e+02,7.599931689445393204e+03,2.772669523532744407e+01,1.823520124829139240e+04
8.067382842782578223e+00,1.141235308827206723e+02,7.599931451785257195e+03,2.772669436827620970e+01,1.826613039055512490e+04
8.101712229832680023e+00,1.140985246311578010e+02,7.599931213298277726e+03,2.772669349820841589e+01,1.829711194966605399e+04
8.136041617960062311e+00,1.140735183795949013e+02,7.599930973981578973e+03,2.772669262511357147e+01,1.832814600915518895e+04
8.170371007168455435e+00,1.140485121280320016e+02,7.599930733832274200e+03,2.772669174898114619e+01,1.835923265272650315e+04
8.204700397461598627e+00,1.140235058764691161e+02,7.599930492847466667e+03,2.772669086980057074e+01,1.839037196425688671e+04
8.239029788843305724e+00,1.139984996249062306e+02,7.599930251024249628e+03,2.772668998756124381e+01,1.842156402779581549e+04
8.273359181317324840e+00,1.139734933733433451e+02,7.599930008359706335e+03,2.772668910225251793e+01,1.845280892756506000e+04
8.307688574887494681e+00,1.139484871217804454e+02,7.599929764850910033e+03,2.772668821386371718e+01,1.848410674795862724e+04
8.342017969557611323e+00,1.139234808702175457e+02,7.599929520494923054e+03,2.772668732238413014e+01,1.851545757354238231e+04
8.376347365331479722e+00,1.138984746186546744e+02,7.599929275288796816e+03,2.772668642780299209e+01,1.854686148905388836e+04
8.410676762212981217e+00,1.138734683670917747e+02,7.599929029229576372e+03,2.772668553010952763e+01,1.857831857940235204e+04
8.445006160205949186e+00,1.138484621155288750e+02,7.599928782314292221e+03,2.772668462929290101e+01,1.860982892966822692e+04
8.479335559314229442e+00,1.138234558639659895e+02,7.599928534539965767e+03,2.772668372534224446e+01,1.864139262510312619e+04
8.513664959541744182e+00,1.137984496124031040e+02,7.599928285903607502e+03,2.772668281824665115e+01,1.867300975112976448e+04
8.547994360892365862e+00,1.137734433608402043e+02,7.599928036402220641e+03,2.772668190799519294e+01,1.870468039334165223e+04
8.582323763369982927e+00,1.137484371092773188e+02,7.599927786032794756e+03,2.772668099457688129e+01,1.873640463750294657e+04
8.616653166978556655e+00,1.137234308577144191e+02,7.599927534792309416e+03,2.772668007798069922e+01,1.876818256954848403e+04
8.650982571721980818e+00,1.136984246061515478e+02,7.599927282677735093e+03,2.772667915819559425e+01,1.880001427558342039e+04
8.685311977604243339e+00,1.136734183545886481e+02,7.599927029686028618e+03,2.772667823521046415e+01,1.883189984188324888e+04
8.719641384629287728e+00,1.136484121030257484e+02,7.599926775814141365e+03,2.772667730901418537e+01,1.886383935489366559e+04
8.753970792801069933e+00,1.136234058514628771e+02,7.599926521059009247e+03,2.772667637959558107e+01,1.889583290123037295e+04
8.788300202123618732e+00,1.135983995998999774e+02,7.599926265417559989e+03,2.772667544694344244e+01,1.892788056767911621e+04
8.822629612600918492e+00,1.135733933483370777e+02,7.599926008886708587e+03,2.772667451104651093e+01,1.895998244119544324e+04
8.856959024236966016e+00,1.135483870967741922e+02,7.599925751463362758e+03,2.772667357189351023e+01,1.899213860890471187e+04
8.891288437035834491e+00,1.135233808452113067e+02,7.599925493144417487e+03,2.772667262947310718e+01,1.902434915810199891e+04
8.925617851001527825e+00,1.134983745936484212e+02,7.599925233926755936e+03,2.772667168377393665e+01,1.905661417625200193e+04
8.959947266138145849e+00,1.134733683420855215e+02,7.599924973807251263e+03,2.772667073478458732e+01,1.908893375098894103e+04
8.994276682449742211e+00,1.134483620905226218e+02,7.599924712782766619e+03,2.772666978249361591e+01,1.912130797011658069e+04
9.028606099940386542e+00,1.134233558389597505e+02,7.599924450850153335e+03,2.772666882688953294e+01,1.915373692160804785e+04
9.062935518614219532e+00,1.133983495873968508e+02,7.599924188006251825e+03,2.772666786796081695e+01,1.918622069360596288e+04
9.097264938475337459e+00,1.133733433358339511e+02,7.599923924247891591e+03,2.772666690569589676e+01,1.921875937442219583e+04
9.131594359527850813e+00,1.133483370842710656e+02,7.599923659571891221e+03,2.772666594008316210e+01,1.925135305253792467e+04
9.165923781775946466e+00,1.133233308327081801e+02,7.599923393975058389e+03,2.772666497111097428e+01,1.928400181660370436e+04
9.200253205223761555e+00,1.132983245811452804e+02,7.599923127454188943e+03,2.772666399876764132e+01,1.931670575543920131e+04
9.234582629875452753e+00,1.132733183295823949e+02,7.599922860006068731e+03,2.772666302304143571e+01,1.934946495803344806e+04
9.268912055735246014e+00,1.132483120780194952e+02,7.599922591627471775e+03,2.772666204392058376e+01,1.938227951354458855e+04
9.303241482807306895e+00,1.132233058264566239e+02,7.599922322315161182e+03,2.772666106139328690e+01,1.941514951130003465e+04
9.337570911095891546e+00,1.131982995748937242e+02,7.599922052065886419e+03,2.772666007544767552e+01,1.944807504079634600e+04
9.371900340605211710e+00,1.131732933233308245e+02,7.599921780876390585e+03,2.772665908607187646e+01,1.948105619169933198e+04
9.406229771339496892e+00,1.131482870717679532e+02,7.599921508743401318e+03,2.772665809325394548e+01,1.951409305384396794e+04
9.440559203303047653e+00,1.131232808202050535e+02,7.599921235663636253e+03,2.772665709698190994e+01,1.954718571723450077e+04
9.474888636500120143e+00,1.130982745686421538e+02,7.599920961633800289e+03,2.772665609724374391e+01,1.958033427204434338e+04
9.509218070934986500e+00,1.130732683170792683e+02,7.599920686650590142e+03,2.772665509402740369e+01,1.961353880861622383e+04
9.543547506611993470e+00,1.130482620655163828e+02,7.599920410710687975e+03,2.772665408732078163e+01,1.964679941746218174e+04
9.577876943535423848e+00,1.130232558139534973e+02,7.599920133810765037e+03,2.772665307711173099e+01,1.968011618926346273e+04
9.612206381709652803e+00,1.129982495623905976e+02,7.599919855947481665e+03,2.772665206338806954e+01,1.971348921487078405e+04
9.646535821139011091e+00,1.129732433108276979e+02,7.599919577117487279e+03,2.772665104613757237e+01,1.974691858530416357e+04
9.680865261827847235e+00,1.129482370592648266e+02,7.599919297317416749e+03,2.772665002534796486e+01,1.978040439175309075e+04
9.715194703780582586e+00,1.129232308077019269e+02,7.599919016543897669e+03,2.772664900100694396e+01,1.981394672557658123e+04
9.749524147001594088e+00,1.128982245561390272e+02,7.599918734793539443e+03,2.772664797310213913e+01,1.984754567830308224e+04
9.783853591495274671e+00,1.128732183045761417e+02,7.599918452062947836e+03,2.772664694162116206e+01,1.988120134163068724e+04
9.818183037266091873e+00,1.128482120530132562e+02,7.599918168348710424e+03,2.772664590655157113e+01,1.991491380742723049e+04
9.852512484318468822e+00,1.128232058014503565e+02,7.599917883647404778e+03,2.772664486788087501e+01,1.994868316773011975e+04
9.886841932656844634e+00,1.127981995498874710e+02,7.599917597955598467e+03,2.772664382559655394e+01,1.998250951474663452e+04
9.921171382285734808e+00,1.127731932983245855e+02,7.599917311269842685e+03,2.772664277968602420e+01,2.001639294085393703e+04
9.955500833209587341e+00,1.127481870467617000e+02,7.599917023586682262e+03,2.772664173013668076e+01,2.005033353859904310e+04
9.989830285432947932e+00,1.127231807951988003e+02,7.599916734902645658e+03,2.772664067693585821e+01,2.008433140069910223e+04
1.002415973896031964e+01,1.126981745436359006e+02,7.599916445214251326e+03,2.772663962007085559e+01,2.011838662004129583e+04
1.005848919379621798e+01,1.126731682920730293e+02,7.599916154518004987e+03,2.772663855952892575e+01,2.015249928968299719e+04
1.009281864994523481e+01,1.126481620405101296e+02,7.599915862810399631e+03,2.772663749529727184e+01,2.018666950285191706e+04
1.012714810741191940e+01,1.126231557889472299e+02,7.599915570087918240e+03,2.772663642736306500e+01,2.022089735294612547e+04
1.016147756620083520e+01,1.125981495373843444e+02,7.599915276347028339e+03,2.772663535571341242e+01,2.025518293353413173e+04
1.019580702631662383e+01,1.125731432858214589e+02,7.599914981584187444e+03,2.772663428033540001e+01,2.028952633835516099e+04
1.023013648776386120e+01,1.125481370342585734e+02,7.599914685795840342e+03,2.772663320121604613e+01,2.032392766131896497e+04
1.026446595054721911e+01,1.125231307826956737e+02,7.599914388978419993e+03,2.772663211834234787e+01,2.035838699650622948e+04
1.029879541467132675e+01,1.124981245311327740e+02,7.599914091128343898e+03,2.772663103170122767e+01,2.039290443816848347e+04
1.033312488014082930e+01,1.124731182795699027e+02,7.599913792242021373e+03,2.772662994127958669e+01,2.042748008072826997e+04
1.036745434696044654e+01,1.124481120280070030e+02,7.599913492315846270e+03,2.772662884706427278e+01,2.046211401877938260e+04
1.040178381513485739e+01,1.124231057764441033e+02,7.599913191346202439e+03,2.772662774904208760e+01,2.049680634708680736e+04
1.043611328466875321e+01,1.123980995248812320e+02,7.599912889329457357e+03,2.772662664719978309e+01,2.053155716058689359e+04
1.047044275556690529e+01,1.123730932733183323e+02,7.599912586261970318e+03,2.772662554152407566e+01,2.056636655438765956e+04
1.050477222783404052e+01,1.123480870217554326e+02,7.599912282140083335e+03,2.772662443200161775e+01,2.060123462376863972e+04
1.053910170147490000e+01,1.123230807701925471e+02,7.599911976960130232e+03,2.772662331861904050e+01,2.063616146418123753e+04
1.057343117649430475e+01,1.122980745186296616e+02,7.599911670718428468e+03,2.772662220136290046e+01,2.067114717124877643e+04
1.060776065289701009e+01,1.122730682670667761e+02,7.599911363411286402e+03,2.772662108021973637e+01,2.070619184076663078e+04
1.064209013068786902e+01,1.122480620155038764e+02,7.599911055034994206e+03,2.772661995517600886e+01,2.074129556870242232e+04
1.067641960987169192e+01,1.122230557639409767e+02,7.599910745585833865e+03,2.772661882621815721e+01,2.077645845119609658e+04
1.071074909045330514e+01,1.121980495123781054e+02,7.599910435060073723e+03,2.772661769333256387e+01,2.081168058456013023e+04
1.074507857243761144e+01,1.121730432608152057e+02,7.599910123453966662e+03,2.772661655650556156e+01,2.084696206527972026e+04
1.077940805582946915e+01,1.121480370092523060e+02,7.599909810763754649e+03,2.772661541572343680e+01,2.088230299001278763e+04
1.081373754063375792e+01,1.121230307576894205e+02,7.599909496985666010e+03,2.772661427097243347e+01,2.091770345559025009e+04
1.084806702685543023e+01,1.120980245061265350e+02,7.599909182115915428e+03,2.772661312223873864e+01,2.095316355901620045e+04
1.088239651449937817e+01,1.120730182545636495e+02,7.599908866150706672e+03,2.772661196950850027e+01,2.098868339746801212e+04
1.091672600357058975e+01,1.120480120030007498e+02,7.599908549086227140e+03,2.772661081276781658e+01,2.102426306829651730e+04
1.095105549407401213e+01,1.120230057514378501e+02,7.599908230918653317e+03,2.772660965200273253e+01,2.105990266902618532e+04
1.098538498601460667e+01,1.119979994998749788e+02,7.599907911644146225e+03,2.772660848719923976e+01,2.109560229735518078e+04
1.101971447939741289e+01,1.119729932483120791e+02,7.599907591258855973e+03,2.772660731834330150e+01,2.113136205115586563e+04
1.105404397422742946e+01,1.119479869967491794e+02,7.599907269758917209e+03,2.772660614542080992e+01,2.116718202847454086e+04
1.108837347050967281e+01,1.119229807451863081e+02,7.599906947140451848e+03,2.772660496841761457e+01,2.120306232753189761e+04
1.112270296824923399e+01,1.118979744936234084e+02,7.599906623399570890e+03,2.772660378731953301e+01,2.123900304672319908e+04
1.115703246745116317e+01,1.118729682420605087e+02,7.599906298532366236e+03,2.772660260211230465e+01,2.127500428461827687e+04
1.119136196812052830e+01,1.118479619904976232e+02,7.599905972534920693e+03,2.772660141278163692e+01,2.131106613996188753e+04
1.122569147026247549e+01,1.118229557389347377e+02,7.599905645403303424e+03,2.772660021931319463e+01,2.134718871167390898e+04
1.126002097388210643e+01,1.117979494873718380e+02,7.599905317133566314e+03,2.772659902169256796e+01,2.138337209884932236e+04
1.129435047898454414e+01,1.117729432358089525e+02,7.599904987721751240e+03,2.772659781990531513e+01,2.141961640075862306e+04
1.132867998557498623e+01,1.117479369842460528e+02,7.599904657163883712e+03,2.772659661393694464e+01,2.145592171684798814e+04
1.136300949365856994e+01,1.117229307326831815e+02,7.599904325455978324e+03,2.772659540377290810e+01,2.149228814673933812e+04
1.139733900324053195e+01,1.116979244811202818e+02,7.599903992594032388e+03,2.772659418939860743e+01,2.152871579023063532e+04
1.143166851432606279e+01,1.116729182295573821e+02,7.599903658574031397e+03,2.772659297079939478e+01,2.156520474729609487e+04
1.146599802692037606e+01,1.116479119779944966e+02,7.599903323391947197e+03,2.772659174796057613e+01,2.160175511808628653e+04
1.150032754102875820e+01,1.116229057264316111e+02,7.599902987043736175e+03,2.772659052086739706e+01,2.163836700292850583e+04
1.153465705665643881e+01,1.115978994748687256e+02,7.599902649525340166e+03,2.772658928950505342e+01,2.167504050232674490e+04
1.156898657380874340e+01,1.115728932233058259e+02,7.599902310832691001e+03,2.772658805385870195e+01,2.171177571696220184e+04
1.160331609249095663e+01,1.115478869717429404e+02,7.599901970961700499e+03,2.772658681391342839e+01,2.174857274769318974e+04
1.163764561270838094e+01,1.115228807201800549e+02,7.599901629908271389e+03,2.772658556965428645e+01,2.178543169555552959e+04
1.167197513446639867e+01,1.114978744686171552e+02,7.599901287668288205e+03,2.772658432106625881e+01,2.182235266176276127e+04
1.170630465777034956e+01,1.114728682170542555e+02,7.599900944237623662e+03,2.772658306813428908e+01,2.185933574770626728e+04
1.174063418262559111e+01,1.114478619654913842e+02,7.599900599612135011e+03,2.772658181084326756e+01,2.189638105495553100e+04
1.177496370903756073e+01,1.114228557139284845e+02,7.599900253787666770e+03,2.772658054917802772e+01,2.193348868525842772e+04
1.180929323701165501e+01,1.113978494623655848e+02,7.599899906760045269e+03,2.772657928312334619e+01,2.197065874054131564e+04
1.184362276655328827e+01,1.113728432108026993e+02,7.599899558525086832e+03,2.772657801266395694e+01,2.200789132290933048e+04
1.187795229766795480e+01,1.113478369592398138e+02,7.599899209078589593e+03,2.772657673778453358e+01,2.204518653464666204e+04
1.191228183036110799e+01,1.113228307076769141e+02,7.599898858416338953e+03,2.772657545846969995e+01,2.208254447821670692e+04
1.194661136463821904e+01,1.112978244561140286e+02,7.599898506534105763e+03,2.772657417470402308e+01,2.211996525626226867e+04
1.198094090050483906e+01,1.112728182045511289e+02,7.599898153427646321e+03,2.772657288647202378e+01,2.215744897160591063e+04
1.201527043796645700e+01,1.112478119529882576e+02,7.599897799092698733e+03,2.772657159375815539e+01,2.219499572725004691e+04
1.204959997702866303e+01,1.112228057014253579e+02,7.599897443524992013e+03,2.772657029654683214e+01,2.223260562637733528e+04
1.208392951769700652e+01,1.111977994498624582e+02,7.599897086720236985e+03,2.772656899482240789e+01,2.227027877235072447e+04
1.211825905997705455e+01,1.111727931982995727e+02,7.599896728674128099e+03,2.772656768856917608e+01,2.230801526871381429e+04
1.215258860387445594e+01,1.111477869467366872e+02,7.599896369382347984e+03,2.772656637777138400e+01,2.234581521919110673e+04
1.218691814939479556e+01,1.111227806951738017e+02,7.599896008840561990e+03,2.772656506241321495e+01,2.238367872768816960e+04
1.222124769654376131e+01,1.110977744436109020e+02,7.599895647044423640e+03,2.772656374247881672e+01,2.242160589829196397e+04
1.225557724532700021e+01,1.110727681920480165e+02,7.599895283989565542e+03,2.772656241795225185e+01,2.245959683527102607e+04
1.228990679575017708e+01,1.110477619404851310e+02,7.599894919671610296e+03,2.772656108881755443e+01,2.249765164307569285e+04
1.232423634781903665e+01,1.110227556889222313e+02,7.599894554086165044e+03,2.772655975505869463e+01,2.253577042633847304e+04
1.235856590153928636e+01,1.109977494373593316e+02,7.599894187228817827e+03,2.772655841665957865e+01,2.257395328987413450e+04
1.239289545691664962e+01,1.109727431857964604e+02,7.599893819095143954e+03,2.772655707360406296e+01,2.261220033868004248e+04
1.242722501395693335e+01,1.109477369342335606e+02,7.599893449680704180e+03,2.772655572587595074e+01,2.265051167793645436e+04
1.246155457266590361e+01,1.109227306826706609e+02,7.599893078981041981e+03,2.772655437345898477e+01,2.268888741300669062e+04
1.249588413304934420e+01,1.108977244311077754e+02,7.599892706991686282e+03,2.772655301633685099e+01,2.272732764943737129e+04
1.253021369511312244e+01,1.108727181795448899e+02,7.599892333708150545e+03,2.772655165449318559e+01,2.276583249295882706e+04
1.256454325886306478e+01,1.108477119279819902e+02,7.599891959125930953e+03,2.772655028791155374e+01,2.280440204948518658e+04
1.259887282430501720e+01,1.108227056764191047e+02,7.599891583240510045e+03,2.772654891657547793e+01,2.284303642511471844e+04
1.263320239144490564e+01,1.107976994248562050e+02,7.599891206047354899e+03,2.772654754046841674e+01,2.288173572613009310e+04
1.266753196028859918e+01,1.107726931732933338e+02,7.599890827541914405e+03,2.772654615957376834e+01,2.292050005899860844e+04
1.270186153084206460e+01,1.107476869217304341e+02,7.599890447719623808e+03,2.772654477387488114e+01,2.295932953037250991e+04
1.273619110311122959e+01,1.107226806701675343e+02,7.599890066575901983e+03,2.772654338335503965e+01,2.299822424708918697e+04
1.277052067710204497e+01,1.106976744186046631e+02,7.599889684106150526e+03,2.772654198799746439e+01,2.303718431617150054e+04
1.280485025282053968e+01,1.106726681670417634e+02,7.599889300305757388e+03,2.772654058778533681e+01,2.307620984482804124e+04
1.283917983027270537e+01,1.106476619154788636e+02,7.599888915170093242e+03,2.772653918270176021e+01,2.311530094045339501e+04
1.287350940946455324e+01,1.106226556639159782e+02,7.599888528694511479e+03,2.772653777272978814e+01,2.315445771062832137e+04
1.290783899040217619e+01,1.105976494123530927e+02,7.599888140874351848e+03,2.772653635785241732e+01,2.319368026312030997e+04
1.294216857309160851e+01,1.105726431607902072e+02,7.599887751704935908e+03,2.772653493805258051e+01,2.323296870588346428e+04
1.297649815753898395e+01,1.105476369092273075e+02,7.599887361181569759e+03,2.772653351331314653e+01,2.327232314705909812e+04
1.301082774375039897e+01,1.105226306576644077e+02,7.599886969299541306e+03,2.772653208361693089e+01,2.331174369497581210e+04
1.304515733173197134e+01,1.104976244061015365e+02,7.599886576054127545e+03,2.772653064894670294e+01,2.335123045814989382e+04
1.307948692148990055e+01,1.104726181545386368e+02,7.599886181440580913e+03,2.772652920928513964e+01,2.339078354528555792e+04
1.311381651303034523e+01,1.104476119029757371e+02,7.599885785454143843e+03,2.772652776461488244e+01,2.343040306527520806e+04
1.314814610635948888e+01,1.104226056514128516e+02,7.599885388090039669e+03,2.772652631491850883e+01,2.347008912719970249e+04
1.318247570148359316e+01,1.103975993998499661e+02,7.599884989343476263e+03,2.772652486017853235e+01,2.350984184032881967e+04
1.321680529840888418e+01,1.103725931482870664e+02,7.599884589209643309e+03,2.772652340037740615e+01,2.354966131412124741e+04
1.325113489714160764e+01,1.103475868967241809e+02,7.599884187683713208e+03,2.772652193549751942e+01,2.358954765822504123e+04
1.328546449768809268e+01,1.103225806451612812e+02,7.599883784760844719e+03,2.772652046552120453e+01,2.362950098247799542e+04
1.331979410005460984e+01,1.102975743935984099e+02,7.599883380436177504e+03,2.772651899043072987e+01,2.366952139690769400e+04
1.335412370424753092e+01,1.102725681420355102e+02,7.599882974704833941e+03,2.772651751020830702e+01,2.370960901173204911e+04
1.338845331027319041e+01,1.102475618904726105e+02,7.599882567561921860e+03,2.772651602483608357e+01,2.374976393735946840e+04
1.342278291813794411e+01,1.102225556389097392e+02,7.599882159002528169e+03,2.772651453429613255e+01,2.378998628438904052e+04
1.345711252784823131e+01,1.101975493873468395e+02,7.599881749021725227e+03,2.772651303857048077e+01,2.383027616361114997e+04
1.349144213941045223e+01,1.101725431357839398e+02,7.599881337614569929e+03,2.772651153764109466e+01,2.387063368600748072e+04
1.352577175283103017e+01,1.101475368842210543e+02,7.599880924776097345e+03,2.772651003148985893e+01,2.391105896275134000e+04
1.356010136811647193e+01,1.101225306326581688e+02,7.599880510501329809e+03,2.772650852009861211e+01,2.395155210520816763e+04
1.359443098527322569e+01,1.100975243810952833e+02,7.599880094785269648e+03,2.772650700344912522e+01,2.399211322493560510e+04
1.362876060430784086e+01,1.100725181295323836e+02,7.599879677622901909e+03,2.772650548152309824e+01,2.403274243368391399e+04
1.366309022522683136e+01,1.100475118779694839e+02,7.599879259009197085e+03,2.772650395430218495e+01,2.407343984339629606e+04
1.369741984803673240e+01,1.100225056264066126e+02,7.599878838939103844e+03,2.772650242176795743e+01,2.411420556620906427e+04
1.373174947274416446e+01,1.099974993748437129e+02,7.599878417407556299e+03,2.772650088390193091e+01,2.415503971445212301e+04
1.376607909935570717e+01,1.099724931232808132e+02,7.599877994409468556e+03,2.772649934068554956e+01,2.419594240064911719e+04
1.380040872787796680e+01,1.099474868717179277e+02,7.599877569939741079e+03,2.772649779210021492e+01,2.423691373751793071e+04
1.383473835831763132e+01,1.099224806201550422e+02,7.599877143993251593e+03,2.772649623812723263e+01,2.427795383797078466e+04
1.386906799068135143e+01,1.098974743685921425e+02,7.599876716564864182e+03,2.772649467874786922e+01,2.431906281511461930e+04
1.390339762497580089e+01,1.098724681170292570e+02,7.599876287649422920e+03,2.772649311394331662e+01,2.436024078225152334e+04
1.393772726120773875e+01,1.098474618654663715e+02,7.599875857241753693e+03,2.772649154369469215e+01,2.440148785287889041e+04
1.397205689938388318e+01,1.098224556139034718e+02,7.599875425336665103e+03,2.772648996798305987e+01,2.444280414068978644e+04
1.400638653951098078e+01,1.097974493623405863e+02,7.599874991928947566e+03,2.772648838678941630e+01,2.448418975957328075e+04
1.404071618159585810e+01,1.097724431107776866e+02,7.599874557013374215e+03,2.772648680009468691e+01,2.452564482361482806e+04
1.407504582564528661e+01,1.097474368592148153e+02,7.599874120584698176e+03,2.772648520787972970e+01,2.456716944709633026e+04
1.410937547166614259e+01,1.097224306076519156e+02,7.599873682637655293e+03,2.772648361012534579e+01,2.460876374449688228e+04
1.414370511966526323e+01,1.096974243560890159e+02,7.599873243166965040e+03,2.772648200681226527e+01,2.465042783049266654e+04
1.417803476964951237e+01,1.096724181045261304e+02,7.599872802167324153e+03,2.772648039792114005e+01,2.469216181995747684e+04
1.421236442162583558e+01,1.096474118529632449e+02,7.599872359633415726e+03,2.772647878343257588e+01,2.473396582796306757e+04
1.424669407560112511e+01,1.096224056014003594e+02,7.599871915559899207e+03,2.772647716332708612e+01,2.477583996977937932e+04
1.428102373158237448e+01,1.095973993498374597e+02,7.599871469941421310e+03,2.772647553758513794e+01,2.481778436087499722e+04
1.431535338957654346e+01,1.095723930982745600e+02,7.599871022772605102e+03,2.772647390618712393e+01,2.485979911691727830e+04
1.434968304959061491e+01,1.095473868467116887e+02,7.599870574048057279e+03,2.772647226911335849e+01,2.490188435377278438e+04
1.438401271163165696e+01,1.095223805951487890e+02,7.599870123762366347e+03,2.772647062634410275e+01,2.494404018750777686e+04
1.441834237570670219e+01,1.094973743435858893e+02,7.599869671910098987e+03,2.772646897785953612e+01,2.498626673438823491e+04
1.445267204182280629e+01,1.094723680920230038e+02,7.599869218485807323e+03,2.772646732363977762e+01,2.502856411088032837e+04
1.448700170998711023e+01,1.094473618404601183e+02,7.599868763484020747e+03,2.772646566366487519e+01,2.507093243365085800e+04
1.452133138020672121e+01,1.094223555888972186e+02,7.599868306899253184e+03,2.772646399791481286e+01,2.511337181956745189e+04
1.455566105248876951e+01,1.093973493373343331e+02,7.599867848725994918e+03,2.772646232636948582e+01,2.515588238569880559e+04
1.458999072684047071e+01,1.093723430857714476e+02,7.599867388958720767e+03,2.772646064900873952e+01,2.519846424931532965e+04
1.462432040326900662e+01,1.093473368342085479e+02,7.599866927591885542e+03,2.772645896581234126e+01,2.524111752788921149e+04
1.465865008178158213e+01,1.093223305826456624e+02,7.599866464619924045e+03,2.772645727675999083e+01,2.528384233909478280e+04
1.469297976238548742e+01,1.092973243310827627e+02,7.599866000037251069e+03,2.772645558183131342e+01,2.532663880080907620e+04
1.472730944508795936e+01,1.092723180795198914e+02,7.599865533838264128e+03,2.772645388100586317e+01,2.536950703111181792e+04
1.476163912989633786e+01,1.092473118279569917e+02,7.599865066017339814e+03,2.772645217426313025e+01,2.541244714828609722e+04
1.479596881681793086e+01,1.092223055763940920e+02,7.599864596568835623e+03,2.772645046158252313e+01,2.545545927081846094e+04
1.483029850586007115e+01,1.091972993248312065e+02,7.599864125487089041e+03,2.772644874294338990e+01,2.549854351739941194e+04
1.486462819703017679e+01,1.091722930732683210e+02,7.599863652766417545e+03,2.772644701832499337e+01,2.554170000692370377e+04
1.489895789033560902e+01,1.091472868217054355e+02,7.599863178401118603e+03,2.772644528770653594e+01,2.558492885849062804e+04
1.493328758578383919e+01,1.091222805701425358e+02,7.599862702385471493e+03,2.772644355106713832e+01,2.562823019140446559e+04
1.496761728338230135e+01,1.090972743185796361e+02,7.599862224713736396e+03,2.772644180838586792e+01,2.567160412517477744e+04
1.500194698313845798e+01,1.090722680670167648e+02,7.599861745380148022e+03,2.772644005964168556e+01,2.571505077951669227e+04
1.503627668505985504e+01,1.090472618154538651e+02,7.599861264378928354e+03,2.772643830481351657e+01,2.575857027435141208e+04
1.507060638915400652e+01,1.090222555638909654e+02,7.599860781704273904e+03,2.772643654388018319e+01,2.580216272980642316e+04
1.510493609542845128e+01,1.089972493123280941e+02,7.599860297350362089e+03,2.772643477682044377e+01,2.584582826621579443e+04
1.513926580389081522e+01,1.089722430607651944e+02,7.599859811311353042e+03,2.772643300361299623e+01,2.588956700412082137e+04
1.517359551454869049e+01,1.089472368092022947e+02,7.599859323581381432e+03,2.772643122423643902e+01,2.593337906427001144e+04
1.520792522740969588e+01,1.089222305576394092e+02,7.599858834154567376e+03,2.772642943866932441e+01,2.597726456761971713e+04
1.524225494248153545e+01,1.088972243060765237e+02,7.599858343025005524e+03,2.772642764689010164e+01,2.602122363533435419e+04
1.527658465977188129e+01,1.088722180545136240e+02,7.599857850186773248e+03,2.772642584887717021e+01,2.606525638878674363e+04
1.531091437928843391e+01,1.088472118029507385e+02,7.599857355633925181e+03,2.772642404460883370e+01,2.610936294955851190e+04
1.534524410103897729e+01,1.088222055513878388e+02,7.599856859360495946e+03,2.772642223406333528e+01,2.615354343944060020e+04
1.537957382503124393e+01,1.087971992998249675e+02,7.599856361360500159e+03,2.772642041721883288e+01,2.619779798043327173e+04
1.541390355127307288e+01,1.087721930482620678e+02,7.599855861627931517e+03,2.772641859405341336e+01,2.624212669474682116e+04
1.544823327977227123e+01,1.087471867966991681e+02,7.599855360156761890e+03,2.772641676454508897e+01,2.628652970480174190e+04
1.548256301053667272e+01,1.087221805451362826e+02,7.599854856940943137e+03,2.772641492867179380e+01,2.633100713322905722e+04
1.551689274357419990e+01,1.086971742935733971e+02,7.599854351974404381e+03,2.772641308641137670e+01,2.637555910287090592e+04
1.555122247889271847e+01,1.086721680420105116e+02,7.599853845251056555e+03,2.772641123774162253e+01,2.642018573678062603e+04
1.558555221650020606e+01,1.086471617904476119e+02,7.599853336764786945e+03,2.772640938264023447e+01,2.646488715822340964e+04
1.561988195640460653e+01,1.086221555388847122e+02,7.599852826509461920e+03,2.772640752108483397e+01,2.650966349067640476e+04
1.565421169861389217e+01,1.085971492873218409e+02,7.599852314478927838e+03,2.772640565305296789e+01,2.655451485782919190e+04
1.568854144313612053e+01,1.085721430357589412e+02,7.599851800667008320e+03,2.772640377852210491e+01,2.659944138358422424e+04
1.572287118997931898e+01,1.085471367841960415e+02,7.599851285067506069e+03,2.772640189746963912e+01,2.664444319205711508e+04
1.575720093915154330e+01,1.085221305326331702e+02,7.599850767674201961e+03,2.772640000987287578e+01,2.668952040757692885e+04
1.579153069066093629e+01,1.084971242810702705e+02,7.599850248480855043e+03,2.772639811570904556e+01,2.673467315468682136e+04
1.582586044451561058e+01,1.084721180295073708e+02,7.599849727481203445e+03,2.772639621495531159e+01,2.677990155814407990e+04
1.586019020072370367e+01,1.084471117779444853e+02,7.599849204668962557e+03,2.772639430758873758e+01,2.682520574292069796e+04
1.589451995929344541e+01,1.084221055263815998e+02,7.599848680037826853e+03,2.772639239358631968e+01,2.687058583420379364e+04
1.592884972023303192e+01,1.083970992748187001e+02,7.599848153581468978e+03,2.772639047292497949e+01,2.691604195739583520e+04
1.596317948355068772e+01,1.083720930232558146e+02,7.599847625293538840e+03,2.772638854558154620e+01,2.696157423811502667e+04
1.599750924925472795e+01,1.083470867716929149e+02,7.599847095167662701e+03,2.772638661153276729e+01,2.700718280219581357e+04
1.603183901735341266e+01,1.083220805201300436e+02,7.599846563197447722e+03,2.772638467075531921e+01,2.705286777568917387e+04
1.606616878785511560e+01,1.082970742685671439e+02,7.599846029376478327e+03,2.772638272322580022e+01,2.709862928486304736e+04
1.610049856076817676e+01,1.082720680170042442e+02,7.599845493698313476e+03,2.772638076892070558e+01,2.714446745620259389e+04
1.613482833610096634e+01,1.082470617654413587e+02,7.599844956156493936e+03,2.772637880781647013e+01,2.719038241641068817e+04
1.616915811386194335e+01,1.082220555138784732e+02,7.599844416744535920e+03,2.772637683988944346e+01,2.723637429240841084e+04
1.620348789405953482e+01,1.081970492623155735e+02,7.599843875455931993e+03,2.772637486511588634e+01,2.728244321133508129e+04
1.623781767670219978e+01,1.081720430107526880e+02,7.599843332284154712e+03,2.772637288347197781e+01,2.732858930054904340e+04
1.627214746179848248e+01,1.081470367591898025e+02,7.599842787222652078e+03,2.772637089493381879e+01,2.737481268762776017e+04
1.630647724935688103e+01,1.081220305076269170e+02,7.599842240264848442e+03,2.772636889947741778e+01,2.742111350036835574e+04
1.634080703938600010e+01,1.080970242560640173e+02,7.599841691404149969e+03,2.772636689707872293e+01,2.746749186678797560e+04
1.637513683189441949e+01,1.080720180045011176e+02,7.599841140633932810e+03,2.772636488771356156e+01,2.751394791512406300e+04
1.640946662689074032e+01,1.080470117529382463e+02,7.599840587947554923e+03,2.772636287135770772e+01,2.756048177383490838e+04
1.644379642438366318e+01,1.080220055013753466e+02,7.599840033338351532e+03,2.772636084798684308e+01,2.760709357160002401e+04
1.647812622438185315e+01,1.079969992498124469e+02,7.599839476799631484e+03,2.772635881757655696e+01,2.765378343732035864e+04
1.651245602689400371e+01,1.079719929982495614e+02,7.599838918324682709e+03,2.772635678010236049e+01,2.770055150011888691e+04
1.654678583192890429e+01,1.079469867466866759e+02,7.599838357906768579e+03,2.772635473553967955e+01,2.774739788934099488e+04
1.658111563949530876e+01,1.079219804951237762e+02,7.599837795539130639e+03,2.772635268386385476e+01,2.779432273455468749e+04
1.661544544960201009e+01,1.078969742435608907e+02,7.599837231214984968e+03,2.772635062505014147e+01,2.784132616555117420e+04
1.664977526225788296e+01,1.078719679919979910e+02,7.599836664927524907e+03,2.772634855907369911e+01,2.788840831234519283e+04
1.668410507747175586e+01,1.078469617404351197e+02,7.599836096669920153e+03,2.772634648590961604e+01,2.793556930517538785e+04
1.671843489525257098e+01,1.078219554888722200e+02,7.599835526435316751e+03,2.772634440553288115e+01,2.798280927450479430e+04
1.675276471560923497e+01,1.077969492373093203e+02,7.599834954216838014e+03,2.772634231791841231e+01,2.803012835102114695e+04
1.678709453855069356e+01,1.077719429857464490e+02,7.599834380007579966e+03,2.772634022304101720e+01,2.807752666563722596e+04
1.682142436408598130e+01,1.077469367341835493e+02,7.599833803800617716e+03,2.772633812087543248e+01,2.812500434949148621e+04
1.685575419222409721e+01,1.077219304826206496e+02,7.599833225589000904e+03,2.772633601139630599e+01,2.817256153394827561e+04
1.689008402297408296e+01,1.076969242310577641e+02,7.599832645365756434e+03,2.772633389457818964e+01,2.822019835059816978e+04
1.692441385634506190e+01,1.076719179794948786e+02,7.599832063123883927e+03,2.772633177039555008e+01,2.826791493125863417e+04
1.695874369234611478e+01,1.076469117279319931e+02,7.599831478856362992e+03,2.772632963882277579e+01,2.831571140797419866e+04
1.699307353098642892e+01,1.076219054763690934e+02,7.599830892556145045e+03,2.772632749983414868e+01,2.836358791301700330e+04
1.702740337227517031e+01,1.075968992248061937e+02,7.599830304216158765e+03,2.772632535340386895e+01,2.841154457888706020e+04
1.706173321622153338e+01,1.075718929732433224e+02,7.599829713829308275e+03,2.772632319950605151e+01,2.845958153831278105e+04
1.709606306283480492e+01,1.075468867216804227e+02,7.599829121388470412e+03,2.772632103811470827e+01,2.850769892425140642e+04
1.713039291212423976e+01,1.075218804701175230e+02,7.599828526886502004e+03,2.772631886920378008e+01,2.855589686988938411e+04
1.716472276409913178e+01,1.074968742185546375e+02,7.599827930316232596e+03,2.772631669274710831e+01,2.860417550864264558e+04
1.719905261876886371e+01,1.074718679669917520e+02,7.599827331670463536e+03,2.772631450871842418e+01,2.865253497415720631e+04
1.723338247614279339e+01,1.074468617154288523e+02,7.599826730941977985e+03,2.772631231709140565e+01,2.870097540030952587e+04
1.726771233623030710e+01,1.074218554638659668e+02,7.599826128123527269e+03,2.772631011783960275e+01,2.874949692120677355e+04
1.730204219904088703e+01,1.073968492123030671e+02,7.599825523207841798e+03,2.772630791093649805e+01,2.879809967118756322e+04
1.733637206458398339e+01,1.073718429607401816e+02,7.599824916187625604e+03,2.772630569635546749e+01,2.884678378482205881e+04
1.737070193286908903e+01,1.073468367091772961e+02,7.599824307055556346e+03,2.772630347406980533e+01,2.889554939691246909e+04
1.740503180390578208e+01,1.073218304576143964e+02,7.599823695804288036e+03,2.772630124405270280e+01,2.894439664249361886e+04
1.743936167770359447e+01,1.072968242060515252e+02,7.599823082426447399e+03,2.772629900627726585e+01,2.899332565683316716e+04
1.747369155427217180e+01,1.072718179544886254e+02,7.599822466914635697e+03,2.772629676071650096e+01,2.904233657543219670e+04
1.750802143362113483e+01,1.072468117029257257e+02,7.599821849261428724e+03,2.772629450734332224e+01,2.909142953402543208e+04
1.754235131576013984e+01,1.072218054513628402e+02,7.599821229459378628e+03,2.772629224613055854e+01,2.914060466858186919e+04
1.757668120069893192e+01,1.071967991997999547e+02,7.599820607501006634e+03,2.772628997705092146e+01,2.918986211530504079e+04
1.761101108844721352e+01,1.071717929482370693e+02,7.599819983378813959e+03,2.772628770007705867e+01,2.923920201063359127e+04
1.764534097901479726e+01,1.071467866966741695e+02,7.599819357085270894e+03,2.772628541518149703e+01,2.928862449124156774e+04
1.767967087241147439e+01,1.071217804451112698e+02,7.599818728612823179e+03,2.772628312233667458e+01,2.933812969403886746e+04
1.771400076864706463e+01,1.070967741935483986e+02,7.599818097953891993e+03,2.772628082151494411e+01,2.938771775617167441e+04
1.774833066773148715e+01,1.070717679419854989e+02,7.599817465100869413e+03,2.772627851268854826e+01,2.943738881502305958e+04
1.778266056967463271e+01,1.070467616904225991e+02,7.599816830046122959e+03,2.772627619582964442e+01,2.948714300821306824e+04
1.781699047448643114e+01,1.070217554388597136e+02,7.599816192781993777e+03,2.772627387091028694e+01,2.953698047359940756e+04
1.785132038217689754e+01,1.069967491872968282e+02,7.599815553300792089e+03,2.772627153790242360e+01,2.958690134927778490e+04
1.788565029275603280e+01,1.069717429357339284e+02,7.599814911594809018e+03,2.772626919677793111e+01,2.963690577358238079e+04
1.791998020623386267e+01,1.069467366841710430e+02,7.599814267656302945e+03,2.772626684750856185e+01,2.968699388508618358e+04
1.795431012262051595e+01,1.069217304326081432e+02,7.599813621477504967e+03,2.772626449006597937e+01,2.973716582260160067e+04
1.798864004192608945e+01,1.068967241810452578e+02,7.599812973050624350e+03,2.772626212442175486e+01,2.978742172518072766e+04
1.802296996416072261e+01,1.068717179294823723e+02,7.599812322367838533e+03,2.772625975054735292e+01,2.983776173211571586e+04
1.805729988933464369e+01,1.068467116779194725e+02,7.599811669421299484e+03,2.772625736841414223e+01,2.988818598293962350e+04
1.809162981745803833e+01,1.068217054263566013e+02,7.599811014203131890e+03,2.772625497799338490e+01,2.993869461742623753e+04
1.812595974854120939e+01,1.067966991747937016e+02,7.599810356705432241e+03,2.772625257925625419e+01,2.998928777559108494e+04
1.816028968259443488e+01,1.067716929232308019e+02,7.599809696920271563e+03,2.772625017217382037e+01,3.003996559769148007e+04
1.819461961962802832e+01,1.067466866716679164e+02,7.599809034839690867e+03,2.772624775671704711e+01,3.009072822422710306e+04
1.822894955965239916e+01,1.067216804201050309e+02,7.599808370455703880e+03,2.772624533285679505e+01,3.014157579594048730e+04
1.826327950267791422e+01,1.066966741685421454e+02,7.599807703760298864e+03,2.772624290056383956e+01,3.019250845381736872e+04
1.829760944871505401e+01,1.066716679169792457e+02,7.599807034745433157e+03,2.772624045980883878e+01,3.024352633908724238e+04
1.833193939777427772e+01,1.066466616654163460e+02,7.599806363403037722e+03,2.772623801056235138e+01,3.029462959322368260e+04
1.836626934986607651e+01,1.066216554138534747e+02,7.599805689725015327e+03,2.772623555279483654e+01,3.034581835794475774e+04
1.840059930500104457e+01,1.065966491622905750e+02,7.599805013703240547e+03,2.772623308647665397e+01,3.039709277521375407e+04
1.843492926318974767e+01,1.065716429107276753e+02,7.599804335329558853e+03,2.772623061157804969e+01,3.044845298723919768e+04
1.846925922444279067e+01,1.065466366591647898e+02,7.599803654595790249e+03,2.772622812806918091e+01,3.049989913647566209e+04
1.850358918877087788e+01,1.065216304076019043e+02,7.599802971493721088e+03,2.772622563592008760e+01,3.055143136562404834e+04
1.853791915618468522e+01,1.064966241560390046e+02,7.599802286015114078e+03,2.772622313510071024e+01,3.060304981763208343e+04
1.857224912669492767e+01,1.064716179044761191e+02,7.599801598151701910e+03,2.772622062558089340e+01,3.065475463569467684e+04
1.860657910031241968e+01,1.064466116529132336e+02,7.599800907895186356e+03,2.772621810733035730e+01,3.070654596325450620e+04
1.864090907704795441e+01,1.064216054013503339e+02,7.599800215237241900e+03,2.772621558031873334e+01,3.075842394400234480e+04
1.867523905691235697e+01,1.063965991497874484e+02,7.599799520169515745e+03,2.772621304451554280e+01,3.081038872187765446e+04
1.870956903991655551e+01,1.063715928982245487e+02,7.599798822683622348e+03,2.772621049989020037e+01,3.086244044106893125e+04
1.874389902607143199e+01,1.063465866466616774e+02,7.599798122771150702e+03,2.772620794641201059e+01,3.091457924601411287e+04
1.877822901538798916e+01,1.063215803950987777e+02,7.599797420423658878e+03,2.772620538405018564e+01,3.096680528140120077e+04
1.881255900787720847e+01,1.062965741435358780e+02,7.599796715632674932e+03,2.772620281277380627e+01,3.101911869216857667e+04
1.884688900355010688e+01,1.062715678919729925e+02,7.599796008389696908e+03,2.772620023255186439e+01,3.107151962350545000e+04
1.888121900241780082e+01,1.062465616404101070e+02,7.599795298686197384e+03,2.772619764335324533e+01,3.112400822085247637e+04
1.891554900449136767e+01,1.062215553888472215e+02,7.599794586513613467e+03,2.772619504514671007e+01,3.117658462990196495e+04
1.894987900978199846e+01,1.061965491372843218e+02,7.599793871863356799e+03,2.772619243790092369e+01,3.122924899659866787e+04
1.898420901830087004e+01,1.061715428857214221e+02,7.599793154726808098e+03,2.772618982158444467e+01,3.128200146713991853e+04
1.901853903005919122e+01,1.061465366341585508e+02,7.599792435095316250e+03,2.772618719616570715e+01,3.133484218797615904e+04
1.905286904506827383e+01,1.061215303825956511e+02,7.599791712960202858e+03,2.772618456161305289e+01,3.138777130581166057e+04
1.908719906333940841e+01,1.060965241310327514e+02,7.599790988312758600e+03,2.772618191789470643e+01,3.144078896760464340e+04
1.912152908488392100e+01,1.060715178794698801e+02,7.599790261144240503e+03,2.772617926497877150e+01,3.149389532056794997e+04
1.915585910971324424e+01,1.060465116279069804e+02,7.599789531445879220e+03,2.772617660283325236e+01,3.154709051216938315e+04
1.919018913783878588e+01,1.060215053763440807e+02,7.599788799208875389e+03,2.772617393142605025e+01,3.160037469013238297e+04
1.922451916927199278e+01,1.059964991247811952e+02,7.599788064424395088e+03,2.772617125072493849e+01,3.165374800243616119e+04
1.925884920402441480e+01,1.059714928732183097e+02,7.599787327083576201e+03,2.772616856069758029e+01,3.170721059731650530e+04
1.929317924210758051e+01,1.059464866216554100e+02,7.599786587177525689e+03,2.772616586131153227e+01,3.176076262326605502e+04
1.932750928353305753e+01,1.059214803700925245e+02,7.599785844697319590e+03,2.772616315253423735e+01,3.181440422903467334e+04
1.936183932831251298e+01,1.058964741185296248e+02,7.599785099634002108e+03,2.772616043433302480e+01,3.186813556363034149e+04
1.939616937645757844e+01,1.058714678669667535e+02,7.599784351978586528e+03,2.772615770667510660e+01,3.192195677631903163e+04
1.943049942798000274e+01,1.058464616154038538e+02,7.599783601722056119e+03,2.772615496952758818e+01,3.197586801662573271e+04
1.946482948289151693e+01,1.058214553638409541e+02,7.599782848855360498e+03,2.772615222285745062e+01,3.202986943433454144e+04
1.949915954120389117e+01,1.057964491122780686e+02,7.599782093369420181e+03,2.772614946663156843e+01,3.208396117948926621e+04
1.953348960292899861e+01,1.057714428607151831e+02,7.599781335255122031e+03,2.772614670081669530e+01,3.213814340239402009e+04
1.956781966807869111e+01,1.057464366091522834e+02,7.599780574503322896e+03,2.772614392537947481e+01,3.219241625361352999e+04
1.960214973666486671e+01,1.057214303575893979e+02,7.599779811104847795e+03,2.772614114028643328e+01,3.224677988397356239e+04
1.963647980869951937e+01,1.056964241060264982e+02,7.599779045050487184e+03,2.772613834550397272e+01,3.230123444456168727e+04
1.967080988419460752e+01,1.056714178544636269e+02,7.599778276331003326e+03,2.772613554099838851e+01,3.235578008672742726e+04
1.970513996316221395e+01,1.056464116029007272e+02,7.599777504937123922e+03,2.772613272673585882e+01,3.241041696208301437e+04
1.973947004561439655e+01,1.056214053513378275e+02,7.599776730859543932e+03,2.772612990268243038e+01,3.246514522250357550e+04
1.977380013156325944e+01,1.055963990997749562e+02,7.599775954088927392e+03,2.772612706880404332e+01,3.251996502012783094e+04
1.980813022102100973e+01,1.055713928482120565e+02,7.599775174615906508e+03,2.772612422506652408e+01,3.257487650735866191e+04
1.984246031399983323e+01,1.055463865966491568e+02,7.599774392431078013e+03,2.772612137143556410e+01,3.262987983686319421e+04
1.987679041051196549e+01,1.055213803450862713e+02,7.599773607525010448e+03,2.772611850787675536e+01,3.268497516157379141e+04
1.991112051056973442e+01,1.054963740935233858e+02,7.599772819888233244e+03,2.772611563435554771e+01,3.274016263468810212e+04
1.994545061418545728e+01,1.054713678419604861e+02,7.599772029511250366e+03,2.772611275083729865e+01,3.279544240966985672e+04
1.997978072137149752e+01,1.054463615903976006e+02,7.599771236384524855e+03,2.772610985728721289e+01,3.285081464024900924e+04
2.001411083214031095e+01,1.054213553388347009e+02,7.599770440498494281e+03,2.772610695367040279e+01,3.290627948042274511e+04
2.004844094650432496e+01,1.053963490872718296e+02,7.599769641843556201e+03,2.772610403995183503e+01,3.296183708445534285e+04
2.008277106447609128e+01,1.053713428357089299e+02,7.599768840410080884e+03,2.772610111609638039e+01,3.301748760687928007e+04
2.011710118606813680e+01,1.053463365841460302e+02,7.599768036188399492e+03,2.772609818206876398e+01,3.307323120249517524e+04
2.015143131129304166e+01,1.053213303325831447e+02,7.599767229168813174e+03,2.772609523783360075e+01,3.312906802637257351e+04
2.018576144016348550e+01,1.052963240810202592e+02,7.599766419341586698e+03,2.772609228335537424e+01,3.318499823385055060e+04
2.022009157269213020e+01,1.052713178294573595e+02,7.599765606696955729e+03,2.772608931859846138e+01,3.324102198053787288e+04
2.025442170889168381e+01,1.052463115778944740e+02,7.599764791225115914e+03,2.772608634352709345e+01,3.329713942231365218e+04
2.028875184877495741e+01,1.052213053263315885e+02,7.599763972916232888e+03,2.772608335810538804e+01,3.335335071532797156e+04
2.032308199235472657e+01,1.051962990747687030e+02,7.599763151760435903e+03,2.772608036229734196e+01,3.340965601600211085e+04
2.035741213964389473e+01,1.051712928232058033e+02,7.599762327747822383e+03,2.772607735606682056e+01,3.346605548102930334e+04
2.039174229065534760e+01,1.051462865716429036e+02,7.599761500868452458e+03,2.772607433937756127e+01,3.352254926737501955e+04
2.042607244540201350e+01,1.051212803200800323e+02,7.599760671112352611e+03,2.772607131219318077e+01,3.357913753227754205e+04
2.046040260389693088e+01,1.050962740685171326e+02,7.599759838469516581e+03,2.772606827447717492e+01,3.363582043324866390e+04
2.049473276615312045e+01,1.050712678169542329e+02,7.599759002929899907e+03,2.772606522619289038e+01,3.369259812807372509e+04
2.052906293218364908e+01,1.050462615653913474e+02,7.599758164483427208e+03,2.772606216730357787e+01,3.374947077481258748e+04
2.056339310200168669e+01,1.050212553138284619e+02,7.599757323119982175e+03,2.772605909777232824e+01,3.380643853179986036e+04
2.059772327562039251e+01,1.049962490622655622e+02,7.599756478829420303e+03,2.772605601756212934e+01,3.386350155764546071e+04
2.063205345305296845e+01,1.049712428107026767e+02,7.599755631601557070e+03,2.772605292663582688e+01,3.392066001123509341e+04
2.066638363431272296e+01,1.049462365591397770e+02,7.599754781426174304e+03,2.772604982495614223e+01,3.397791405173092062e+04
2.070071381941295385e+01,1.049212303075768915e+02,7.599753928293017452e+03,2.772604671248566177e+01,3.403526383857181645e+04
2.073504400836700157e+01,1.048962240560140060e+02,7.599753072191796491e+03,2.772604358918684753e+01,3.409270953147395630e+04
2.076937420118831668e+01,1.048712178044511063e+02,7.599752213112186837e+03,2.772604045502202652e+01,3.415025129043151537e+04
2.080370439789031423e+01,1.048462115528882208e+02,7.599751351043824798e+03,2.772603730995339788e+01,3.420788927571682143e+04
2.083803459848653361e+01,1.048212053013253353e+02,7.599750485976315758e+03,2.772603415394303283e+01,3.426562364788124250e+04
2.087236480299050712e+01,1.047961990497624356e+02,7.599749617899225086e+03,2.772603098695286761e+01,3.432345456775537605e+04
2.090669501141580611e+01,1.047711927981995501e+02,7.599748746802080859e+03,2.772602780894469277e+01,3.438138219644960191e+04
2.094102522377611919e+01,1.047461865466366646e+02,7.599747872674378414e+03,2.772602461988018518e+01,3.443940669535489724e+04
2.097535544008509234e+01,1.047211802950737791e+02,7.599746995505573977e+03,2.772602141972087963e+01,3.449752822614291654e+04
2.100968566035650653e+01,1.046961740435108794e+02,7.599746115285089218e+03,2.772601820842818299e+01,3.455574695076688658e+04
2.104401588460412853e+01,1.046711677919479797e+02,7.599745232002305784e+03,2.772601498596336000e+01,3.461406303146183927e+04
2.107834611284177129e+01,1.046461615403851084e+02,7.599744345646570764e+03,2.772601175228754045e+01,3.467247663074515731e+04
2.111267634508335789e+01,1.046211552888222087e+02,7.599743456207194868e+03,2.772600850736172973e+01,3.473098791141735273e+04
2.114700658134279720e+01,1.045961490372593090e+02,7.599742563673448785e+03,2.772600525114678049e+01,3.478959703656219062e+04
2.118133682163405140e+01,1.045711427856964235e+02,7.599741668034568647e+03,2.772600198360342816e+01,3.484830416954748216e+04
2.121566706597118568e+01,1.045461365341335380e+02,7.599740769279752385e+03,2.772599870469226246e+01,3.490710947402557940e+04
2.124999731436825812e+01,1.045211302825706383e+02,7.599739867398158822e+03,2.772599541437373105e+01,3.496601311393368815e+04
2.128432756683937299e+01,1.044961240310077528e+02,7.599738962378910401e+03,2.772599211260814656e+01,3.502501525349458097e+04
2.131865782339874471e+01,1.044711177794448531e+02,7.599738054211092276e+03,2.772598879935569371e+01,3.508411605721713568e+04
2.135298808406058058e+01,1.044461115278819676e+02,7.599737142883750494e+03,2.772598547457640450e+01,3.514331568989667721e+04
2.138731834883913052e+01,1.044211052763190821e+02,7.599736228385892900e+03,2.772598213823018298e+01,3.520261431661555980e+04
2.142164861774875817e+01,1.043960990247561824e+02,7.599735310706490964e+03,2.772597879027678758e+01,3.526201210274395999e+04
2.145597889080379872e+01,1.043710927731933111e+02,7.599734389834475223e+03,2.772597543067583814e+01,3.532150921393986209e+04
2.149030916801871172e+01,1.043460865216304114e+02,7.599733465758739840e+03,2.772597205938681242e+01,3.538110581615014235e+04
2.152463944940795315e+01,1.043210802700675117e+02,7.599732538468138955e+03,2.772596867636905316e+01,3.544080207561064162e+04
2.155896973498602520e+01,1.042960740185046262e+02,7.599731607951488513e+03,2.772596528158175033e+01,3.550059815884688578e+04
2.159330002476754373e+01,1.042710677669417407e+02,7.599730674197565349e+03,2.772596187498396958e+01,3.556049423267484235e+04
2.162763031876708908e+01,1.042460615153788552e+02,7.599729737195107191e+03,2.772595845653461311e+01,3.562049046420087689e+04
2.166196061699938014e+01,1.042210552638159555e+02,7.599728796932814475e+03,2.772595502619245877e+01,3.568058702082282252e+04
2.169629091947912514e+01,1.041960490122530558e+02,7.599727853399343985e+03,2.772595158391612813e+01,3.574078407023024920e+04
2.173062122622107850e+01,1.041710427606901845e+02,7.599726906583316122e+03,2.772594812966410061e+01,3.580108178040498024e+04
2.176495153724011189e+01,1.041460365091272848e+02,7.599725956473313090e+03,2.772594466339472064e+01,3.586148031962176174e+04
2.179928185255108630e+01,1.041210302575643851e+02,7.599725003057874346e+03,2.772594118506617988e+01,3.592197985644870641e+04
2.183361217216891603e+01,1.040960240060014996e+02,7.599724046325501149e+03,2.772593769463652791e+01,3.598258055974767194e+04
2.186794249610862195e+01,1.040710177544386141e+02,7.599723086264652920e+03,2.772593419206365795e+01,3.604328259867511952e+04
2.190227282438522138e+01,1.040460115028757144e+02,7.599722122863753611e+03,2.772593067730533889e+01,3.610408614268243400e+04
2.193660315701378494e+01,1.040210052513128289e+02,7.599721156111179880e+03,2.772592715031916555e+01,3.616499136151637504e+04
2.197093349400949691e+01,1.039959989997499292e+02,7.599720185995272914e+03,2.772592361106260483e+01,3.622599842521987011e+04
2.200526383538752739e+01,1.039709927481870437e+02,7.599719212504332063e+03,2.772592005949296734e+01,3.628710750413234200e+04
2.203959418116310687e+01,1.039459864966241582e+02,7.599718235626617570e+03,2.772591649556742510e+01,3.634831876889034174e+04
2.207392453135157240e+01,1.039209802450612585e+02,7.599717255350345113e+03,2.772591291924298318e+01,3.640963239042802161e+04
2.210825488596823973e+01,1.038959739934983872e+02,7.599716271663693078e+03,2.772590933047651518e+01,3.647104853997770260e+04
2.214258524502855607e+01,1.038709677419354875e+02,7.599715284554796199e+03,2.772590572922473129e+01,3.653256738907039835e+04
2.217691560854795796e+01,1.038459614903725878e+02,7.599714294011750098e+03,2.772590211544420313e+01,3.659418910953643353e+04
2.221124597654194233e+01,1.038209552388097023e+02,7.599713300022606745e+03,2.772589848909133892e+01,3.665591387350574951e+04
2.224557634902611980e+01,1.037959489872468168e+02,7.599712302575377180e+03,2.772589485012240118e+01,3.671774185340882832e+04
2.227990672601606903e+01,1.037709427356839313e+02,7.599711301658032426e+03,2.772589119849350681e+01,3.677967322197678004e+04
2.231423710752751077e+01,1.037459364841210316e+02,7.599710297258499850e+03,2.772588753416060570e+01,3.684170815224236867e+04
2.234856749357615513e+01,1.037209302325581319e+02,7.599709289364665892e+03,2.772588385707950565e+01,3.690384681754013582e+04
2.238289788417776549e+01,1.036959239809952606e+02,7.599708277964374247e+03,2.772588016720586168e+01,3.696608939150705555e+04
2.241722827934822604e+01,1.036709177294323609e+02,7.599707263045425861e+03,2.772587646449516185e+01,3.702843604808331293e+04
2.245155867910341030e+01,1.036459114778694612e+02,7.599706244595578937e+03,2.772587274890275211e+01,3.709088696151253680e+04
2.248588908345925219e+01,1.036209052263065757e+02,7.599705222602553476e+03,2.772586902038382206e+01,3.715344230634243286e+04
2.252021949243179577e+01,1.035958989747436902e+02,7.599704197054019460e+03,2.772586527889339791e+01,3.721610225742558396e+04
2.255454990603708509e+01,1.035708927231807905e+02,7.599703167937609578e+03,2.772586152438635310e+01,3.727886698991952289e+04
2.258888032429122106e+01,1.035458864716179050e+02,7.599702135240910138e+03,2.772585775681740472e+01,3.734173667928764917e+04
2.262321074721041470e+01,1.035208802200550195e+02,7.599701098951469248e+03,2.772585397614112068e+01,3.740471150129980379e+04
2.265754117481088059e+01,1.034958739684921198e+02,7.599700059056784994e+03,2.772585018231189125e+01,3.746779163203242933e+04
2.269187160710888307e+01,1.034708677169292343e+02,7.599699015544316353e+03,2.772584637528396101e+01,3.753097724786953768e+04
2.272620204412080724e+01,1.034458614653663346e+02,7.599697968401477738e+03,2.772584255501142181e+01,3.759426852550304466e+04
2.276053248586303468e+01,1.034208552138034491e+02,7.599696917615639904e+03,2.772583872144818784e+01,3.765766564193337399e+04
2.279486293235200378e+01,1.033958489622405637e+02,7.599695863174128135e+03,2.772583487454802764e+01,3.772116877446998114e+04
2.282919338360426664e+01,1.033708427106776639e+02,7.599694805064225875e+03,2.772583101426454277e+01,3.778477810073197907e+04
2.286352383963635759e+01,1.033458364591147784e+02,7.599693743273172004e+03,2.772582714055117847e+01,3.784849379864850198e+04
2.289785430046494952e+01,1.033208302075518930e+02,7.599692677788159017e+03,2.772582325336120945e+01,3.791231604645970219e+04
2.293218476610668688e+01,1.032958239559890075e+02,7.599691608596336664e+03,2.772581935264775410e+01,3.797624502271664096e+04
2.296651523657835980e+01,1.032708177044261078e+02,7.599690535684809220e+03,2.772581543836376383e+01,3.804028090628247446e+04
2.300084571189675131e+01,1.032458114528632080e+02,7.599689459040638212e+03,2.772581151046203729e+01,3.810442387633257749e+04
2.303517619207870126e+01,1.032208052013003368e+02,7.599688378650836057e+03,2.772580756889519193e+01,3.816867411235527834e+04
2.306950667714117387e+01,1.031957989497374371e+02,7.599687294502372424e+03,2.772580361361568535e+01,3.823303179415248451e+04
2.310383716710112978e+01,1.031707926981745373e+02,7.599686206582173327e+03,2.772579964457582946e+01,3.829749710184012656e+04
2.313816766197559005e+01,1.031457864466116519e+02,7.599685114877116575e+03,2.772579566172774079e+01,3.836207021584863833e+04
2.317249816178169297e+01,1.031207801950487664e+02,7.599684019374034506e+03,2.772579166502338310e+01,3.842675131692370633e+04
2.320682866653657683e+01,1.030957739434858667e+02,7.599682920059714888e+03,2.772578765441456028e+01,3.849154058612688095e+04
2.324115917625744032e+01,1.030707676919229812e+02,7.599681816920899109e+03,2.772578362985289147e+01,3.855643820483572199e+04
2.327548969096159936e+01,1.030457614403600957e+02,7.599680709944283080e+03,2.772577959128984659e+01,3.862144435474491911e+04
2.330982021066637344e+01,1.030207551887971960e+02,7.599679599116514510e+03,2.772577553867671085e+01,3.868655921786637919e+04
2.334415073538913887e+01,1.029957489372343105e+02,7.599678484424196540e+03,2.772577147196460956e+01,3.875178297653001209e+04
2.337848126514739988e+01,1.029707426856714108e+02,7.599677365853885021e+03,2.772576739110449040e+01,3.881711581338441465e+04
2.341281179995865358e+01,1.029457364341085253e+02,7.599676243392089418e+03,2.772576329604714118e+01,3.888255791139716166e+04
2.344714233984045748e+01,1.029207301825456398e+02,7.599675117025270993e+03,2.772575918674316853e+01,3.894810945385548985e+04
2.348147288481049699e+01,1.028957239309827401e+02,7.599673986739844622e+03,2.772575506314300497e+01,3.901377062436695269e+04
2.351580343488643621e+01,1.028707176794198546e+02,7.599672852522180619e+03,2.772575092519693030e+01,3.907954160685980605e+04
2.355013399008607777e+01,1.028457114278569691e+02,7.599671714358595636e+03,2.772574677285502176e+01,3.914542258558384492e+04
2.358446455042721013e+01,1.028207051762940836e+02,7.599670572235365398e+03,2.772574260606721097e+01,3.921141374511067261e+04
2.361879511592776026e+01,1.027956989247311839e+02,7.599669426138714698e+03,2.772573842478324124e+01,3.927751527033442107e+04
2.365312568660565873e+01,1.027706926731682842e+02,7.599668276054818307e+03,2.772573422895267470e+01,3.934372734647230391e+04
2.368745626247890357e+01,1.027456864216054129e+02,7.599667121969808250e+03,2.772573001852491714e+01,3.941005015906519839e+04
2.372178684356560652e+01,1.027206801700425132e+02,7.599665963869763800e+03,2.772572579344917898e+01,3.947648389397820574e+04
2.375611742988388642e+01,1.026956739184796135e+02,7.599664801740717849e+03,2.772572155367450719e+01,3.954302873740118957e+04
2.379044802145192605e+01,1.026706676669167422e+02,7.599663635568654172e+03,2.772571729914976757e+01,3.960968487584935792e+04
2.382477861828803256e+01,1.026456614153538425e+02,7.599662465339507435e+03,2.772571302982364116e+01,3.967645249616396177e+04
2.385910922041051307e+01,1.026206551637909428e+02,7.599661291039164098e+03,2.772570874564464560e+01,3.974333178551270976e+04
2.389343982783774223e+01,1.025956489122280573e+02,7.599660112653461510e+03,2.772570444656110311e+01,3.981032293139029207e+04
2.392777044058821545e+01,1.025706426606651718e+02,7.599658930168186089e+03,2.772570013252116183e+01,3.987742612161920260e+04
2.396210105868043527e+01,1.025456364091022721e+02,7.599657743569078775e+03,2.772569580347280294e+01,3.994464154435012460e+04
2.399643168213296462e+01,1.025206301575393866e+02,7.599656552841825032e+03,2.772569145936379797e+01,4.001196938806243270e+04
2.403076231096449789e+01,1.024956239059764869e+02,7.599655357972067577e+03,2.772568710014177285e+01,4.007940984156515333e+04
2.406509294519372588e+01,1.024706176544136014e+02,7.599654158945391828e+03,2.772568272575413673e+01,4.014696309399706661e+04
2.409942358483941049e+01,1.024456114028507159e+02,7.599652955747337728e+03,2.772567833614813537e+01,4.021462933482739027e+04
2.413375422992043795e+01,1.024206051512878162e+02,7.599651748363395200e+03,2.772567393127083335e+01,4.028240875385688560e+04
2.416808488045567671e+01,1.023955988997249307e+02,7.599650536779001413e+03,2.772566951106909983e+01,4.035030154121760279e+04
2.420241553646414445e+01,1.023705926481620452e+02,7.599649320979544427e+03,2.772566507548962278e+01,4.041830788737412513e+04
2.423674619796484464e+01,1.023455863965991597e+02,7.599648100950358639e+03,2.772566062447890545e+01,4.048642798312367086e+04
2.427107686497692640e+01,1.023205801450362600e+02,7.599646876676732973e+03,2.772565615798326988e+01,4.055466201959719911e+04
2.430540753751954597e+01,1.022955738934733603e+02,7.599645648143899052e+03,2.772565167594884628e+01,4.062301018825946085e+04
2.433973821561192352e+01,1.022705676419104890e+02,7.599644415337041210e+03,2.772564717832157299e+01,4.069147268090983562e+04
2.437406889927341069e+01,1.022455613903475893e+02,7.599643178241291025e+03,2.772564266504721076e+01,4.076004968968303729e+04
2.440839958852336267e+01,1.022205551387846896e+02,7.599641936841726420e+03,2.772563813607132133e+01,4.082874140704944875e+04
2.444273028338120568e+01,1.021955488872218183e+02,7.599640691123378929e+03,2.772563359133929239e+01,4.089754802581585682e+04
2.447706098386649032e+01,1.021705426356589186e+02,7.599639441071221881e+03,2.772562903079630203e+01,4.096646973912606336e+04
2.451139168999877427e+01,1.021455363840960189e+02,7.599638186670177674e+03,2.772562445438734358e+01,4.103550674046119093e+04
2.454572240179768627e+01,1.021205301325331334e+02,7.599636927905120501e+03,2.772561986205723628e+01,4.110465922364071594e+04
2.458005311928298298e+01,1.020955238809702479e+02,7.599635664760866348e+03,2.772561525375058267e+01,4.117392738282267965e+04
2.461438384247442812e+01,1.020705176294073482e+02,7.599634397222182997e+03,2.772561062941181120e+01,4.124331141250456130e+04
2.464871457139185296e+01,1.020455113778444627e+02,7.599633125273780934e+03,2.772560598898514073e+01,4.131281150752356189e+04
2.468304530605522373e+01,1.020205051262815630e+02,7.599631848900321529e+03,2.772560133241461600e+01,4.138242786305751360e+04
2.471737604648451025e+01,1.019954988747186775e+02,7.599630568086410676e+03,2.772559665964406861e+01,4.145216067462516367e+04
2.475170679269975338e+01,1.019704926231557920e+02,7.599629282816598788e+03,2.772559197061713476e+01,4.152201013808698917e+04
2.478603754472112541e+01,1.019454863715928923e+02,7.599627993075387167e+03,2.772558726527727657e+01,4.159197644964583742e+04
2.482036830256878801e+01,1.019204801200300068e+02,7.599626698847219814e+03,2.772558254356773588e+01,4.166205980584715871e+04
2.485469906626304848e+01,1.018954738684671213e+02,7.599625400116487072e+03,2.772557780543156625e+01,4.173226040358001774e+04
2.488902983582421413e+01,1.018704676169042358e+02,7.599624096867527442e+03,2.772557305081163292e+01,4.180257844007747190e+04
2.492336061127273439e+01,1.018454613653413361e+02,7.599622789084621218e+03,2.772556827965058091e+01,4.187301411291713885e+04
2.495769139262907643e+01,1.018204551137784506e+02,7.599621476751995942e+03,2.772556349189087044e+01,4.194356762002190953e+04
2.499202217991377140e+01,1.017954488622155651e+02,7.599620159853824589e+03,2.772555868747475927e+01,4.201423915966036293e+04
2.502635297314748897e+01,1.017704426106526654e+02,7.599618838374224651e+03,2.772555386634430263e+01,4.208502893044775556e+04
2.506068377235090594e+01,1.017454363590897657e+02,7.599617512297257235e+03,2.772554902844135327e+01,4.215593713134602876e+04
2.509501457754477372e+01,1.017204301075268944e+02,7.599616181606931605e+03,2.772554417370757207e+01,4.222696396166495833e+04
2.512934538874997514e+01,1.016954238559639947e+02,7.599614846287196087e+03,2.772553930208439610e+01,4.229810962106241641e+04
2.516367620598740373e+01,1.016704176044010950e+02,7.599613506321947170e+03,2.772553441351307768e+01,4.236937430954508454e+04
2.519800702927802760e+01,1.016454113528382095e+02,7.599612161695024952e+03,2.772552950793465953e+01,4.244075822746894846e+04
2.523233785864294987e+01,1.016204051012753240e+02,7.599610812390212232e+03,2.772552458528997477e+01,4.251226157554015663e+04
2.526666869410328076e+01,1.015953988497124243e+02,7.599609458391234512e+03,2.772551964551965398e+01,4.258388455481539859e+04
2.530099953568021220e+01,1.015703925981495388e+02,7.599608099681762724e+03,2.772551468856412171e+01,4.265562736670236336e+04
2.533533038339506405e+01,1.015453863465866391e+02,7.599606736245409593e+03,2.772550971436359291e+01,4.272749021296088176e+04
2.536966123726917388e+01,1.015203800950237536e+02,7.599605368065733273e+03,2.772550472285807999e+01,4.279947329570296279e+04
2.540399209732394681e+01,1.014953738434608681e+02,7.599603995126229165e+03,2.772549971398737512e+01,4.287157681739352120e+04
2.543832296358093359e+01,1.014703675918979684e+02,7.599602617410343555e+03,2.772549468769108216e+01,4.294380098085136706e+04
2.547265383606167077e+01,1.014453613403350971e+02,7.599601234901456337e+03,2.772548964390856696e+01,4.301614598924922029e+04
2.550698471478785123e+01,1.014203550887721974e+02,7.599599847582897382e+03,2.772548458257901061e+01,4.308861204611484573e+04
2.554131559978118560e+01,1.013953488372092977e+02,7.599598455437931989e+03,2.772547950364136327e+01,4.316119935533127136e+04
2.557564649106345911e+01,1.013703425856464122e+02,7.599597058449771794e+03,2.772547440703437260e+01,4.323390812113751599e+04
2.560997738865659556e+01,1.013453363340835267e+02,7.599595656601568407e+03,2.772546929269657667e+01,4.330673854812942591e+04
2.564430829258250810e+01,1.013203300825206412e+02,7.599594249876414324e+03,2.772546416056628615e+01,4.337969084125987138e+04
2.567863920286327328e+01,1.012953238309577415e+02,7.599592838257344738e+03,2.772545901058160922e+01,4.345276520583974343e+04
2.571297011952098188e+01,1.012703175793948418e+02,7.599591421727333909e+03,2.772545384268043733e+01,4.352596184753823036e+04
2.574730104257779928e+01,1.012453113278319705e+02,7.599590000269298798e+03,2.772544865680043813e+01,4.359928097238356713e+04
2.578163197205603296e+01,1.012203050762690708e+02,7.599588573866094521e+03,2.772544345287906964e+01,4.367272278676377755e+04
2.581596290797800108e+01,1.011952988247061711e+02,7.599587142500519803e+03,2.772543823085357317e+01,4.374628749742712534e+04
2.585029385036610705e+01,1.011702925731432856e+02,7.599585706155311527e+03,2.772543299066096623e+01,4.381997531148263806e+04
2.588462479924288928e+01,1.011452863215804001e+02,7.599584264813145637e+03,2.772542773223804957e+01,4.389378643640104565e+04
2.591895575463090040e+01,1.011202800700175004e+02,7.599582818456640780e+03,2.772542245552140727e+01,4.396772108001499873e+04
2.595328671655277475e+01,1.010952738184546149e+02,7.599581367068351028e+03,2.772541716044739601e+01,4.404177945051986899e+04
2.598761768503128877e+01,1.010702675668917152e+02,7.599579910630774066e+03,2.772541184695215932e+01,4.411596175647458585e+04
2.602194866008923313e+01,1.010452613153288297e+02,7.599578449126343003e+03,2.772540651497161335e+01,4.419026820680179662e+04
2.605627964174948019e+01,1.010202550637659442e+02,7.599576982537433651e+03,2.772540116444145042e+01,4.426469901078869589e+04
2.609061063003504444e+01,1.009952488122030445e+02,7.599575510846356337e+03,2.772539579529714260e+01,4.433925437808783317e+04
2.612494162496895456e+01,1.009702425606401590e+02,7.599574034035364093e+03,2.772539040747393813e+01,4.441393451871739671e+04
2.615927262657432095e+01,1.009452363090772735e+02,7.599572552086643555e+03,2.772538500090685076e+01,4.448873964306190464e+04
2.619360363487439969e+01,1.009202300575143738e+02,7.599571064982324060e+03,2.772537957553068466e+01,4.456366996187318000e+04
2.622793464989243972e+01,1.008952238059514883e+02,7.599569572704469465e+03,2.772537413128000594e+01,4.463872568627031433e+04
2.626226567165185699e+01,1.008702175543886028e+02,7.599568075235082688e+03,2.772536866808914979e+01,4.471390702774100646e+04
2.629659670017606743e+01,1.008452113028257173e+02,7.599566572556104802e+03,2.772536318589223470e+01,4.478921419814150431e+04
2.633092773548864685e+01,1.008202050512628176e+02,7.599565064649411397e+03,2.772535768462313754e+01,4.486464740969780541e+04
2.636525877761319592e+01,1.007951987996999179e+02,7.599563551496817126e+03,2.772535216421551496e+01,4.494020687500577333e+04
2.639958982657339348e+01,1.007701925481370466e+02,7.599562033080073888e+03,2.772534662460279264e+01,4.501589280703214899e+04
2.643392088239306403e+01,1.007451862965741469e+02,7.599560509380867188e+03,2.772534106571815471e+01,4.509170541911499458e+04
2.646825194509605694e+01,1.007201800450112472e+02,7.599558980380822504e+03,2.772533548749456145e+01,4.516764492496428284e+04
2.650258301470629618e+01,1.006951737934483617e+02,7.599557446061499832e+03,2.772532988986474223e+01,4.524371153866259556e+04
2.653691409124785849e+01,1.006701675418854762e+02,7.599555906404393681e+03,2.772532427276118128e+01,4.531990547466570570e+04
2.657124517474483838e+01,1.006451612903225765e+02,7.599554361390935810e+03,2.772531863611613900e+01,4.539622694780328311e+04
2.660557626522141561e+01,1.006201550387596910e+02,7.599552811002494309e+03,2.772531297986163779e+01,4.547267617327936750e+04
2.663990736270191562e+01,1.005951487871967913e+02,7.599551255220369057e+03,2.772530730392945841e+01,4.554925336667304509e+04
2.667423846721068514e+01,1.005701425356339058e+02,7.599549694025796271e+03,2.772530160825114365e+01,4.562595874393919075e+04
2.670856957877215976e+01,1.005451362840710203e+02,7.599548127399951227e+03,2.772529589275801598e+01,4.570279252140894823e+04
2.674290069741092069e+01,1.005201300325081206e+02,7.599546555323936445e+03,2.772529015738112790e+01,4.577975491579038498e+04
2.677723182315156691e+01,1.004951237809452351e+02,7.599544977778795328e+03,2.772528440205132583e+01,4.585684614416918339e+04
2.681156295601879336e+01,1.004701175293823496e+02,7.599543394745500336e+03,2.772527862669918974e+01,4.593406642400910641e+04
2.684589409603743348e+01,1.004451112778194499e+02,7.599541806204959357e+03,2.772527283125506514e+01,4.601141597315284162e+04
2.688022524323232787e+01,1.004201050262565644e+02,7.599540212138016614e+03,2.772526701564907015e+01,4.608889500982260506e+04
2.691455639762848762e+01,1.003950987746936789e+02,7.599538612525444478e+03,2.772526117981105287e+01,4.616650375262051239e+04
2.694888755925092738e+01,1.003700925231307934e+02,7.599537007347954386e+03,2.772525532367064471e+01,4.624424242052940826e+04
2.698321872812482880e+01,1.003450862715678937e+02,7.599535396586185016e+03,2.772524944715721062e+01,4.632211123291360127e+04
2.701754990427540548e+01,1.003200800200049940e+02,7.599533780220712288e+03,2.772524355019988462e+01,4.640011040951919131e+04
2.705188108772795275e+01,1.002950737684421227e+02,7.599532158232041184e+03,2.772523763272754493e+01,4.647824017047490634e+04
2.708621227850791513e+01,1.002700675168792230e+02,7.599530530600611200e+03,2.772523169466882820e+01,4.655650073629282997e+04
2.712054347664076914e+01,1.002450612653163233e+02,7.599528897306791805e+03,2.772522573595211526e+01,4.663489232786869252e+04
2.715487468215208011e+01,1.002200550137534378e+02,7.599527258330886070e+03,2.772521975650555248e+01,4.671341516648272955e+04
2.718920589506755903e+01,1.001950487621905523e+02,7.599525613653127948e+03,2.772521375625701978e+01,4.679206947380051133e+04
2.722353711541294530e+01,1.001700425106276526e+02,7.599523963253681359e+03,2.772520773513415193e+01,4.687085547187310294e+04
2.725786834321407071e+01,1.001450362590647671e+02,7.599522307112643830e+03,2.772520169306434568e+01,4.694977338313802466e+04
2.729219957849691625e+01,1.001200300075018816e+02,7.599520645210041039e+03,2.772519562997472065e+01,4.702882343041984859e+04
2.732653082128749489e+01,1.000950237559389819e+02,7.599518977525831360e+03,2.772518954579216199e+01,4.710800583693069348e+04
2.736086207161190842e+01,1.000700175043760964e+02,7.599517304039900409e+03,2.772518344044328487e+01,4.718732082627093769e+04
2.739519332949641139e+01,1.000450112528131967e+02,7.599515624732068318e+03,2.772517731385447348e+01,4.726676862243007781e+04
2.742952459496728679e+01,1.000200050012503112e+02,7.599513939582079729e+03,2.772517116595182429e+01,4.734634944978690328e+04
2.746385586805090639e+01,9.999499874968742574e+01,7.599512248569613803e+03,2.772516499666120637e+01,4.742606353311044222e+04
2.749818714877380188e+01,9.996999249812452604e+01,7.599510551674276940e+03,2.772515880590821169e+01,4.750591109756068909e+04
2.753251843716251201e+01,9.994498624656164054e+01,7.599508848875602780e+03,2.772515259361817996e+01,4.758589236868893931e+04
2.756684973324374965e+01,9.991997999499875505e+01,7.599507140153057662e+03,2.772514635971619512e+01,4.766600757243865519e+04
2.760118103704423831e+01,9.989497374343586955e+01,7.599505425486031527e+03,2.772514010412706398e+01,4.774625693514578597e+04
2.763551234859087558e+01,9.986996749187296984e+01,7.599503704853847921e+03,2.772513382677535532e+01,4.782664068354008486e+04
2.766984366791059458e+01,9.984496124031007014e+01,7.599501978235755814e+03,2.772512752758536436e+01,4.790715904474494891e+04
2.770417499503042080e+01,9.981995498874719885e+01,7.599500245610930506e+03,2.772512120648111633e+01,4.798781224627851770e+04
2.773850632997753252e+01,9.979494873718429915e+01,7.599498506958478174e+03,2.772511486338638420e+01,4.806860051605426997e+04
2.777283767277914350e+01,9.976994248562139944e+01,7.599496762257429509e+03,2.772510849822466739e+01,4.814952408238152566e+04
2.780716902346256347e+01,9.974493623405852816e+01,7.599495011486744261e+03,2.772510211091920240e+01,4.823058317396615894e+04
2.784150038205525490e+01,9.971992998249562845e+01,7.599493254625308509e+03,2.772509570139295931e+01,4.831177801991136948e+04
2.787583174858471935e+01,9.969492373093272874e+01,7.599491491651933757e+03,2.772508926956863817e+01,4.839310884971807536e+04
2.791016312307855074e+01,9.966991747936984325e+01,7.599489722545358745e+03,2.772508281536867614e+01,4.847457589328569156e+04
2.794449450556449932e+01,9.964491122780695775e+01,7.599487947284248548e+03,2.772507633871522970e+01,4.855617938091286487e+04
2.797882589607035086e+01,9.961990497624405805e+01,7.599486165847193661e+03,2.772506983953019244e+01,4.863791954329783039e+04
2.801315729462399062e+01,9.959489872468117255e+01,7.599484378212709089e+03,2.772506331773518795e+01,4.871979661153939378e+04
2.804748870125346016e+01,9.956989247311827285e+01,7.599482584359237080e+03,2.772505677325155915e+01,4.880181081713733874e+04
2.808182011598684014e+01,9.954488622155538735e+01,7.599480784265144393e+03,2.772505020600038605e+01,4.888396239199324191e+04
2.811615153885230356e+01,9.951987996999250186e+01,7.599478977908721390e+03,2.772504361590246447e+01,4.896625156841090939e+04
2.815048296987818688e+01,9.949487371842960215e+01,7.599477165268182944e+03,2.772503700287831663e+01,4.904867857909727172e+04
2.818481440909284430e+01,9.946986746686671665e+01,7.599475346321670258e+03,2.772503036684819477e+01,4.913124365716270404e+04
2.821914585652480412e+01,9.944486121530383116e+01,7.599473521047244503e+03,2.772502370773206337e+01,4.921394703612209560e+04
2.825347731220261949e+01,9.941985496374094566e+01,7.599471689422896816e+03,2.772501702544962399e+01,4.929678894989512628e+04
2.828780877615502121e+01,9.939484871217804596e+01,7.599469851426534660e+03,2.772501031992027620e+01,4.937976963280707423e+04
2.832214024841077915e+01,9.936984246061514625e+01,7.599468007035994560e+03,2.772500359106316381e+01,4.946288931958949252e+04
2.835647172899876622e+01,9.934483620905227497e+01,7.599466156229032094e+03,2.772499683879713217e+01,4.954614824538065295e+04
2.839080321794801165e+01,9.931982995748937526e+01,7.599464298983327353e+03,2.772499006304075309e+01,4.962954664572668844e+04
2.842513471528758373e+01,9.929482370592647555e+01,7.599462435276481301e+03,2.772498326371230704e+01,4.971308475658160023e+04
2.845946622104666091e+01,9.926981745436360427e+01,7.599460565086020324e+03,2.772497644072980449e+01,4.979676281430823292e+04
2.849379773525457438e+01,9.924481120280070456e+01,7.599458688389387135e+03,2.772496959401094685e+01,4.988058105567908933e+04
2.852812925794070154e+01,9.921980495123780486e+01,7.599456805163951685e+03,2.772496272347317969e+01,4.996453971787669434e+04
2.856246078913452280e+01,9.919479869967491936e+01,7.599454915387001165e+03,2.772495582903363598e+01,5.004863903849426424e+04
2.859679232886567846e+01,9.916979244811203387e+01,7.599453019035746365e+03,2.772494891060917510e+01,5.013287925553662353e+04
2.863112387716385143e+01,9.914478619654913416e+01,7.599451116087317132e+03,2.772494196811636158e+01,5.021726060742053960e+04
2.866545543405883123e+01,9.911977994498624867e+01,7.599449206518764186e+03,2.772493500147146506e+01,5.030178333297545032e+04
2.869978699958057078e+01,9.909477369342334896e+01,7.599447290307059120e+03,2.772492801059047807e+01,5.038644767144454090e+04
2.873411857375906564e+01,9.906976744186046346e+01,7.599445367429093494e+03,2.772492099538909116e+01,5.047125386248467839e+04
2.876845015662441440e+01,9.904476119029757797e+01,7.599443437861676102e+03,2.772491395578269646e+01,5.055620214616741578e+04
2.880278174820688264e+01,9.901975493873467826e+01,7.599441501581538432e+03,2.772490689168640543e+01,5.064129276297995239e+04
2.883711334853676078e+01,9.899474868717179277e+01,7.599439558565329207e+03,2.772489980301502399e+01,5.072652595382519939e+04
2.887144495764452401e+01,9.896974243560890727e+01,7.599437608789615297e+03,2.772489268968306320e+01,5.081190196002293669e+04
2.890577657556067237e+01,9.894473618404602178e+01,7.599435652230883534e+03,2.772488555160473567e+01,5.089742102331003844e+04
2.894010820231589776e+01,9.891972993248312207e+01,7.599433688865538898e+03,2.772487838869396626e+01,5.098308338584166631e+04
2.897443983794093114e+01,9.889472368092023657e+01,7.599431718669903603e+03,2.772487120086437073e+01,5.106888929019132775e+04
2.900877148246661363e+01,9.886971742935735108e+01,7.599429741620218010e+03,2.772486398802926288e+01,5.115483897935193090e+04
2.904310313592395687e+01,9.884471117779445137e+01,7.599427757692637897e+03,2.772485675010165806e+01,5.124093269673639588e+04
2.907743479834401512e+01,9.881970492623155167e+01,7.599425766863240824e+03,2.772484948699427321e+01,5.132717068617817858e+04
2.911176646975795634e+01,9.879469867466868038e+01,7.599423769108016131e+03,2.772484219861951971e+01,5.141355319193195464e+04
2.914609815019711192e+01,9.876969242310578068e+01,7.599421764402870394e+03,2.772483488488948922e+01,5.150008045867438341e+04
2.918042983969286297e+01,9.874468617154288097e+01,7.599419752723630154e+03,2.772482754571599628e+01,5.158675273150474823e+04
2.921476153827670075e+01,9.871967991997999547e+01,7.599417734046033729e+03,2.772482018101052503e+01,5.167357025594543666e+04
2.924909324598028704e+01,9.869467366841710998e+01,7.599415708345738494e+03,2.772481279068426829e+01,5.176053327794306824e+04
2.928342496283533336e+01,9.866966741685421027e+01,7.599413675598312693e+03,2.772480537464808847e+01,5.184764204386830534e+04
2.931775668887366493e+01,9.864466116529132478e+01,7.599411635779245444e+03,2.772479793281256732e+01,5.193489680051759206e+04
2.935208842412727037e+01,9.861965491372842507e+01,7.599409588863934005e+03,2.772479046508794198e+01,5.202229779511287052e+04
2.938642016862819162e+01,9.859464866216553958e+01,7.599407534827695599e+03,2.772478297138416892e+01,5.210984527530286869e+04
2.942075192240858428e+01,9.856964241060265408e+01,7.599405473645758320e+03,2.772477545161087065e+01,5.219753948916339141e+04
2.945508368550077805e+01,9.854463615903975438e+01,7.599403405293266587e+03,2.772476790567736415e+01,5.228538068519825902e+04
2.948941545793715235e+01,9.851962990747685467e+01,7.599401329745276598e+03,2.772476033349265023e+01,5.237336911233974388e+04
2.952374723975019677e+01,9.849462365591398338e+01,7.599399246976757240e+03,2.772475273496540638e+01,5.246150501994927617e+04
2.955807903097257849e+01,9.846961740435108368e+01,7.599397156962591907e+03,2.772474511000400454e+01,5.254978865781838249e+04
2.959241083163699670e+01,9.844461115278819818e+01,7.599395059677576683e+03,2.772473745851648985e+01,5.263822027616883133e+04
2.962674264177634242e+01,9.841960490122531269e+01,7.599392955096418518e+03,2.772472978041058411e+01,5.272680012565398647e+04
2.966107446142354220e+01,9.839459864966242719e+01,7.599390843193737965e+03,2.772472207559370361e+01,5.281552845735872688e+04
2.969540629061172154e+01,9.836959239809952749e+01,7.599388723944066442e+03,2.772471434397292356e+01,5.290440552280074189e+04
2.972973812937405214e+01,9.834458614653662778e+01,7.599386597321846239e+03,2.772470658545500655e+01,5.299343157393069851e+04
2.976406997774383001e+01,9.831957989497375650e+01,7.599384463301432334e+03,2.772469879994639186e+01,5.308260686313335464e+04
2.979840183575452173e+01,9.829457364341085679e+01,7.599382321857088755e+03,2.772469098735318482e+01,5.317193164322791563e+04
2.983273370343965425e+01,9.826956739184795708e+01,7.599380172962992219e+03,2.772468314758117813e+01,5.326140616746885644e+04
2.986706558083286822e+01,9.824456114028507159e+01,7.599378016593226675e+03,2.772467528053582342e+01,5.335103068954639457e+04
2.990139746796798192e+01,9.821955488872218609e+01,7.599375852721787851e+03,2.772466738612224546e+01,5.344080546358755964e+04
2.993572936487887048e+01,9.819454863715928639e+01,7.599373681322582343e+03,2.772465946424525285e+01,5.353073074415653537e+04
2.997006127159952626e+01,9.816954238559640089e+01,7.599371502369423069e+03,2.772465151480930245e+01,5.362080678625514702e+04
3.000439318816412282e+01,9.814453613403350118e+01,7.599369315836032911e+03,2.772464353771853496e+01,5.371103384532423661e+04
3.003872511460689410e+01,9.811952988247061569e+01,7.599367121696044705e+03,2.772463553287674998e+01,5.380141217724353919e+04
3.007305705096218773e+01,9.809452363090773019e+01,7.599364919922997615e+03,2.772462750018740962e+01,5.389194203833279607e+04
3.010738899726453255e+01,9.806951737934483049e+01,7.599362710490340760e+03,2.772461943955365271e+01,5.398262368535254063e+04
3.014172095354852132e+01,9.804451112778193078e+01,7.599360493371428674e+03,2.772461135087826989e+01,5.407345737550431659e+04
3.017605291984886406e+01,9.801950487621905950e+01,7.599358268539524943e+03,2.772460323406371785e+01,5.416444336643162387e+04
3.021038489620045198e+01,9.799449862465615979e+01,7.599356035967799471e+03,2.772459508901210867e+01,5.425558191622087907e+04
3.024471688263821534e+01,9.796949237309327430e+01,7.599353795629329397e+03,2.772458691562522404e+01,5.434687328340141539e+04
3.027904887919729049e+01,9.794448612153038880e+01,7.599351547497097272e+03,2.772457871380450101e+01,5.443831772694682877e+04
3.031338088591285285e+01,9.791947986996750330e+01,7.599349291543991058e+03,2.772457048345101782e+01,5.452991550627511606e+04
3.034771290282028033e+01,9.789447361840460360e+01,7.599347027742808677e+03,2.772456222446554008e+01,5.462166688124981738e+04
3.038204492995501482e+01,9.786946736684170389e+01,7.599344756066248010e+03,2.772455393674846036e+01,5.471357211218034354e+04
3.041637696735262253e+01,9.784446111527883261e+01,7.599342476486915075e+03,2.772454562019983726e+01,5.480563145982271817e+04
3.045070901504885086e+01,9.781945486371593290e+01,7.599340188977319485e+03,2.772453727471937768e+01,5.489784518538053089e+04
3.048504107307951472e+01,9.779444861215303320e+01,7.599337893509875357e+03,2.772452890020644034e+01,5.499021355050519924e+04
3.051937314148055336e+01,9.776944236059014770e+01,7.599335590056903129e+03,2.772452049656004647e+01,5.508273681729701639e+04
3.055370522028808722e+01,9.774443610902726221e+01,7.599333278590622285e+03,2.772451206367883714e+01,5.517541524830561684e+04
3.058803730953830424e+01,9.771942985746436250e+01,7.599330959083159541e+03,2.772450360146113013e+01,5.526824910653055849e+04
3.062236940926752382e+01,9.769442360590147700e+01,7.599328631506544298e+03,2.772449510980488085e+01,5.536123865542246494e+04
3.065670151951224298e+01,9.766941735433857730e+01,7.599326295832706819e+03,2.772448658860767523e+01,5.545438415888312738e+04
3.069103364030902981e+01,9.764441110277569180e+01,7.599323952033480964e+03,2.772447803776676167e+01,5.554768588126656687e+04
3.072536577169458027e+01,9.761940485121280631e+01,7.599321600080603275e+03,2.772446945717902622e+01,5.564114408737955091e+04
3.075969791370577866e+01,9.759439859964990660e+01,7.599319239945709342e+03,2.772446084674098543e+01,5.573475904248241568e+04
3.079403006637957319e+01,9.756939234808702111e+01,7.599316871600341074e+03,2.772445220634881835e+01,5.582853101228964078e+04
3.082836222975304707e+01,9.754438609652413561e+01,7.599314495015935790e+03,2.772444353589832033e+01,5.592246026297039498e+04
3.086269440386346830e+01,9.751937984496123590e+01,7.599312110163834404e+03,2.772443483528493502e+01,5.601654706114978035e+04
3.089702658874815455e+01,9.749437359339835041e+01,7.599309717015278693e+03,2.772442610440374011e+01,5.611079167390865769e+04
3.093135878444463316e+01,9.746936734183546491e+01,7.599307315541407661e+03,2.772441734314944739e+01,5.620519436878515262e+04
3.096569099099048472e+01,9.744436109027257942e+01,7.599304905713263906e+03,2.772440855141641336e+01,5.629975541377472109e+04
3.100002320842349945e+01,9.741935483870967971e+01,7.599302487501785436e+03,2.772439972909860373e+01,5.639447507733132807e+04
3.103435543678153863e+01,9.739434858714678001e+01,7.599300060877812939e+03,2.772439087608964670e+01,5.648935362836778222e+04
3.106868767610259496e+01,9.736934233558390872e+01,7.599297625812081606e+03,2.772438199228276900e+01,5.658439133625639079e+04
3.110301992642485303e+01,9.734433608402100901e+01,7.599295182275226580e+03,2.772437307757084213e+01,5.667958847083016735e+04
3.113735218778657199e+01,9.731932983245810931e+01,7.599292730237783871e+03,2.772436413184637161e+01,5.677494530238299194e+04
3.117168446022614248e+01,9.729432358089522381e+01,7.599290269670181260e+03,2.772435515500147218e+01,5.687046210167028767e+04
3.120601674378215051e+01,9.726931732933233832e+01,7.599287800542749210e+03,2.772434614692789978e+01,5.696613913991021400e+04
3.124034903849325318e+01,9.724431107776943861e+01,7.599285322825711773e+03,2.772433710751702307e+01,5.706197668878381955e+04
3.127468134439824610e+01,9.721930482620655312e+01,7.599282836489189322e+03,2.772432803665983059e+01,5.715797502043580607e+04
3.130901366153611676e+01,9.719429857464366762e+01,7.599280341503201271e+03,2.772431893424695204e+01,5.725413440747591812e+04
3.134334598994593080e+01,9.716929232308076791e+01,7.599277837837657898e+03,2.772430980016860147e+01,5.735045512297839014e+04
3.137767832966688886e+01,9.714428607151788242e+01,7.599275325462370347e+03,2.772430063431465186e+01,5.744693744048376539e+04
3.141201068073838343e+01,9.711927981995498271e+01,7.599272804347039710e+03,2.772429143657455342e+01,5.754358163399894693e+04
3.144634304319989226e+01,9.709427356839209722e+01,7.599270274461265217e+03,2.772428220683740463e+01,5.764038797799835447e+04
3.148067541709102457e+01,9.706926731682921172e+01,7.599267735774539688e+03,2.772427294499190253e+01,5.773735674742401170e+04
3.151500780245159206e+01,9.704426106526631202e+01,7.599265188256249530e+03,2.772426365092636047e+01,5.783448821768687776e+04
3.154934019932145972e+01,9.701925481370342652e+01,7.599262631875673833e+03,2.772425432452870098e+01,5.793178266466703644e+04
3.158367260774071283e+01,9.699424856214054103e+01,7.599260066601984363e+03,2.772424496568645225e+01,5.802924036471478757e+04
3.161800502774950061e+01,9.696924231057765553e+01,7.599257492404249206e+03,2.772423557428676588e+01,5.812686159465099627e+04
3.165233745938818544e+01,9.694423605901475582e+01,7.599254909251426398e+03,2.772422615021639203e+01,5.822464663176814065e+04
3.168666990269721495e+01,9.691922980745185612e+01,7.599252317112363016e+03,2.772421669336167938e+01,5.832259575383066840e+04
3.172100235771717536e+01,9.689422355588898483e+01,7.599249715955804277e+03,2.772420720360860003e+01,5.842070923907581891e+04
3.175533482448885181e+01,9.686921730432608513e+01,7.599247105750382616e+03,2.772419768084271396e+01,5.851898736621468561e+04
3.178966730305311827e+01,9.684421105276318542e+01,7.599244486464621332e+03,2.772418812494918683e+01,5.861743041443222319e+04
3.182399979345098373e+01,9.681920480120029993e+01,7.599241858066935492e+03,2.772417853581278635e+01,5.871603866338835360e+04
3.185833229572366321e+01,9.679419854963741443e+01,7.599239220525629207e+03,2.772416891331788236e+01,5.881481239321886824e+04
3.189266480991245700e+01,9.676919229807451472e+01,7.599236573808898356e+03,2.772415925734843611e+01,5.891375188453563896e+04
3.192699733605880397e+01,9.674418604651162923e+01,7.599233917884826042e+03,2.772414956778801454e+01,5.901285741842770221e+04
3.196132987420435256e+01,9.671917979494874373e+01,7.599231252721384408e+03,2.772413984451976177e+01,5.911212927646164462e+04
3.199566242439083297e+01,9.669417354338584403e+01,7.599228578286436459e+03,2.772413008742644180e+01,5.921156774068281084e+04
3.202999498666012101e+01,9.666916729182295853e+01,7.599225894547731514e+03,2.772412029639038877e+01,5.931117309361523075e+04
3.206432756105429860e+01,9.664416104026005883e+01,7.599223201472907022e+03,2.772411047129353889e+01,5.941094561826326390e+04
3.209866014761553288e+01,9.661915478869717333e+01,7.599220499029488565e+03,2.772410061201741627e+01,5.951088559811151208e+04
3.213299274638614378e+01,9.659414853713428784e+01,7.599217787184886220e+03,2.772409071844311867e+01,5.961099331712575804e+04
3.216732535740865018e+01,9.656914228557138813e+01,7.599215065906401833e+03,2.772408079045136020e+01,5.971126905975405680e+04
3.220165798072564201e+01,9.654413603400850263e+01,7.599212335161218107e+03,2.772407082792241084e+01,5.981171311092667020e+04
3.223599061637993657e+01,9.651912978244561714e+01,7.599209594916407696e+03,2.772406083073613914e+01,5.991232575605775492e+04
3.227032326441442223e+01,9.649412353088273164e+01,7.599206845138926838e+03,2.772405079877200151e+01,6.001310728104522423e+04
3.230465592487222182e+01,9.646911727931983194e+01,7.599204085795615356e+03,2.772404073190901030e+01,6.011405797227162111e+04
3.233898859779653634e+01,9.644411102775693223e+01,7.599201316853201206e+03,2.772403063002578705e+01,6.021517811660547159e+04
3.237332128323072311e+01,9.641910477619406095e+01,7.599198538278294109e+03,2.772402049300050919e+01,6.031646800140097184e+04
3.240765398121835261e+01,9.639409852463116124e+01,7.599195750037388279e+03,2.772401032071094207e+01,6.041792791449969081e+04
3.244198669180308059e+01,9.636909227306826153e+01,7.599192952096862427e+03,2.772400011303442469e+01,6.051955814423043194e+04
3.247631941502871911e+01,9.634408602150539025e+01,7.599190144422977937e+03,2.772398986984786617e+01,6.062135897941052099e+04
3.251065215093929339e+01,9.631907976994249054e+01,7.599187326981876140e+03,2.772397959102774578e+01,6.072333070934638818e+04
3.254498489957892104e+01,9.629407351837959084e+01,7.599184499739584680e+03,2.772396927645011644e+01,6.082547362383402651e+04
3.257931766099187598e+01,9.626906726681670534e+01,7.599181662662011149e+03,2.772395892599060829e+01,6.092778801316003955e+04
3.261365043522263818e+01,9.624406101525381985e+01,7.599178815714943994e+03,2.772394853952439675e+01,6.103027416810213617e+04
3.264798322231578709e+01,9.621905476369092014e+01,7.599175958864054337e+03,2.772393811692624865e+01,6.113293237993006915e+04
3.268231602231606558e+01,9.619404851212803464e+01,7.599173092074892338e+03,2.772392765807047965e+01,6.123576294040598441e+04
3.271664883526841550e+01,9.616904226056513494e+01,7.599170215312889013e+03,2.772391716283097196e+01,6.133876614178556338e+04
3.275098166121788523e+01,9.614403600900224944e+01,7.599167328543355325e+03,2.772390663108116726e+01,6.144194227681833581e+04
3.278531450020967952e+01,9.611902975743936395e+01,7.599164431731481272e+03,2.772389606269407381e+01,6.154529163874869118e+04
3.281964735228921626e+01,9.609402350587646424e+01,7.599161524842336803e+03,2.772388545754225220e+01,6.164881452131654078e+04
3.285398021750199860e+01,9.606901725431357875e+01,7.599158607840868171e+03,2.772387481549782251e+01,6.175251121875787067e+04
3.288831309589376417e+01,9.604401100275069325e+01,7.599155680691901580e+03,2.772386413643245362e+01,6.185638202580567304e+04
3.292264598751034299e+01,9.601900475118779354e+01,7.599152743360140448e+03,2.772385342021737742e+01,6.196042723769049189e+04
3.295697889239773559e+01,9.599399849962490805e+01,7.599149795810165415e+03,2.772384266672337461e+01,6.206464715014133981e+04
3.299131181060216278e+01,9.596899224806200834e+01,7.599146838006435246e+03,2.772383187582077824e+01,6.216904205938628729e+04
3.302564474216991641e+01,9.594398599649913706e+01,7.599143869913281378e+03,2.772382104737946307e+01,6.227361226215297938e+04
3.305997768714753704e+01,9.591897974493623735e+01,7.599140891494915195e+03,2.772381018126885621e+01,6.237835805566979252e+04
3.309431064558165758e+01,9.589397349337333765e+01,7.599137902715422570e+03,2.772379927735794070e+01,6.248327973766637297e+04
3.312864361751908859e+01,9.586896724181046636e+01,7.599134903538761137e+03,2.772378833551521637e+01,6.258837760637402971e+04
3.316297660300684669e+01,9.584396099024756666e+01,7.599131893928770296e+03,2.772377735560876388e+01,6.269365196052726242e+04
3.319730960209206927e+01,9.581895473868466695e+01,7.599128873849156662e+03,2.772376633750617358e+01,6.279910309936344129e+04
3.323164261482204296e+01,9.579394848712178145e+01,7.599125843263503157e+03,2.772375528107458820e+01,6.290473132262430590e+04
3.326597564124428885e+01,9.576894223555889596e+01,7.599122802135268103e+03,2.772374418618068503e+01,6.301053693055659096e+04
3.330030868140642752e+01,9.574393598399599625e+01,7.599119750427778854e+03,2.772373305269068311e+01,6.311652022391244827e+04
3.333464173535625008e+01,9.571892973243311076e+01,7.599116688104239984e+03,2.772372188047033248e+01,6.322268150395029079e+04
3.336897480314176789e+01,9.569392348087021105e+01,7.599113615127723278e+03,2.772371066938491424e+01,6.332902107243578212e+04
3.340330788481109892e+01,9.566891722930732556e+01,7.599110531461175015e+03,2.772369941929924408e+01,6.343553923164210573e+04
3.343764098041253874e+01,9.564391097774444006e+01,7.599107437067412320e+03,2.772368813007766875e+01,6.354223628435106366e+04
3.347197408999460322e+01,9.561890472618154035e+01,7.599104331909121356e+03,2.772367680158405889e+01,6.364911253385378950e+04
3.350630721360592190e+01,9.559389847461864065e+01,7.599101215948861864e+03,2.772366543368181624e+01,6.375616828395117045e+04
3.354064035129528776e+01,9.556889222305576936e+01,7.599098089149059888e+03,2.772365402623386643e+01,6.386340383895485138e+04
3.357497350311172113e+01,9.554388597149286966e+01,7.599094951472011417e+03,2.772364257910265195e+01,6.397081950368808612e+04
3.360930666910434184e+01,9.551887971992998416e+01,7.599091802879883289e+03,2.772363109215014987e+01,6.407841558348600665e+04
3.364363984932251839e+01,9.549387346836709867e+01,7.599088643334710468e+03,2.772361956523784698e+01,6.418619238419677276e+04
3.367797304381570456e+01,9.546886721680421317e+01,7.599085472798393312e+03,2.772360799822674693e+01,6.429415021218206675e+04
3.371230625263361702e+01,9.544386096524131347e+01,7.599082291232702119e+03,2.772359639097738082e+01,6.440228937431816303e+04
3.374663947582607193e+01,9.541885471367841376e+01,7.599079098599273493e+03,2.772358474334978595e+01,6.451061017799613910e+04
3.378097271344307018e+01,9.539384846211554247e+01,7.599075894859611253e+03,2.772357305520351289e+01,6.461911293112298154e+04
3.381530596553484003e+01,9.536884221055264277e+01,7.599072679975083702e+03,2.772356132639763260e+01,6.472779794212241541e+04
3.384963923215173054e+01,9.534383595898974306e+01,7.599069453906926356e+03,2.772354955679071153e+01,6.483666551993519533e+04
3.388397251334426130e+01,9.531882970742685757e+01,7.599066216616240126e+03,2.772353774624083655e+01,6.494571597402029147e+04
3.391830580916319349e+01,9.529382345586397207e+01,7.599062968063989501e+03,2.772352589460560068e+01,6.505494961435548612e+04
3.395263911965939485e+01,9.526881720430107237e+01,7.599059708211002544e+03,2.772351400174208891e+01,6.516436675143794128e+04
3.398697244488391789e+01,9.524381095273818687e+01,7.599056437017974531e+03,2.772350206750690660e+01,6.527396769628509355e+04
3.402130578488804957e+01,9.521880470117528716e+01,7.599053154445460677e+03,2.772349009175615109e+01,6.538375276043557824e+04
3.405563913972319767e+01,9.519379844961240167e+01,7.599049860453878864e+03,2.772347807434541167e+01,6.549372225594940392e+04
3.408997250944094759e+01,9.516879219804951617e+01,7.599046555003512367e+03,2.772346601512979447e+01,6.560387649540939310e+04
3.412430589409312631e+01,9.514378594648661647e+01,7.599043238054504400e+03,2.772345391396388692e+01,6.571421579192145145e+04
3.415863929373167451e+01,9.511877969492371676e+01,7.599039909566859023e+03,2.772344177070177551e+01,6.582474045911549183e+04
3.419297270840871761e+01,9.509377344336084548e+01,7.599036569500442965e+03,2.772342958519704226e+01,6.593545081114608911e+04
3.422730613817662970e+01,9.506876719179794577e+01,7.599033217814981981e+03,2.772341735730275403e+01,6.604634716269341880e+04
3.426163958308787727e+01,9.504376094023506027e+01,7.599029854470061764e+03,2.772340508687146610e+01,6.615742982896364992e+04
3.429597304319518969e+01,9.501875468867217478e+01,7.599026479425128855e+03,2.772339277375523281e+01,6.626869912569016742e+04
3.433030651855140292e+01,9.499374843710928928e+01,7.599023092639486094e+03,2.772338041780557560e+01,6.638015536913373217e+04
3.436464000920962292e+01,9.496874218554638958e+01,7.599019694072298080e+03,2.772336801887351854e+01,6.649179887608390709e+04
3.439897351522306934e+01,9.494373593398348987e+01,7.599016283682584799e+03,2.772335557680955276e+01,6.660362996385911538e+04
3.443330703664515369e+01,9.491872968242061859e+01,7.599012861429227087e+03,2.772334309146366493e+01,6.671564895030797925e+04
3.446764057352952904e+01,9.489372343085771888e+01,7.599009427270957531e+03,2.772333056268530171e+01,6.682785615380984382e+04
3.450197412592998347e+01,9.486871717929481918e+01,7.599005981166369565e+03,2.772331799032339461e+01,6.694025189327524276e+04
3.453630769390047561e+01,9.484371092773193368e+01,7.599002523073912016e+03,2.772330537422635643e+01,6.705283648814710614e+04
3.457064127749523408e+01,9.481870467616904818e+01,7.598999052951888189e+03,2.772329271424207064e+01,6.716561025840148795e+04
3.460497487676860118e+01,9.479369842460614848e+01,7.598995570758455870e+03,2.772328001021787713e+01,6.727857352454765351e+04
3.463930849177511107e+01,9.476869217304326298e+01,7.598992076451628236e+03,2.772326726200059710e+01,6.739172660762978194e+04
3.467364212256954659e+01,9.474368592148036328e+01,7.598988569989272946e+03,2.772325446943652594e+01,6.750506982922719908e+04
3.470797576920682559e+01,9.471867966991747778e+01,7.598985051329109410e+03,2.772324163237140837e+01,6.761860351145506138e+04
3.474230943174205066e+01,9.469367341835459229e+01,7.598981520428714248e+03,2.772322875065047043e+01,6.773232797696525813e+04
3.477664311023058730e+01,9.466866716679169258e+01,7.598977977245510374e+03,2.772321582411838392e+01,6.784624354894750286e+04
3.481097680472792177e+01,9.464366091522880708e+01,7.598974421736777913e+03,2.772320285261928774e+01,6.796035055112933333e+04
3.484531051528973933e+01,9.461865466366592159e+01,7.598970853859643285e+03,2.772318983599677367e+01,6.807464930777749396e+04
3.487964424197198099e+01,9.459364841210302188e+01,7.598967273571091027e+03,2.772317677409390413e+01,6.818914014369857614e+04
3.491397798483069437e+01,9.456864216054013639e+01,7.598963680827949247e+03,2.772316366675317667e+01,6.830382338423949841e+04
3.494831174392221129e+01,9.454363590897725089e+01,7.598960075586899620e+03,2.772315051381655593e+01,6.841869935528871429e+04
3.498264551930297017e+01,9.451862965741436540e+01,7.598956457804471938e+03,2.772313731512544877e+01,6.853376838327644509e+04
3.501697931102970074e+01,9.449362340585146569e+01,7.598952827437044107e+03,2.772312407052071137e+01,6.864903079517613514e+04
3.505131311915925352e+01,9.446861715428856598e+01,7.598949184440845784e+03,2.772311077984265282e+01,6.876448691850437899e+04
3.508564694374868509e+01,9.444361090272569470e+01,7.598945528771949284e+03,2.772309744293102085e+01,6.888013708132240572e+04
3.511998078485530783e+01,9.441860465116279499e+01,7.598941860386278677e+03,2.772308405962500544e+01,6.899598161223650095e+04
3.515431464253657623e+01,9.439359839959989529e+01,7.598938179239602505e+03,2.772307062976323877e+01,6.911202084039880720e+04
3.518864851685014372e+01,9.436859214803700979e+01,7.598934485287536518e+03,2.772305715318379882e+01,6.922825509550800780e+04
3.522298240785392665e+01,9.434358589647412430e+01,7.598930778485540031e+03,2.772304362972418801e+01,6.934468470781056385e+04
3.525731631560597634e+01,9.431857964491122459e+01,7.598927058788921386e+03,2.772303005922135810e+01,6.946131000810072874e+04
3.529165024016455021e+01,9.429357339334833910e+01,7.598923326152828849e+03,2.772301644151167466e+01,6.957813132772178506e+04
3.532598418158817566e+01,9.426856714178543939e+01,7.598919580532258806e+03,2.772300277643095257e+01,6.969514899856700504e+04
3.536031813993550799e+01,9.424356089022255389e+01,7.598915821882048476e+03,2.772298906381442762e+01,6.981236335307988338e+04
3.539465211526542276e+01,9.421855463865966840e+01,7.598912050156879559e+03,2.772297530349676364e+01,6.992977472425527230e+04
3.542898610763704426e+01,9.419354838709676869e+01,7.598908265311275500e+03,2.772296149531204890e+01,7.004738344564024010e+04
3.546332011710966015e+01,9.416854213553388320e+01,7.598904467299601492e+03,2.772294763909379611e+01,7.016518985133440583e+04
3.549765414374274997e+01,9.414353588397099770e+01,7.598900656076064479e+03,2.772293373467494249e+01,7.028319427599113260e+04
3.553198818759607036e+01,9.411852963240809800e+01,7.598896831594711330e+03,2.772291978188783190e+01,7.040139705481815326e+04
3.556632224872949877e+01,9.409352338084521250e+01,7.598892993809430664e+03,2.772290578056423982e+01,7.051979852357829805e+04
3.560065632720320394e+01,9.406851712928232701e+01,7.598889142673950118e+03,2.772289173053535194e+01,7.063839901859044039e+04
3.563499042307748255e+01,9.404351087771944151e+01,7.598885278141835443e+03,2.772287763163176422e+01,7.075719887672988989e+04
3.566932453641292255e+01,9.401850462615654180e+01,7.598881400166492313e+03,2.772286348368348641e+01,7.087619843542999297e+04
3.570365866727026116e+01,9.399349837459364210e+01,7.598877508701162697e+03,2.772284928651992786e+01,7.099539803268168180e+04
3.573799281571045583e+01,9.396849212303077081e+01,7.598873603698927582e+03,2.772283503996992238e+01,7.111479800703539513e+04
3.577232698179471981e+01,9.394348587146787111e+01,7.598869685112706065e+03,2.772282074386169981e+01,7.123439869760129659e+04
3.580666116558442980e+01,9.391847961990497140e+01,7.598865752895248079e+03,2.772280639802287894e+01,7.135420044405004592e+04
3.584099536714117562e+01,9.389347336834208591e+01,7.598861806999146211e+03,2.772279200228050655e+01,7.147420358661383216e+04
3.587532958652682424e+01,9.386846711677920041e+01,7.598857847376824793e+03,2.772277755646101483e+01,7.159440846608708671e+04
3.590966382380339184e+01,9.384346086521630070e+01,7.598853873980540811e+03,2.772276306039021776e+01,7.171481542382691987e+04
3.594399807903310773e+01,9.381845461365341521e+01,7.598849886762387541e+03,2.772274851389334316e+01,7.183542480175432866e+04
3.597833235227848547e+01,9.379344836209052971e+01,7.598845885674293640e+03,2.772273391679501131e+01,7.195623694235520088e+04
3.601266664360219494e+01,9.376844211052763001e+01,7.598841870668017691e+03,2.772271926891922078e+01,7.207725218868028605e+04
3.604700095306712626e+01,9.374343585896474451e+01,7.598837841695149109e+03,2.772270457008936262e+01,7.219847088434651960e+04
3.608133528073643959e+01,9.371842960740184481e+01,7.598833798707113601e+03,2.772268982012822036e+01,7.231989337353812880e+04
3.611566962667345848e+01,9.369342335583895931e+01,7.598829741655165890e+03,2.772267501885795937e+01,7.244152000100658915e+04
3.615000399094173389e+01,9.366841710427607381e+01,7.598825670490388802e+03,2.772266016610011263e+01,7.256335111207199225e+04
3.618433837360508676e+01,9.364341085271317411e+01,7.598821585163698728e+03,2.772264526167561272e+01,7.268538705262394797e+04
3.621867277472748725e+01,9.361840460115028861e+01,7.598817485625839254e+03,2.772263030540475626e+01,7.280762816912178823e+04
3.625300719437321106e+01,9.359339834958740312e+01,7.598813371827382980e+03,2.772261529710722172e+01,7.293007480859600764e+04
3.628734163260666890e+01,9.356839209802451762e+01,7.598809243718731523e+03,2.772260023660205519e+01,7.305272731864849629e+04
3.632167608949258408e+01,9.354338584646161792e+01,7.598805101250113694e+03,2.772258512370767747e+01,7.317558604745405319e+04
3.635601056509583628e+01,9.351837959489871821e+01,7.598800944371583682e+03,2.772256995824187698e+01,7.329865134376029891e+04
3.639034505948153964e+01,9.349337334333584693e+01,7.598796773033024692e+03,2.772255474002180975e+01,7.342192355688901444e+04
3.642467957271508538e+01,9.346836709177294722e+01,7.598792587184144395e+03,2.772253946886399589e+01,7.354540303673698509e+04
3.645901410486204242e+01,9.344336084021004751e+01,7.598788386774474930e+03,2.772252414458431247e+01,7.366909013377664087e+04
3.649334865598819988e+01,9.341835458864717623e+01,7.598784171753373812e+03,2.772250876699800415e+01,7.379298519905660942e+04
3.652768322615964536e+01,9.339334833708427652e+01,7.598779942070022116e+03,2.772249333591967257e+01,7.391708858420324395e+04
3.656201781544262985e+01,9.336834208552137682e+01,7.598775697673424474e+03,2.772247785116326568e+01,7.404140064142053598e+04
3.659635242390363175e+01,9.334333583395849132e+01,7.598771438512409077e+03,2.772246231254209548e+01,7.416592172349143948e+04
3.663068705160942073e+01,9.331832958239560583e+01,7.598767164535623124e+03,2.772244671986881670e+01,7.429065218377888959e+04
3.666502169862695126e+01,9.329332333083270612e+01,7.598762875691538284e+03,2.772243107295543396e+01,7.441559237622587534e+04
3.669935636502339804e+01,9.326831707926982062e+01,7.598758571928447054e+03,2.772241537161330527e+01,7.454074265535696759e+04
3.673369105086623421e+01,9.324331082770692092e+01,7.598754253194460034e+03,2.772239961565312782e+01,7.466610337627877016e+04
3.676802575622311053e+01,9.321830457614403542e+01,7.598749919437509561e+03,2.772238380488493803e+01,7.479167489468074928e+04
3.680236048116190517e+01,9.319329832458114993e+01,7.598745570605346074e+03,2.772236793911811858e+01,7.491745756683596119e+04
3.683669522575080180e+01,9.316829207301825022e+01,7.598741206645537204e+03,2.772235201816138073e+01,7.504345174960230361e+04
3.687102999005815462e+01,9.314328582145535051e+01,7.598736827505470501e+03,2.772233604182278199e+01,7.516965780042285041e+04
3.690536477415255945e+01,9.311827956989247923e+01,7.598732433132347978e+03,2.772232000990969425e+01,7.529607607732647739e+04
3.693969957810290339e+01,9.309327331832957952e+01,7.598728023473191570e+03,2.772230392222883921e+01,7.542270693892969575e+04
3.697403440197824409e+01,9.306826706676669403e+01,7.598723598474835853e+03,2.772228777858626003e+01,7.554955074443636113e+04
3.700836924584795895e+01,9.304326081520379432e+01,7.598719158083931688e+03,2.772227157878732129e+01,7.567660785363905597e+04
3.704270410978157457e+01,9.301825456364092304e+01,7.598714702246945308e+03,2.772225532263671255e+01,7.580387862691952614e+04
3.707703899384895152e+01,9.299324831207802333e+01,7.598710230910153768e+03,2.772223900993844481e+01,7.593136342525013606e+04
3.711137389812012799e+01,9.296824206051512363e+01,7.598705744019651320e+03,2.772222264049585050e+01,7.605906261019402882e+04
3.714570882266539087e+01,9.294323580895225234e+01,7.598701241521343945e+03,2.772220621411157992e+01,7.618697654390627577e+04
3.718004376755532547e+01,9.291822955738935264e+01,7.598696723360946635e+03,2.772218973058758351e+01,7.631510558913454588e+04
3.721437873286070896e+01,9.289322330582645293e+01,7.598692189483987931e+03,2.772217318972514022e+01,7.644345010922031361e+04
3.724871371865256009e+01,9.286821705426356743e+01,7.598687639835809023e+03,2.772215659132483268e+01,7.657201046809894615e+04
3.728304872500220313e+01,9.284321080270068194e+01,7.598683074361555555e+03,2.772213993518654007e+01,7.670078703030134784e+04
3.731738375198116131e+01,9.281820455113778223e+01,7.598678493006187637e+03,2.772212322110946303e+01,7.682978016095426574e+04
3.735171879966119235e+01,9.279319829957489674e+01,7.598673895714471655e+03,2.772210644889208808e+01,7.695899022578088625e+04
3.738605386811436659e+01,9.276819204801199703e+01,7.598669282430982094e+03,2.772208961833221252e+01,7.708841759110269777e+04
3.742038895741296045e+01,9.274318579644911154e+01,7.598664653100100622e+03,2.772207272922692312e+01,7.721806262383917056e+04
3.745472406762948481e+01,9.271817954488622604e+01,7.598660007666017918e+03,2.772205578137261384e+01,7.734792569150913914e+04
3.748905919883676319e+01,9.269317329332332633e+01,7.598655346072725479e+03,2.772203877456494325e+01,7.747800716223145719e+04
3.752339435110782517e+01,9.266816704176042663e+01,7.598650668264025626e+03,2.772202170859889492e+01,7.760830740472637990e+04
3.755772952451594904e+01,9.264316079019755534e+01,7.598645974183522412e+03,2.772200458326871697e+01,7.773882678831518569e+04
3.759206471913471859e+01,9.261815453863465564e+01,7.598641263774624349e+03,2.772198739836794346e+01,7.786956568292247539e+04
3.762639993503790947e+01,9.259314828707177014e+01,7.598636536980542587e+03,2.772197015368940143e+01,7.800052445907583751e+04
3.766073517229961709e+01,9.256814203550888465e+01,7.598631793744290917e+03,2.772195284902517898e+01,7.813170348790717253e+04
3.769507043099413579e+01,9.254313578394599915e+01,7.598627034008687588e+03,2.772193548416667142e+01,7.826310314115372603e+04
3.772940571119607966e+01,9.251812953238309944e+01,7.598622257716348031e+03,2.772191805890451377e+01,7.839472379115848162e+04
3.776374101298026886e+01,9.249312328082019974e+01,7.598617464809691228e+03,2.772190057302864119e+01,7.852656581087122322e+04
3.779807633642178644e+01,9.246811702925732845e+01,7.598612655230934251e+03,2.772188302632824275e+01,7.865862957384921901e+04
3.783241168159602807e+01,9.244311077769442875e+01,7.598607828922094086e+03,2.772186541859177922e+01,7.879091545425857475e+04
3.786674704857860263e+01,9.241810452613152904e+01,7.598602985824986717e+03,2.772184774960698306e+01,7.892342382687448116e+04
3.790108243744538186e+01,9.239309827456864355e+01,7.598598125881223496e+03,2.772183001916083001e+01,7.905615506708188332e+04
3.793541784827255725e+01,9.236809202300575805e+01,7.598593249032215681e+03,2.772181222703957459e+01,7.918910955087745970e+04
3.796975328113652637e+01,9.234308577144285834e+01,7.598588355219168989e+03,2.772179437302871818e+01,7.932228765486906923e+04
3.800408873611394966e+01,9.231807951987997285e+01,7.598583444383084498e+03,2.772177645691301606e+01,7.945568975627745385e+04
3.803842421328181445e+01,9.229307326831707314e+01,7.598578516464760469e+03,2.772175847847648811e+01,7.958931623293703888e+04
3.807275971271732118e+01,9.226806701675418765e+01,7.598573571404786890e+03,2.772174043750238326e+01,7.972316746329628222e+04
3.810709523449793323e+01,9.224306076519130215e+01,7.598568609143549111e+03,2.772172233377321149e+01,7.985724382641894044e+04
3.814143077870145504e+01,9.221805451362840245e+01,7.598563629621222390e+03,2.772170416707071894e+01,7.999154570198508736e+04
3.817576634540588998e+01,9.219304826206550274e+01,7.598558632777778257e+03,2.772168593717590213e+01,8.012607347029146331e+04
3.821010193468951144e+01,9.216804201050263146e+01,7.598553618552975422e+03,2.772166764386898308e+01,8.026082751225233369e+04
3.824443754663093387e+01,9.214303575893973175e+01,7.598548586886366138e+03,2.772164928692943420e+01,8.039580820940113335e+04
3.827877318130896356e+01,9.211802950737684625e+01,7.598543537717289837e+03,2.772163086613594629e+01,8.053101594389010279e+04
3.831310883880275497e+01,9.209302325581396076e+01,7.598538470984877677e+03,2.772161238126645344e+01,8.066645109849231085e+04
3.834744451919166863e+01,9.206801700425107526e+01,7.598533386628047992e+03,2.772159383209811523e+01,8.080211405660169839e+04
3.838178022255540611e+01,9.204301075268817556e+01,7.598528284585506299e+03,2.772157521840730610e+01,8.093800520223424246e+04
3.841611594897390347e+01,9.201800450112527585e+01,7.598523164795746197e+03,2.772155653996963665e+01,8.107412492002900399e+04
3.845045169852735967e+01,9.199299824956240457e+01,7.598518027197045740e+03,2.772153779655992878e+01,8.121047359524843341e+04
3.848478747129632893e+01,9.196799199799950486e+01,7.598512871727471065e+03,2.772151898795222991e+01,8.134705161377997138e+04
3.851912326736157155e+01,9.194298574643660515e+01,7.598507698324870034e+03,2.772150011391978808e+01,8.148385936213607783e+04
3.855345908680413203e+01,9.191797949487371966e+01,7.598502506926875867e+03,2.772148117423507685e+01,8.162089722745561448e+04
3.858779492970540304e+01,9.189297324331083416e+01,7.598497297470906233e+03,2.772146216866977753e+01,8.175816559750496526e+04
3.862213079614699041e+01,9.186796699174793446e+01,7.598492069894158703e+03,2.772144309699476494e+01,8.189566486067810911e+04
3.865646668621079840e+01,9.184296074018504896e+01,7.598486824133615301e+03,2.772142395898013234e+01,8.203339540599810425e+04
3.869080259997905813e+01,9.181795448862214926e+01,7.598481560126036129e+03,2.772140475439516649e+01,8.217135762311780127e+04
3.872513853753424229e+01,9.179294823705926376e+01,7.598476277807963015e+03,2.772138548300835481e+01,8.230955190232054156e+04
3.875947449895910779e+01,9.176794198549637827e+01,7.598470977115716778e+03,2.772136614458737114e+01,8.244797863452123420e+04
3.879381048433675261e+01,9.174293573393347856e+01,7.598465657985397229e+03,2.772134673889909351e+01,8.258663821126724361e+04
3.882814649375051630e+01,9.171792948237057885e+01,7.598460320352882263e+03,2.772132726570958994e+01,8.272553102473898616e+04
3.886248252728401553e+01,9.169292323080770757e+01,7.598454964153826040e+03,2.772130772478410066e+01,8.286465746775089065e+04
3.889681858502122225e+01,9.166791697924480786e+01,7.598449589323658984e+03,2.772128811588706299e+01,8.300401793375269335e+04
3.893115466704632155e+01,9.164291072768192237e+01,7.598444195797588691e+03,2.772126843878209712e+01,8.314361281682964182e+04
3.896549077344386802e+01,9.161790447611903687e+01,7.598438783510595385e+03,2.772124869323198837e+01,8.328344251170386269e+04
3.899982690429863652e+01,9.159289822455615138e+01,7.598433352397434646e+03,2.772122887899871202e+01,8.342350741373484198e+04
3.903416305969577849e+01,9.156789197299325167e+01,7.598427902392634678e+03,2.772120899584340137e+01,8.356380791892098205e+04
3.906849923972067273e+01,9.154288572143035196e+01,7.598422433430495403e+03,2.772118904352636903e+01,8.370434442389949982e+04
3.910283544445900361e+01,9.151787946986748068e+01,7.598416945445091187e+03,2.772116902180709985e+01,8.384511732594812929e+04
3.913717167399680363e+01,9.149287321830458097e+01,7.598411438370264477e+03,2.772114893044422956e+01,8.398612702298558725e+04
3.917150792842036111e+01,9.146786696674168127e+01,7.598405912139627617e+03,2.772112876919555902e+01,8.412737391357250453e+04
3.920584420781624857e+01,9.144286071517879577e+01,7.598400366686562847e+03,2.772110853781804707e+01,8.426885839691234287e+04
3.924018051227140802e+01,9.141785446361591028e+01,7.598394801944222309e+03,2.772108823606781769e+01,8.441058087285264628e+04
3.927451684187302305e+01,9.139284821205301057e+01,7.598389217845523490e+03,2.772106786370012799e+01,8.455254174188493926e+04
3.930885319670857569e+01,9.136784196049012508e+01,7.598383614323152869e+03,2.772104742046940373e+01,8.469474140514664759e+04
3.934318957686591745e+01,9.134283570892722537e+01,7.598377991309559548e+03,2.772102690612920028e+01,8.483718026442160772e+04
3.937752598243314850e+01,9.131782945736433987e+01,7.598372348736962522e+03,2.772100632043223101e+01,8.497985872214080882e+04
3.941186241349866748e+01,9.129282320580145438e+01,7.598366686537340684e+03,2.772098566313033885e+01,8.512277718138323689e+04
3.944619887015124959e+01,9.126781695423855467e+01,7.598361004642441003e+03,2.772096493397451411e+01,8.526593604587716982e+04
3.948053535247991874e+01,9.124281070267566918e+01,7.598355302983766705e+03,2.772094413271486246e+01,8.540933572000054119e+04
3.951487186057399725e+01,9.121780445111278368e+01,7.598349581492590005e+03,2.772092325910064758e+01,8.555297660878223542e+04
3.954920839452318404e+01,9.119279819954988398e+01,7.598343840099941190e+03,2.772090231288024853e+01,8.569685911790297541e+04
3.958354495441741960e+01,9.116779194798699848e+01,7.598338078736608622e+03,2.772088129380115618e+01,8.584098365369567182e+04
3.961788154034702814e+01,9.114278569642411298e+01,7.598332297333142378e+03,2.772086020161000519e+01,8.598535062314709648e+04
3.965221815240256120e+01,9.111777944486122749e+01,7.598326495819852425e+03,2.772083903605253852e+01,8.612996043389820261e+04
3.968655479067498248e+01,9.109277319329832778e+01,7.598320674126804079e+03,2.772081779687362513e+01,8.627481349424546352e+04
3.972089145525550435e+01,9.106776694173542808e+01,7.598314832183819817e+03,2.772079648381722805e+01,8.641991021314103273e+04
3.975522814623565182e+01,9.104276069017255679e+01,7.598308969920479285e+03,2.772077509662643635e+01,8.656525100019449019e+04
3.978956486370733359e+01,9.101775443860965709e+01,7.598303087266116563e+03,2.772075363504344381e+01,8.671083626567332249e+04
3.982390160776272126e+01,9.099274818704675738e+01,7.598297184149821987e+03,2.772073209880955247e+01,8.685666642050386872e+04
3.985823837849430618e+01,9.096774193548387188e+01,7.598291260500435783e+03,2.772071048766514423e+01,8.700274187627196079e+04
3.989257517599494918e+01,9.094273568392098639e+01,7.598285316246553521e+03,2.772068880134972346e+01,8.714906304522456776e+04
3.992691200035779531e+01,9.091772943235808668e+01,7.598279351316521570e+03,2.772066703960187439e+01,8.729563034026972309e+04
3.996124885167629515e+01,9.089272318079520119e+01,7.598273365638437099e+03,2.772064520215927530e+01,8.744244417497818358e+04
3.999558573004429718e+01,9.086771692923231569e+01,7.598267359140148983e+03,2.772062328875869852e+01,8.758950496358420060e+04
4.002992263555590569e+01,9.084271067766941599e+01,7.598261331749253259e+03,2.772060129913599624e+01,8.773681312098594208e+04
4.006425956830555890e+01,9.081770442610653049e+01,7.598255283393094942e+03,2.772057923302609694e+01,8.788436906274675857e+04
4.009859652838808586e+01,9.079269817454363078e+01,7.598249213998768028e+03,2.772055709016302316e+01,8.803217320509647834e+04
4.013293351589858560e+01,9.076769192298074529e+01,7.598243123493110943e+03,2.772053487027986307e+01,8.818022596493162564e+04
4.016727053093248401e+01,9.074268567141785979e+01,7.598237011802708366e+03,2.772051257310877048e+01,8.832852775981642480e+04
4.020160757358559778e+01,9.071767941985496009e+01,7.598230878853889408e+03,2.772049019838097905e+01,8.847707900798434275e+04
4.023594464395399939e+01,9.069267316829207459e+01,7.598224724572729428e+03,2.772046774582678452e+01,8.862588012833801622e+04
4.027028174213418055e+01,9.066766691672918910e+01,7.598218548885043674e+03,2.772044521517554472e+01,8.877493154045143456e+04
4.030461886822290296e+01,9.064266066516628939e+01,7.598212351716391822e+03,2.772042260615568310e+01,8.892423366456945951e+04
4.033895602231726940e+01,9.061765441360340390e+01,7.598206132992074345e+03,2.772039991849466745e+01,8.907378692160965875e+04
4.037329320451477344e+01,9.059264816204050419e+01,7.598199892637129778e+03,2.772037715191902407e+01,8.922359173316288798e+04
4.040763041491317153e+01,9.056764191047763290e+01,7.598193630576340183e+03,2.772035430615433071e+01,8.937364852149439685e+04
4.044196765361064649e+01,9.054263565891473320e+01,7.598187346734223865e+03,2.772033138092520943e+01,8.952395770954460022e+04
4.047630492070565822e+01,9.051762940735183349e+01,7.598181041035035378e+03,2.772030837595532660e+01,8.967451972092986398e+04
4.051064221629700057e+01,9.049262315578894800e+01,7.598174713402769157e+03,2.772028529096738581e+01,8.982533497994366917e+04
4.054497954048388664e+01,9.046761690422606250e+01,7.598168363761152250e+03,2.772026212568312076e+01,8.997640391155760153e+04
4.057931689336580661e+01,9.044261065266316280e+01,7.598161992033650677e+03,2.772023887982332013e+01,9.012772694142196269e+04
4.061365427504259884e+01,9.041760440110027730e+01,7.598155598143460338e+03,2.772021555310777430e+01,9.027930449586674513e+04
4.064799168561451381e+01,9.039259814953739181e+01,7.598149182013510654e+03,2.772019214525531439e+01,9.043113700190283998e+04
4.068232912518207911e+01,9.036759189797449210e+01,7.598142743566466379e+03,2.772016865598379454e+01,9.058322488722273556e+04
4.071666659384617759e+01,9.034258564641160660e+01,7.598136282724720331e+03,2.772014508501008123e+01,9.073556858020121581e+04
4.075100409170811133e+01,9.031757939484870690e+01,7.598129799410397936e+03,2.772012143205007106e+01,9.088816850989706290e+04
4.078534161886945952e+01,9.029257314328582140e+01,7.598123293545350862e+03,2.772009769681865521e+01,9.104102510605296993e+04
4.081967917543217084e+01,9.026756689172293591e+01,7.598116765051162474e+03,2.772007387902974429e+01,9.119413879909703974e+04
4.085401676149859895e+01,9.024256064016003620e+01,7.598110213849141473e+03,2.772004997839625418e+01,9.134751002014409460e+04
4.088835437717139598e+01,9.021755438859713649e+01,7.598103639860323710e+03,2.772002599463010242e+01,9.150113920099576353e+04
4.092269202255357641e+01,9.019254813703426521e+01,7.598097043005471278e+03,2.772000192744220115e+01,9.165502677414158825e+04
4.095702969774856683e+01,9.016754188547136550e+01,7.598090423205068873e+03,2.771997777654245709e+01,9.180917317276062386e+04
4.099136740286007097e+01,9.014253563390848001e+01,7.598083780379327436e+03,2.771995354163978220e+01,9.196357883072162804e+04
4.102570513799224727e+01,9.011752938234558030e+01,7.598077114448177781e+03,2.771992922244205815e+01,9.211824418258438527e+04
4.106004290324951711e+01,9.009252313078270902e+01,7.598070425331275146e+03,2.771990481865616474e+01,9.227316966360040533e+04
4.109438069873676369e+01,9.006751687921980931e+01,7.598063712947992826e+03,2.771988032998795504e+01,9.242835570971424750e+04
4.112871852455916866e+01,9.004251062765690961e+01,7.598056977217427630e+03,2.771985575614226605e+01,9.258380275756397168e+04
4.116305638082227603e+01,9.001750437609403832e+01,7.598050218058390783e+03,2.771983109682290447e+01,9.273951124448208429e+04
4.119739426763205614e+01,8.999249812453113861e+01,7.598043435389415208e+03,2.771980635173265028e+01,9.289548160849734268e+04
4.123173218509479909e+01,8.996749187296823891e+01,7.598036629128747336e+03,2.771978152057324962e+01,9.305171428833450773e+04
4.126607013331715734e+01,8.994248562140535341e+01,7.598029799194351654e+03,2.771975660304540767e+01,9.320820972341576999e+04
4.130040811240620968e+01,8.991747936984246792e+01,7.598022945503907067e+03,2.771973159884879578e+01,9.336496835386216117e+04
4.133474612246935465e+01,8.989247311827956821e+01,7.598016067974806901e+03,2.771970650768204436e+01,9.352199062049369968e+04
4.136908416361436736e+01,8.986746686671668272e+01,7.598009166524155262e+03,2.771968132924272155e+01,9.367927696483072941e+04
4.140342223594944926e+01,8.984246061515378301e+01,7.598002241068769763e+03,2.771965606322735454e+01,9.383682782909501111e+04
4.143776033958312865e+01,8.981745436359089751e+01,7.597995291525180619e+03,2.771963070933142603e+01,9.399464365621040633e+04
4.147209847462430332e+01,8.979244811202801202e+01,7.597988317809624277e+03,2.771960526724934226e+01,9.415272488980380876e+04
4.150643664118231158e+01,8.976744186046511231e+01,7.597981319838047966e+03,2.771957973667445074e+01,9.431107197420649754e+04
4.154077483936681148e+01,8.974243560890221261e+01,7.597974297526108785e+03,2.771955411729904739e+01,9.446968535445441375e+04
4.157511306928784478e+01,8.971742935733934132e+01,7.597967250789165519e+03,2.771952840881433744e+01,9.462856547628945555e+04
4.160945133105590088e+01,8.969242310577644162e+01,7.597960179542288643e+03,2.771950261091047452e+01,9.478771278616091877e+04
4.164378962478176760e+01,8.966741685421355612e+01,7.597953083700248499e+03,2.771947672327651802e+01,9.494712773122527869e+04
4.167812795057670172e+01,8.964241060265065641e+01,7.597945963177522572e+03,2.771945074560045441e+01,9.510681075934837281e+04
4.171246630855226556e+01,8.961740435108778513e+01,7.597938817888290032e+03,2.771942467756918305e+01,9.526676231910550268e+04
4.174680469882049039e+01,8.959239809952488542e+01,7.597931647746431736e+03,2.771939851886852324e+01,9.542698285978307831e+04
4.178114312149373433e+01,8.956739184796198572e+01,7.597924452665528406e+03,2.771937226918319297e+01,9.558747283137872000e+04
4.181548157668475341e+01,8.954238559639911443e+01,7.597917232558863361e+03,2.771934592819681953e+01,9.574823268460274267e+04
4.184982006450674419e+01,8.951737934483621473e+01,7.597909987339414329e+03,2.771931949559192176e+01,9.590926287087939272e+04
4.188415858507325140e+01,8.949237309327331502e+01,7.597902716919859813e+03,2.771929297104993140e+01,9.607056384234719735e+04
4.191849713849821057e+01,8.946736684171042953e+01,7.597895421212573638e+03,2.771926635425116103e+01,9.623213605186002678e+04
4.195283572489600488e+01,8.944236059014754403e+01,7.597888100129625855e+03,2.771923964487481840e+01,9.639397995298869500e+04
4.198717434438137275e+01,8.941735433858464432e+01,7.597880753582779107e+03,2.771921284259898499e+01,9.655609600002085790e+04
4.202151299706943632e+01,8.939234808702175883e+01,7.597873381483491357e+03,2.771918594710063743e+01,9.671848464796283224e+04
4.205585168307577959e+01,8.936734183545885912e+01,7.597865983742912249e+03,2.771915895805562258e+01,9.688114635254019231e+04
4.209019040251634181e+01,8.934233558389597363e+01,7.597858560271882197e+03,2.771913187513866461e+01,9.704408157019903592e+04
4.212452915550745303e+01,8.931732933233308813e+01,7.597851110980931480e+03,2.771910469802335086e+01,9.720729075810637733e+04
4.215886794216591227e+01,8.929232308077018843e+01,7.597843635780282966e+03,2.771907742638214600e+01,9.737077437415176246e+04
4.219320676260886671e+01,8.926731682920728872e+01,7.597836134579841200e+03,2.771905005988636006e+01,9.753453287694750179e+04
4.222754561695387565e+01,8.924231057764441744e+01,7.597828607289202409e+03,2.771902259820617687e+01,9.769856672583035834e+04
4.226188450531896024e+01,8.921730432608151773e+01,7.597821053817647226e+03,2.771899504101061851e+01,9.786287638086217339e+04
4.229622342782246847e+01,8.919229807451863223e+01,7.597813474074141595e+03,2.771896738796757376e+01,9.802746230283082696e+04
4.233056238458325282e+01,8.916729182295574674e+01,7.597805867967334962e+03,2.771893963874376965e+01,9.819232495325125637e+04
4.236490137572049264e+01,8.914228557139286124e+01,7.597798235405557534e+03,2.771891179300476438e+01,9.835746479436618392e+04
4.239924040135385752e+01,8.911727931982996154e+01,7.597790576296823019e+03,2.771888385041497216e+01,9.852288228914779029e+04
4.243357946160337946e+01,8.909227306826706183e+01,7.597782890548825890e+03,2.771885581063763127e+01,9.868857790129772911e+04
4.246791855658951675e+01,8.906726681670419055e+01,7.597775178068936839e+03,2.771882767333480757e+01,9.885455209524882957e+04
4.250225768643318958e+01,8.904226056514129084e+01,7.597767438764208237e+03,2.771879943816739811e+01,9.902080533616573666e+04
4.253659685125568757e+01,8.901725431357839113e+01,7.597759672541367763e+03,2.771877110479512396e+01,9.918733808994594438e+04
4.257093605117872670e+01,8.899224806201550564e+01,7.597751879306819319e+03,2.771874267287651605e+01,9.935415082322065427e+04
4.260527528632449901e+01,8.896724181045262014e+01,7.597744058966639386e+03,2.771871414206891515e+01,9.952124400335605606e+04
4.263961455681556600e+01,8.894223555888972044e+01,7.597736211426581576e+03,2.771868551202848607e+01,9.968861809845409880e+04
4.267395386277490843e+01,8.891722930732683494e+01,7.597728336592070264e+03,2.771865678241018927e+01,9.985627357735318947e+04
4.270829320432601151e+01,8.889222305576393524e+01,7.597720434368201495e+03,2.771862795286778791e+01,1.000242109096302302e+05
4.274263258159271572e+01,8.886721680420104974e+01,7.597712504659741171e+03,2.771859902305384082e+01,1.001924305655998469e+05
4.277697199469930212e+01,8.884221055263816424e+01,7.597704547371123226e+03,2.771856999261969534e+01,1.003609330163167760e+05
4.281131144377053488e+01,8.881720430107526454e+01,7.597696562406453268e+03,2.771854086121550509e+01,1.005297187335767812e+05
4.284565092893156191e+01,8.879219804951236483e+01,7.597688549669497661e+03,2.771851162849018024e+01,1.006987881899166096e+05
4.287999045030795742e+01,8.876719179794949355e+01,7.597680509063695354e+03,2.771848229409143727e+01,1.008681418586159270e+05
4.291433000802580011e+01,8.874218554638659384e+01,7.597672440492145142e+03,2.771845285766575628e+01,1.010377802136982064e+05
4.294866960221152397e+01,8.871717929482370835e+01,7.597664343857609310e+03,2.771842331885838462e+01,1.012077037299309304e+05
4.298300923299208876e+01,8.869217304326082285e+01,7.597656219062512719e+03,2.771839367731334391e+01,1.013779128828278190e+05
4.301734890049480953e+01,8.866716679169793736e+01,7.597648066008943715e+03,2.771836393267341947e+01,1.015484081486485520e+05
4.305168860484752713e+01,8.864216054013503765e+01,7.597639884598645949e+03,2.771833408458014958e+01,1.017191900044007634e+05
4.308602834617846611e+01,8.861715428857213794e+01,7.597631674733025648e+03,2.771830413267383264e+01,1.018902589278403029e+05
4.312036812461629864e+01,8.859214803700926666e+01,7.597623436313145248e+03,2.771827407659351650e+01,1.020616153974725021e+05
4.315470794029020141e+01,8.856714178544636695e+01,7.597615169239721581e+03,2.771824391597699133e+01,1.022332598925534257e+05
4.318904779332974897e+01,8.854213553388346725e+01,7.597606873413127687e+03,2.771821365046078967e+01,1.024051928930902795e+05
4.322338768386496355e+01,8.851712928232058175e+01,7.597598548733391908e+03,2.771818327968018281e+01,1.025774148798429233e+05
4.325772761202637184e+01,8.849212303075769626e+01,7.597590195100192432e+03,2.771815280326917019e+01,1.027499263343244820e+05
4.329206757794490557e+01,8.846711677919479655e+01,7.597581812412861836e+03,2.771812222086049005e+01,1.029227277388028742e+05
4.332640758175195117e+01,8.844211052763191105e+01,7.597573400570380727e+03,2.771809153208559451e+01,1.030958195763008553e+05
4.336074762357940671e+01,8.841710427606901135e+01,7.597564959471379552e+03,2.771806073657465674e+01,1.032692023305980692e+05
4.339508770355956813e+01,8.839209802450612585e+01,7.597556489014134968e+03,2.771802983395656383e+01,1.034428764862313110e+05
4.342942782182520034e+01,8.836709177294324036e+01,7.597547989096574383e+03,2.771799882385892744e+01,1.036168425284956757e+05
4.346376797850958695e+01,8.834208552138034065e+01,7.597539459616265958e+03,2.771796770590804471e+01,1.037911009434459556e+05
4.349810817374641658e+01,8.831707926981745516e+01,7.597530900470423148e+03,2.771793647972892316e+01,1.039656522178969317e+05
4.353244840766983970e+01,8.829207301825456966e+01,7.597522311555903798e+03,2.771790514494526647e+01,1.041404968394247553e+05
4.356678868041453256e+01,8.826706676669166995e+01,7.597513692769205591e+03,2.771787370117947447e+01,1.043156352963682584e+05
4.360112899211556936e+01,8.824206051512878446e+01,7.597505044006468779e+03,2.771784214805263602e+01,1.044910680778291135e+05
4.363546934290856427e+01,8.821705426356589896e+01,7.597496365163469818e+03,2.771781048518451129e+01,1.046667956736738997e+05
4.366980973292955071e+01,8.819204801200299926e+01,7.597487656135625912e+03,2.771777871219355660e+01,1.048428185745343217e+05
4.370415016231503103e+01,8.816704176044011376e+01,7.597478916817989557e+03,2.771774682869689244e+01,1.050191372718078928e+05
4.373849063120204761e+01,8.814203550887721406e+01,7.597470147105246724e+03,2.771771483431030347e+01,1.051957522576601623e+05
4.377283113972803363e+01,8.811702925731434277e+01,7.597461346891720495e+03,2.771768272864825278e+01,1.053726640250244236e+05
4.380717168803098360e+01,8.809202300575144307e+01,7.597452516071367427e+03,2.771765051132385693e+01,1.055498730676037521e+05
4.384151227624931124e+01,8.806701675418854336e+01,7.597443654537771181e+03,2.771761818194888605e+01,1.057273798798712378e+05
4.387585290452192055e+01,8.804201050262565786e+01,7.597434762184148894e+03,2.771758574013376375e+01,1.059051849570710474e+05
4.391019357298824843e+01,8.801700425106277237e+01,7.597425838903347540e+03,2.771755318548756719e+01,1.060832887952204910e+05
4.394453428178816523e+01,8.799199799949987266e+01,7.597416884587838467e+03,2.771752051761799862e+01,1.062616918911091634e+05
4.397887503106201734e+01,8.796699174793698717e+01,7.597407899129723774e+03,2.771748773613141736e+01,1.064403947423016070e+05
4.401321582095071250e+01,8.794198549637408746e+01,7.597398882420725386e+03,2.771745484063279363e+01,1.066193978471374139e+05
4.404755665159558475e+01,8.791697924481120197e+01,7.597389834352193247e+03,2.771742183072574406e+01,1.067987017047325789e+05
4.408189752313845133e+01,8.789197299324831647e+01,7.597380754815099863e+03,2.771738870601250326e+01,1.069783068149801838e+05
4.411623843572169790e+01,8.786696674168541676e+01,7.597371643700034838e+03,2.771735546609390966e+01,1.071582136785518960e+05
4.415057938948813643e+01,8.784196049012253127e+01,7.597362500897213067e+03,2.771732211056944095e+01,1.073384227968986816e+05
4.418492038458107629e+01,8.781695423855964577e+01,7.597353326296462910e+03,2.771728863903715734e+01,1.075189346722512710e+05
4.421926142114438818e+01,8.779194798699674607e+01,7.597344119787235286e+03,2.771725505109374055e+01,1.076997498076226475e+05
4.425360249932238332e+01,8.776694173543384636e+01,7.597334881258590940e+03,2.771722134633446188e+01,1.078808687068073777e+05
4.428794361925987033e+01,8.774193548387097508e+01,7.597325610599209540e+03,2.771718752435318578e+01,1.080622918743833579e+05
4.432228478110223335e+01,8.771692923230807537e+01,7.597316307697383309e+03,2.771715358474237334e+01,1.082440198157133273e+05
4.435662598499527576e+01,8.769192298074518988e+01,7.597306972441015205e+03,2.771711952709306104e+01,1.084260530369446642e+05
4.439096723108539067e+01,8.766691672918229017e+01,7.597297604717620743e+03,2.771708535099487847e+01,1.086083920450117439e+05
4.442530851951939752e+01,8.764191047761941888e+01,7.597288204414321626e+03,2.771705105603600927e+01,1.087910373476356617e+05
4.445964985044470552e+01,8.761690422605651918e+01,7.597278771417850294e+03,2.771701664180322311e+01,1.089739894533264887e+05
4.449399122400918571e+01,8.759189797449361947e+01,7.597269305614543555e+03,2.771698210788184724e+01,1.091572488713829953e+05
4.452833264036121363e+01,8.756689172293073398e+01,7.597259806890345317e+03,2.771694745385576653e+01,1.093408161118948192e+05
4.456267409964974746e+01,8.754188547136784848e+01,7.597250275130801128e+03,2.771691267930742342e+01,1.095246916857427423e+05
4.459701560202420012e+01,8.751687921980494878e+01,7.597240710221060908e+03,2.771687778381781087e+01,1.097088761045999709e+05
4.463135714763451034e+01,8.749187296824206328e+01,7.597231112045873488e+03,2.771684276696646165e+01,1.098933698809327761e+05
4.466569873663119949e+01,8.746686671667917778e+01,7.597221480489590249e+03,2.771680762833145550e+01,1.100781735280026478e+05
4.470004036916524370e+01,8.744186046511627808e+01,7.597211815436156940e+03,2.771677236748939421e+01,1.102632875598653482e+05
4.473438204538815199e+01,8.741685421355339258e+01,7.597202116769119129e+03,2.771673698401541941e+01,1.104487124913738371e+05
4.476872376545202314e+01,8.739184796199049288e+01,7.597192384371617663e+03,2.771670147748319479e+01,1.106344488381783740e+05
4.480306552950941779e+01,8.736684171042760738e+01,7.597182618126385933e+03,2.771666584746489903e+01,1.108204971167274052e+05
4.483740733771343656e+01,8.734183545886472189e+01,7.597172817915748965e+03,2.771663009353122220e+01,1.110068578442688449e+05
4.487174919021776276e+01,8.731682920730182218e+01,7.597162983621627973e+03,2.771659421525138001e+01,1.111935315388513991e+05
4.490609108717656284e+01,8.729182295573892247e+01,7.597153115125528529e+03,2.771655821219306759e+01,1.113805187193249003e+05
4.494043302874453616e+01,8.726681670417605119e+01,7.597143212308547845e+03,2.771652208392249861e+01,1.115678199053416320e+05
4.497477501507697895e+01,8.724181045261315148e+01,7.597133275051368400e+03,2.771648583000436261e+01,1.117554356173574488e+05
4.500911704632967769e+01,8.721680420105025178e+01,7.597123303234257946e+03,2.771644945000184990e+01,1.119433663766328100e+05
4.504345912265895180e+01,8.719179794948736628e+01,7.597113296737070414e+03,2.771641294347663020e+01,1.121316127052335214e+05
4.507780124422171042e+01,8.716679169792449500e+01,7.597103255439241366e+03,2.771637630998884916e+01,1.123201751260316814e+05
4.511214341117540272e+01,8.714178544636159529e+01,7.597093179219786180e+03,2.771633954909712472e+01,1.125090541627076454e+05
4.514648562367798945e+01,8.711677919479869558e+01,7.597083067957300045e+03,2.771630266035853296e+01,1.126982503397494438e+05
4.518082788188798560e+01,8.709177294323582430e+01,7.597072921529959785e+03,2.771626564332863296e+01,1.128877641824552702e+05
4.521517018596451010e+01,8.706676669167292459e+01,7.597062739815514760e+03,2.771622849756141704e+01,1.130775962169337145e+05
4.524951253606718637e+01,8.704176044011002489e+01,7.597052522691292324e+03,2.771619122260934276e+01,1.132677469701046357e+05
4.528385493235618497e+01,8.701675418854713939e+01,7.597042270034192370e+03,2.771615381802330447e+01,1.134582169697008503e+05
4.531819737499229461e+01,8.699174793698425390e+01,7.597031981720689146e+03,2.771611628335264754e+01,1.136490067442689178e+05
4.535253986413680138e+01,8.696674168542135419e+01,7.597021657626823981e+03,2.771607861814513285e+01,1.138401168231693737e+05
4.538688239995156692e+01,8.694173543385846870e+01,7.597011297628211651e+03,2.771604082194696872e+01,1.140315477365789120e+05
4.542122498259905683e+01,8.691672918229556899e+01,7.597000901600034013e+03,2.771600289430278607e+01,1.142233000154910842e+05
4.545556761224226250e+01,8.689172293073268349e+01,7.596990469417036365e+03,2.771596483475561712e+01,1.144153741917163425e+05
4.548991028904472245e+01,8.686671667916979800e+01,7.596980000953531999e+03,2.771592664284692020e+01,1.146077707978844264e+05
4.552425301317062178e+01,8.684171042760689829e+01,7.596969496083397644e+03,2.771588831811656917e+01,1.148004903674446250e+05
4.555859578478465011e+01,8.681670417604399859e+01,7.596958954680069837e+03,2.771584986010281781e+01,1.149935334346668824e+05
4.559293860405207255e+01,8.679169792448112730e+01,7.596948376616546739e+03,2.771581126834232833e+01,1.151869005346427002e+05
4.562728147113875821e+01,8.676669167291824181e+01,7.596937761765385403e+03,2.771577254237015708e+01,1.153805922032865637e+05
4.566162438621119435e+01,8.674168542135532789e+01,7.596927109998700871e+03,2.771573368171973684e+01,1.155746089773369458e+05
4.569596734943630878e+01,8.671667916979244239e+01,7.596916421188162531e+03,2.771569468592289098e+01,1.157689513943563506e+05
4.573031036098174695e+01,8.669167291822957111e+01,7.596905695204994117e+03,2.771565555450979801e+01,1.159636199927336565e+05
4.576465342101570144e+01,8.666666666666667140e+01,7.596894931919973715e+03,2.771561628700902347e+01,1.161586153116845962e+05
4.579899652970692614e+01,8.664166041510377170e+01,7.596884131203429206e+03,2.771557688294748800e+01,1.163539378912523680e+05
4.583333968722475049e+01,8.661665416354090041e+01,7.596873292925237365e+03,2.771553734185046736e+01,1.165495882723088289e+05
4.586768289373915763e+01,8.659164791197800071e+01,7.596862416954825676e+03,2.771549766324158881e+01,1.167455669965564593e+05
4.590202614942067072e+01,8.656664166041510100e+01,7.596851503161164146e+03,2.771545784664282763e+01,1.169418746065278829e+05
4.593636945444038844e+01,8.654163540885221551e+01,7.596840551412772584e+03,2.771541789157449642e+01,1.171385116455877433e+05
4.597071280897008450e+01,8.651662915728933001e+01,7.596829561577709683e+03,2.771537779755524511e+01,1.173354786579339707e+05
4.600505621318205840e+01,8.649162290572643030e+01,7.596818533523577571e+03,2.771533756410204319e+01,1.175327761885979417e+05
4.603939966724921362e+01,8.646661665416354481e+01,7.596807467117518172e+03,2.771529719073019038e+01,1.177304047834457160e+05
4.607374317134511443e+01,8.644161040260064510e+01,7.596796362226214114e+03,2.771525667695330597e+01,1.179283649891804234e+05
4.610808672564387223e+01,8.641660415103775961e+01,7.596785218715882365e+03,2.771521602228331105e+01,1.181266573533410410e+05
4.614243033032020236e+01,8.639159789947487411e+01,7.596774036452275141e+03,2.771517522623043206e+01,1.183252824243048381e+05
4.617677398554948809e+01,8.636659164791197441e+01,7.596762815300680813e+03,2.771513428830320080e+01,1.185242407512883656e+05
4.621111769150766690e+01,8.634158539634907470e+01,7.596751555125916639e+03,2.771509320800844023e+01,1.187235328843477328e+05
4.624546144837128736e+01,8.631657914478620341e+01,7.596740255792334210e+03,2.771505198485125732e+01,1.189231593743801641e+05
4.627980525631755171e+01,8.629157289322331792e+01,7.596728917163810365e+03,2.771501061833504309e+01,1.191231207731251052e+05
4.631414911552429459e+01,8.626656664166040400e+01,7.596717539103750823e+03,2.771496910796145841e+01,1.193234176331653871e+05
4.634849302616986222e+01,8.624156039009753272e+01,7.596706121475087457e+03,2.771492745323044105e+01,1.195240505079266150e+05
4.638283698843332559e+01,8.621655413853464722e+01,7.596694664140274654e+03,2.771488565364019152e+01,1.197250199516809953e+05
4.641718100249437384e+01,8.619154788697174752e+01,7.596683166961290226e+03,2.771484370868715885e+01,1.199263265195458953e+05
4.645152506853327878e+01,8.616654163540884781e+01,7.596671629799632683e+03,2.771480161786605123e+01,1.201279707674861129e+05
4.648586918673093038e+01,8.614153538384597653e+01,7.596660052516317592e+03,2.771475938066981826e+01,1.203299532523143134e+05
4.652021335726891493e+01,8.611652913228307682e+01,7.596648434971880306e+03,2.771471699658965093e+01,1.205322745316927321e+05
4.655455758032939428e+01,8.609152288072017711e+01,7.596636777026370510e+03,2.771467446511497101e+01,1.207349351641332905e+05
4.658890185609516266e+01,8.606651662915729162e+01,7.596625078539353126e+03,2.771463178573343100e+01,1.209379357089991390e+05
4.662324618474971061e+01,8.604151037759440612e+01,7.596613339369903770e+03,2.771458895793089994e+01,1.211412767265060538e+05
4.665759056647710423e+01,8.601650412603150642e+01,7.596601559376607838e+03,2.771454598119145984e+01,1.213449587777224951e+05
4.669193500146205622e+01,8.599149787446862092e+01,7.596589738417562330e+03,2.771450285499740218e+01,1.215489824245710770e+05
4.672627948988997559e+01,8.596649162290572121e+01,7.596577876350370389e+03,2.771445957882923139e+01,1.217533482298301678e+05
4.676062403194686112e+01,8.594148537134283572e+01,7.596565973032139482e+03,2.771441615216562937e+01,1.219580567571339488e+05
4.679496862781936528e+01,8.591647911977995022e+01,7.596554028319483223e+03,2.771437257448348390e+01,1.221631085709736799e+05
4.682931327769483687e+01,8.589147286821705052e+01,7.596542042068513183e+03,2.771432884525784601e+01,1.223685042366991984e+05
4.686365798176122865e+01,8.586646661665415081e+01,7.596530014134845260e+03,2.771428496396196905e+01,1.225742443205197196e+05
4.689800274020713999e+01,8.584146036509127953e+01,7.596517944373593309e+03,2.771424093006726252e+01,1.227803293895041570e+05
4.693234755322187368e+01,8.581645411352839403e+01,7.596505832639365508e+03,2.771419674304329561e+01,1.229867600115831010e+05
4.696669242099540753e+01,8.579144786196548012e+01,7.596493678786267992e+03,2.771415240235780786e+01,1.231935367555498378e+05
4.700103734371826647e+01,8.576644161040260883e+01,7.596481482667898490e+03,2.771410790747668074e+01,1.234006601910597383e+05
4.703538232158174992e+01,8.574143535883972334e+01,7.596469244137348142e+03,2.771406325786395186e+01,1.236081308886337501e+05
4.706972735477782521e+01,8.571642910727680942e+01,7.596456963047194222e+03,2.771401845298178301e+01,1.238159494196576561e+05
4.710407244349902101e+01,8.569142285571392392e+01,7.596444639249506508e+03,2.771397349229047791e+01,1.240241163563832379e+05
4.713841758793864045e+01,8.566641660415105264e+01,7.596432272595839095e+03,2.771392837524846442e+01,1.242326322719298769e+05
4.717276278829064751e+01,8.564141035258815293e+01,7.596419862937228572e+03,2.771388310131228749e+01,1.244414977402856020e+05
4.720710804474963851e+01,8.561640410102525323e+01,7.596407410124198577e+03,2.771383766993660913e+01,1.246507133363074245e+05
4.724145335751088481e+01,8.559139784946236773e+01,7.596394914006750696e+03,2.771379208057419774e+01,1.248602796357225016e+05
4.727579872677041095e+01,8.556639159789948224e+01,7.596382374434365374e+03,2.771374633267591037e+01,1.250701972151301015e+05
4.731014415272484541e+01,8.554138534633658253e+01,7.596369791256001008e+03,2.771370042569071046e+01,1.252804666520010942e+05
4.734448963557152013e+01,8.551637909477369703e+01,7.596357164320094853e+03,2.771365435906565011e+01,1.254910885246802209e+05
4.737883517550849888e+01,8.549137284321079733e+01,7.596344493474551200e+03,2.771360813224584163e+01,1.257020634123862983e+05
4.741318077273448495e+01,8.546636659164791183e+01,7.596331778566751382e+03,2.771356174467448952e+01,1.259133918952137610e+05
4.744752642744887083e+01,8.544136034008502634e+01,7.596319019443544676e+03,2.771351519579285849e+01,1.261250745541331125e+05
4.748187213985180222e+01,8.541635408852212663e+01,7.596306215951251033e+03,2.771346848504027705e+01,1.263371119709927589e+05
4.751621791014406426e+01,8.539134783695922692e+01,7.596293367935651986e+03,2.771342161185411612e+01,1.265495047285189357e+05
4.755056373852713847e+01,8.536634158539635564e+01,7.596280475241997920e+03,2.771337457566980333e+01,1.267622534103174257e+05
4.758490962520324530e+01,8.534133533383347014e+01,7.596267537714999889e+03,2.771332737592080164e+01,1.269753586008747952e+05
4.761925557037533707e+01,8.531632908227055623e+01,7.596254555198830531e+03,2.771328001203860580e+01,1.271888208855587727e+05
4.765360157424694165e+01,8.529132283070768494e+01,7.596241527537120419e+03,2.771323248345274237e+01,1.274026408506191510e+05
4.768794763702243245e+01,8.526631657914479945e+01,7.596228454572959890e+03,2.771318478959075549e+01,1.276168190831895481e+05
4.772229375890687919e+01,8.524131032758188553e+01,7.596215336148889946e+03,2.771313692987819266e+01,1.278313561712880619e+05
4.775663994010595559e+01,8.521630407601900004e+01,7.596202172106908620e+03,2.771308890373861900e+01,1.280462527038176195e+05
4.779098618082616667e+01,8.519129782445612875e+01,7.596188962288462790e+03,2.771304071059358520e+01,1.282615092705678544e+05
4.782533248127472092e+01,8.516629157289322904e+01,7.596175706534450910e+03,2.771299234986264182e+01,1.284771264622159069e+05
4.785967884165950181e+01,8.514128532133032934e+01,7.596162404685219371e+03,2.771294382096333564e+01,1.286931048703276028e+05
4.789402526218911760e+01,8.511627906976744384e+01,7.596149056580557044e+03,2.771289512331116356e+01,1.289094450873570750e+05
4.792837174307297232e+01,8.509127281820455835e+01,7.596135662059698916e+03,2.771284625631961163e+01,1.291261477066499501e+05
4.796271828452112373e+01,8.506626656664165864e+01,7.596122220961322455e+03,2.771279721940013019e+01,1.293432133224428544e+05
4.799706488674437566e+01,8.504126031507877315e+01,7.596108733123543061e+03,2.771274801196211968e+01,1.295606425298643298e+05
4.803141154995432061e+01,8.501625406351587344e+01,7.596095198383914976e+03,2.771269863341293060e+01,1.297784359249367699e+05
4.806575827436323323e+01,8.499124781195298795e+01,7.596081616579428555e+03,2.771264908315786002e+01,1.299965941045770887e+05
4.810010506018411292e+01,8.496624156039010245e+01,7.596067987546507538e+03,2.771259936060013374e+01,1.302151176665967796e+05
4.813445190763077619e+01,8.494123530882720274e+01,7.596054311121009960e+03,2.771254946514091344e+01,1.304340072097043885e+05
4.816879881691771459e+01,8.491622905726431725e+01,7.596040587138219962e+03,2.771249939617927183e+01,1.306532633335055580e+05
4.820314578826017282e+01,8.489122280570143175e+01,7.596026815432853255e+03,2.771244915311220680e+01,1.308728866385039437e+05
4.823749282187419851e+01,8.486621655413853205e+01,7.596012995839049836e+03,2.771239873533460951e+01,1.310928777261028299e+05
4.827183991797654272e+01,8.484121030257563234e+01,7.595999128190374904e+03,2.771234814223928211e+01,1.313132371986056969e+05
4.830618707678470258e+01,8.481620405101276106e+01,7.595985212319816128e+03,2.771229737321691644e+01,1.315339656592171814e+05
4.834053429851697103e+01,8.479119779944987556e+01,7.595971248059781828e+03,2.771224642765609048e+01,1.317550637120443280e+05
4.837488158339242972e+01,8.476619154788696164e+01,7.595957235242093702e+03,2.771219530494324346e+01,1.319765319620974769e+05
4.840922893163079266e+01,8.474118529632407615e+01,7.595943173697996826e+03,2.771214400446270787e+01,1.321983710152905260e+05
4.844357634345266916e+01,8.471617904476120486e+01,7.595929063258145106e+03,2.771209252559665970e+01,1.324205814784431423e+05
4.847792381907941461e+01,8.469117279319830516e+01,7.595914903752605824e+03,2.771204086772513975e+01,1.326431639592814317e+05
4.851227135873310914e+01,8.466616654163540545e+01,7.595900695010857817e+03,2.771198903022603943e+01,1.328661190664382011e+05
4.854661896263661447e+01,8.464116029007251996e+01,7.595886436861786933e+03,2.771193701247508301e+01,1.330894474094541511e+05
4.858096663101362367e+01,8.461615403850963446e+01,7.595872129133685121e+03,2.771188481384583113e+01,1.333131495987799135e+05
4.861531436408854745e+01,8.459114778694673475e+01,7.595857771654246790e+03,2.771183243370966665e+01,1.335372262457752659e+05
4.864966216208657812e+01,8.456614153538384926e+01,7.595843364250569721e+03,2.771177987143579102e+01,1.337616779627113428e+05
4.868401002523376064e+01,8.454113528382096376e+01,7.595828906749152338e+03,2.771172712639122437e+01,1.339865053627719462e+05
4.871835795375686473e+01,8.451612903225806406e+01,7.595814398975887343e+03,2.771167419794077347e+01,1.342117090600529918e+05
4.875270594788344170e+01,8.449112278069517856e+01,7.595799840756068079e+03,2.771162108544705660e+01,1.344372896695645759e+05
4.878705400784189550e+01,8.446611652913227886e+01,7.595785231914376709e+03,2.771156778827046807e+01,1.346632478072323138e+05
4.882140213386137617e+01,8.444111027756939336e+01,7.595770572274888764e+03,2.771151430576918528e+01,1.348895840898971364e+05
4.885575032617182956e+01,8.441610402600650787e+01,7.595755861661070412e+03,2.771146063729915809e+01,1.351162991353168909e+05
4.889009858500405414e+01,8.439109777444360816e+01,7.595741099895772095e+03,2.771140678221410170e+01,1.353433935621675919e+05
4.892444691058960160e+01,8.436609152288070845e+01,7.595726286801230344e+03,2.771135273986548242e+01,1.355708679900437710e+05
4.895879530316081940e+01,8.434108527131783717e+01,7.595711422199066874e+03,2.771129850960252483e+01,1.357987230394596118e+05
4.899314376295091478e+01,8.431607901975495167e+01,7.595696505910281303e+03,2.771124409077218687e+01,1.360269593318505795e+05
4.902749229019392629e+01,8.429107276819203776e+01,7.595681537755253885e+03,2.771118948271915983e+01,1.362555774895736831e+05
4.906184088512457464e+01,8.426606651662915226e+01,7.595666517553739141e+03,2.771113468478586483e+01,1.364845781359076791e+05
4.909618954797853974e+01,8.424106026506628098e+01,7.595651445124867678e+03,2.771107969631243506e+01,1.367139618950562435e+05
4.913053827899228310e+01,8.421605401350338127e+01,7.595636320287142553e+03,2.771102451663671928e+01,1.369437293921469827e+05
4.916488707840305494e+01,8.419104776194048156e+01,7.595621142858434723e+03,2.771096914509425702e+01,1.371738812532330048e+05
4.919923594644893683e+01,8.416604151037759607e+01,7.595605912655986685e+03,2.771091358101830338e+01,1.374044181052940257e+05
4.923358488336889849e+01,8.414103525881471057e+01,7.595590629496402471e+03,2.771085782373977224e+01,1.376353405762373004e+05
4.926793388940268414e+01,8.411602900725181087e+01,7.595575293195651284e+03,2.771080187258726824e+01,1.378666492948980303e+05
4.930228296479086225e+01,8.409102275568892537e+01,7.595559903569064772e+03,2.771074572688707249e+01,1.380983448910412844e+05
4.933663210977491076e+01,8.406601650412603988e+01,7.595544460431330663e+03,2.771068938596311071e+01,1.383304279953621153e+05
4.937098132459708211e+01,8.404101025256314017e+01,7.595528963596496396e+03,2.771063284913697444e+01,1.385628992394867237e+05
4.940533060950048139e+01,8.401600400100025468e+01,7.595513412877963674e+03,2.771057611572790336e+01,1.387957592559739132e+05
4.943967996472910897e+01,8.399099774943735497e+01,7.595497808088482998e+03,2.770909769674266343e+01,1.390291091827825585e+05
4.947402939052775395e+01,8.396599149787446947e+01,7.595482149040160039e+03,2.770509314805563506e+01,1.392630281316403998e+05
4.950837888714207224e+01,8.394098524631158398e+01,7.595466435544444721e+03,2.770109010363481872e+01,1.394973378788752016e+05
4.954272845481862930e+01,8.391597899474868427e+01,7.595450667412133043e+03,2.769708856166402100e+01,1.397320393393159611e+05
4.957707809380477926e+01,8.389097274318578457e+01,7.595434844453367077e+03,2.769308852032617096e+01,1.399671333089494437e+05
4.961142780434875021e+01,8.386596649162291328e+01,7.595418966477625872e+03,2.768908997780332015e+01,1.402026205209852487e+05
4.964577758669967267e+01,8.384096024006002779e+01,7.595403033293730005e+03,2.768509293227664614e+01,1.404385016747665068e+05
4.968012744110756529e+01,8.381595398849711387e+01,7.595387044709836118e+03,2.768109738192642411e+01,1.406747774509249721e+05
4.971447736782318572e+01,8.379094773693422837e+01,7.595371000533434199e+03,2.767710332493203040e+01,1.409114485194920271e+05
4.974882736709830056e+01,8.376594148537135709e+01,7.595354900571345752e+03,2.767311075947192478e+01,1.411485155443586118e+05
4.978317743918552907e+01,8.374093523380845738e+01,7.595338744629723806e+03,2.766911968372366104e+01,1.413859791857998061e+05
4.981752758433832895e+01,8.371592898224555768e+01,7.595322532514045633e+03,2.766513009586385863e+01,1.416238401019593584e+05
4.985187780281103898e+01,8.369092273068268639e+01,7.595306264029117301e+03,2.766114199406820262e+01,1.418620989497581904e+05
4.988622809485895004e+01,8.366591647911978669e+01,7.595289938979064573e+03,2.765715537651142242e+01,1.421007563854731852e+05
4.992057846073817728e+01,8.364091022755688698e+01,7.595273557167334729e+03,2.765317024136732016e+01,1.423398130651226966e+05
4.995492890070572400e+01,8.361590397599400148e+01,7.595257118396690203e+03,2.764918658680869612e+01,1.425792696447315684e+05
4.998927941501955985e+01,8.359089772443111599e+01,7.595240622469214031e+03,2.764520441100743398e+01,1.428191267805244715e+05
5.002363000393847869e+01,8.356589147286821628e+01,7.595224069186296219e+03,2.764122371213437290e+01,1.430593851290636230e+05
5.005798066772219101e+01,8.354088522130533079e+01,7.595207458348643740e+03,2.763724448835942837e+01,1.433000453473587404e+05
5.009233140663136652e+01,8.351587896974243108e+01,7.595190789756267804e+03,2.763326673785146781e+01,1.435411080929486488e+05
5.012668222092751336e+01,8.349087271817954559e+01,7.595174063208486587e+03,2.762929045877838519e+01,1.437825740239677252e+05
5.016103311087306338e+01,8.346586646661666009e+01,7.595157278503922498e+03,2.762531564930704420e+01,1.440244437991980521e+05
5.019538407673142189e+01,8.344086021505376038e+01,7.595140435440497640e+03,2.762134230760329245e+01,1.442667180781142088e+05
5.022973511876683972e+01,8.341585396349086068e+01,7.595123533815434712e+03,2.761737043183194373e+01,1.445093975209171767e+05
5.026408623724450564e+01,8.339084771192798939e+01,7.595106573425251554e+03,2.761340002015677086e+01,1.447524827885650448e+05
5.029843743243055343e+01,8.336584146036510390e+01,7.595089554065760240e+03,2.760943107074049507e+01,1.449959745427983580e+05
5.033278870459208321e+01,8.334083520880218998e+01,7.595072475532064345e+03,2.760546358174476822e+01,1.452398734461611893e+05
5.036714005399699090e+01,8.331582895723930449e+01,7.595055337618557132e+03,2.760149755133020122e+01,1.454841801620190381e+05
5.040149148091423115e+01,8.329082270567643320e+01,7.595038140118916090e+03,2.759753297765631075e+01,1.457288953545756231e+05
5.043584298561367518e+01,8.326581645411353350e+01,7.595020882826104753e+03,2.759356985888151925e+01,1.459740196888859791e+05
5.047019456836608953e+01,8.324081020255063379e+01,7.595003565532367247e+03,2.758960819316317270e+01,1.462195538308688556e+05
5.050454622944319283e+01,8.321580395098776251e+01,7.594986188029229197e+03,2.758564797865750862e+01,1.464654984473170480e+05
5.053889796911771271e+01,8.319079769942486280e+01,7.594968750107488631e+03,2.758168921351963832e+01,1.467118542059074389e+05
5.057324978766325074e+01,8.316579144786196309e+01,7.594951251557221440e+03,2.757773189590356822e+01,1.469586217752087105e+05
5.060760168535437487e+01,8.314078519629907760e+01,7.594933692167774097e+03,2.757377602396217142e+01,1.472058018246894935e+05
5.064195366246666907e+01,8.311577894473619210e+01,7.594916071727759117e+03,2.756982159584715930e+01,1.474533950247246248e+05
5.067630571927661265e+01,8.309077269317329240e+01,7.594898390025061417e+03,2.756586860970913477e+01,1.477014020466020156e+05
5.071065785606164411e+01,8.306576644161040690e+01,7.594880646846823765e+03,2.756191706369750349e+01,1.479498235625267553e+05
5.074501007310023937e+01,8.304076019004750719e+01,7.594862841979454060e+03,2.755796695596052004e+01,1.481986602456282126e+05
5.077936237067178382e+01,8.301575393848462170e+01,7.594844975208618962e+03,2.755401828464526659e+01,1.484479127699631208e+05
5.081371474905662211e+01,8.299074768692173620e+01,7.594827046319240253e+03,2.755007104789762806e+01,1.486975818105204380e+05
5.084806720853615047e+01,8.296574143535883650e+01,7.594809055095493022e+03,2.754612524386229921e+01,1.489476680432254216e+05
5.088241974939268175e+01,8.294073518379593679e+01,7.594791001320806572e+03,2.754218087068277399e+01,1.491981721449432662e+05
5.091677237190950933e+01,8.291572893223306551e+01,7.594772884777854415e+03,2.753823792650133129e+01,1.494490947934814612e+05
5.095112507637095689e+01,8.289072268067018001e+01,7.594754705248559731e+03,2.753429640945902079e+01,1.497004366675951751e+05
5.098547786306234997e+01,8.286571642910726609e+01,7.594736462514087179e+03,2.753035631769565583e+01,1.499521984469885065e+05
5.101983073226990228e+01,8.284071017754439481e+01,7.594718156354842904e+03,2.752641764934982760e+01,1.502043808123168419e+05
5.105418368428093601e+01,8.281570392598150931e+01,7.594699786550469980e+03,2.752248040255885186e+01,1.504569844451912213e+05
5.108853671938377516e+01,8.279069767441859540e+01,7.594681352879847509e+03,2.751854457545879384e+01,1.507100100281800260e+05
5.112288983786762486e+01,8.276569142285570990e+01,7.594662855121090615e+03,2.751461016618447175e+01,1.509634582448107540e+05
5.115724304002282707e+01,8.274068517129283862e+01,7.594644293051538625e+03,2.751067717286937508e+01,1.512173297795722610e+05
5.119159632614071143e+01,8.271567891972993891e+01,7.594625666447763251e+03,2.750674559364574634e+01,1.514716253179190098e+05
5.122594969651357388e+01,8.269067266816703921e+01,7.594606975085559498e+03,2.750281542664450640e+01,1.517263455462696147e+05
5.126030315143474070e+01,8.266566641660415371e+01,7.594588218739943841e+03,2.749888666999527942e+01,1.519814911520112655e+05
5.129465669119861104e+01,8.264066016504126821e+01,7.594569397185153321e+03,2.749495932182635727e+01,1.522370628235012409e+05
5.132901031610056464e+01,8.261565391347836851e+01,7.594550510194640083e+03,2.749103338026472798e+01,1.524930612500677526e+05
5.136336402643699017e+01,8.259064766191548301e+01,7.594531557541073198e+03,2.748710884343601535e+01,1.527494871220122441e+05
5.139771782250538479e+01,8.256564141035258331e+01,7.594512538996329567e+03,2.748318570946451089e+01,1.530063411306112830e+05
5.143207170460421196e+01,8.254063515878969781e+01,7.594493454331498469e+03,2.747926397647315966e+01,1.532636239681178413e+05
5.146642567303297966e+01,8.251562890722681232e+01,7.594474303316872465e+03,2.747534364258351758e+01,1.535213363277623430e+05
5.150077972809229720e+01,8.249062265566391261e+01,7.594455085721948308e+03,2.747142470591578345e+01,1.537794789037555456e+05
5.153513387008376867e+01,8.246561640410101290e+01,7.594435801315421486e+03,2.746750716458875274e+01,1.540380523912881617e+05
5.156948809931003552e+01,8.244061015253814162e+01,7.594416449865187133e+03,2.746359101671983893e+01,1.542970574865333037e+05
5.160384241607486899e+01,8.241560390097524191e+01,7.594397031138336388e+03,2.745967626042505216e+01,1.545564948866484046e+05
5.163819682068302797e+01,8.239059764941234221e+01,7.594377544901147303e+03,2.745576289381896729e+01,1.548163652897748689e+05
5.167255131344033714e+01,8.236559139784947092e+01,7.594357990919093936e+03,2.745185091501477004e+01,1.550766693950410408e+05
5.170690589465372256e+01,8.234058514628658543e+01,7.594338368956830891e+03,2.744794032212417889e+01,1.553374079025619722e+05
5.174126056463121159e+01,8.231557889472367151e+01,7.594318678778200592e+03,2.744403111325746991e+01,1.555985815134426230e+05
5.177561532368176955e+01,8.229057264316078601e+01,7.594298920146223281e+03,2.744012328652348387e+01,1.558601909297761449e+05
5.180997017211556965e+01,8.226556639159791473e+01,7.594279092823098836e+03,2.743621684002958006e+01,1.561222368546477810e+05
5.184432511024383672e+01,8.224056014003501502e+01,7.594259196570202221e+03,2.743231177188165404e+01,1.563847199921353313e+05
5.187868013837884718e+01,8.221555388847211532e+01,7.594239231148080762e+03,2.742840808018410570e+01,1.566476410473090364e+05
5.191303525683396458e+01,8.219054763690922982e+01,7.594219196316450507e+03,2.742450576303984633e+01,1.569110007262336148e+05
5.194739046592369647e+01,8.216554138534634433e+01,7.594199091834194405e+03,2.742060481855028797e+01,1.571747997359700385e+05
5.198174576596360197e+01,8.214053513378344462e+01,7.594178917459358672e+03,2.741670524481530435e+01,1.574390387845746591e+05
5.201610115727032735e+01,8.211552888222055913e+01,7.594158672949152788e+03,2.741280703993327705e+01,1.577037185811024101e+05
5.205045664016168416e+01,8.209052263065765942e+01,7.594138358059939492e+03,2.740891020200103156e+01,1.579688398356065154e+05
5.208481221495652846e+01,8.206551637909477392e+01,7.594117972547241152e+03,2.740501472911385861e+01,1.582344032591397408e+05
5.211916788197483896e+01,8.204051012753188843e+01,7.594097516165729758e+03,2.740112061936547505e+01,1.585004095637550054e+05
5.215352364153775255e+01,8.201550387596898872e+01,7.594076988669226921e+03,2.739722787084805233e+01,1.587668594625081168e+05
5.218787949396748616e+01,8.199049762440610323e+01,7.594056389810699329e+03,2.739333648165217383e+01,1.590337536694562586e+05
5.222223543958735803e+01,8.196549137284321773e+01,7.594035719342259654e+03,2.738944644986684906e+01,1.593010928996602597e+05
5.225659147872188726e+01,8.194048512128031803e+01,7.594014977015157456e+03,2.738555777357946397e+01,1.595688778691856132e+05
5.229094761169665873e+01,8.191547886971741832e+01,7.593994162579782824e+03,2.738167045087583418e+01,1.598371092951035534e+05
5.232530383883839420e+01,8.189047261815454704e+01,7.593973275785657279e+03,2.737778447984012331e+01,1.601057878954906482e+05
5.235966016047498783e+01,8.186546636659166154e+01,7.593952316381435594e+03,2.737389985855489982e+01,1.603749143894313311e+05
5.239401657693549907e+01,8.184046011502874762e+01,7.593931284114900336e+03,2.737001658510105528e+01,1.606444894970185414e+05
5.242837308855002476e+01,8.181545386346586213e+01,7.593910178732959139e+03,2.736613465755786834e+01,1.609145139393524441e+05
5.246272969564991229e+01,8.179044761190299084e+01,7.593888999981642883e+03,2.736225407400294785e+01,1.611849884385449695e+05
5.249708639856766013e+01,8.176544136034009114e+01,7.593867747606098419e+03,2.735837483251221158e+01,1.614559137177175726e+05
5.253144319763688230e+01,8.174043510877719143e+01,7.593846421350594937e+03,2.735449693115992886e+01,1.617272905010035902e+05
5.256580009319234392e+01,8.171542885721430594e+01,7.593825020958508503e+03,2.735062036801866370e+01,1.619991195135485032e+05
5.260015708557005354e+01,8.169042260565142044e+01,7.593803546172328424e+03,2.734674514115926769e+01,1.622714014815111586e+05
5.263451417510712105e+01,8.166541635408852073e+01,7.593781996733650885e+03,2.734287124865090490e+01,1.625441371320644103e+05
5.266887136214182874e+01,8.164041010252563524e+01,7.593760372383175309e+03,2.733899868856098792e+01,1.628173271933954093e+05
5.270322864701370236e+01,8.161540385096273553e+01,7.593738672860701627e+03,2.733512745895522045e+01,1.630909723947077000e+05
5.273758603006339030e+01,8.159039759939985004e+01,7.593716897905130281e+03,2.733125755789755118e+01,1.633650734662212781e+05
5.277194351163273467e+01,8.156539134783696454e+01,7.593695047254452220e+03,2.732738898345017375e+01,1.636396311391722120e+05
5.280630109206481393e+01,8.154038509627406484e+01,7.593673120645750714e+03,2.732352173367350900e+01,1.639146461458156409e+05
5.284065877170385050e+01,8.151537884471117934e+01,7.593651117815200450e+03,2.731965580662622273e+01,1.641901192194253672e+05
5.287501655089526764e+01,8.149037259314829384e+01,7.593629038498058435e+03,2.731579120036517239e+01,1.644660510942937690e+05
5.290937442998575335e+01,8.146536634158539414e+01,7.593606882428664903e+03,2.731192791294543198e+01,1.647424425057347107e+05
5.294373240932313962e+01,8.144036009002249443e+01,7.593584649340437863e+03,2.730806594242025298e+01,1.650192941900823789e+05
5.297809048925647346e+01,8.141535383845962315e+01,7.593562338965873096e+03,2.730420528684107495e+01,1.652966068846925045e+05
5.301244867013605955e+01,8.139034758689673765e+01,7.593539951036535058e+03,2.730034594425750427e+01,1.655743813279437018e+05
5.304680695231343179e+01,8.136534133533382374e+01,7.593517485283062342e+03,2.729648791271730346e+01,1.658526182592384284e+05
5.308116533614124677e+01,8.134033508377093824e+01,7.593494941435154033e+03,2.729263119026638407e+01,1.661313184190014726e+05
5.311552382197349687e+01,8.131532883220806696e+01,7.593472319221577891e+03,2.728877577494880313e+01,1.664104825486836780e+05
5.314988241016539661e+01,8.129032258064516725e+01,7.593449618370157623e+03,2.728492166480671699e+01,1.666901113907604886e+05
5.318424110107335423e+01,8.126531632908226754e+01,7.593426838607773789e+03,2.728106885788042391e+01,1.669702056887339277e+05
5.321859989505502142e+01,8.124031007751938205e+01,7.593403979660359255e+03,2.727721735220831789e+01,1.672507661871321907e+05
5.325295879246935016e+01,8.121530382595649655e+01,7.593381041252899195e+03,2.727336714582686028e+01,1.675317936315111583e+05
5.328731779367649324e+01,8.119029757439359685e+01,7.593358023109423812e+03,2.726951823677062592e+01,1.678132887684551824e+05
5.332167689903786112e+01,8.116529132283071135e+01,7.593334924953005611e+03,2.726567062307224276e+01,1.680952523455764167e+05
5.335603610891616455e+01,8.114028507126782586e+01,7.593311746505759402e+03,2.726182430276239899e+01,1.683776851115180179e+05
5.339039542367533642e+01,8.111527881970492615e+01,7.593288487488834107e+03,2.725797927386982167e+01,1.686605878159515851e+05
5.342475484368057437e+01,8.109027256814204065e+01,7.593265147622411860e+03,2.725413553442128745e+01,1.689439612095805642e+05
5.345911436929840477e+01,8.106526631657914095e+01,7.593241726625708907e+03,2.725029308244159409e+01,1.692278060441396083e+05
5.349347400089657611e+01,8.104026006501625545e+01,7.593218224216961971e+03,2.724645191595352500e+01,1.695121230723947519e+05
5.352783373884411589e+01,8.101525381345336996e+01,7.593194640113435526e+03,2.724261203297790956e+01,1.697969130481455650e+05
5.356219358351139448e+01,8.099024756189047025e+01,7.593170974031412698e+03,2.723877343153353081e+01,1.700821767262245703e+05
5.359655353527001864e+01,8.096524131032757055e+01,7.593147225686191632e+03,2.723493610963717160e+01,1.703679148624982918e+05
5.363091359449289541e+01,8.094023505876469926e+01,7.593123394792085492e+03,2.723110006530356486e+01,1.706541282138673705e+05
5.366527376155425344e+01,8.091522880720181377e+01,7.593099481062416089e+03,2.722726529654540784e+01,1.709408175382685149e+05
5.369963403682966430e+01,8.089022255563889985e+01,7.593075484209511160e+03,2.722343180137333718e+01,1.712279835946735984e+05
5.373399442069587906e+01,8.086521630407601435e+01,7.593051403944702543e+03,2.721959957779593609e+01,1.715156271430907946e+05
5.376835491353108409e+01,8.084021005251314307e+01,7.593027239978319813e+03,2.721576862381968098e+01,1.718037489445650426e+05
5.380271551571476607e+01,8.081520380095024336e+01,7.593002992019690282e+03,2.721193893744897707e+01,1.720923497611796192e+05
5.383707622762768352e+01,8.079019754938734366e+01,7.592978659777131725e+03,2.720811051668611924e+01,1.723814303560552071e+05
5.387143704965193791e+01,8.076519129782447237e+01,7.592954242957953284e+03,2.720428335953129562e+01,1.726709914933512337e+05
5.390579798217101626e+01,8.074018504626157267e+01,7.592929741268446378e+03,2.720045746398255204e+01,1.729610339382663951e+05
5.394015902556967745e+01,8.071517879469867296e+01,7.592905154413886521e+03,2.719663282803580628e+01,1.732515584570398205e+05
5.397452018023403042e+01,8.069017254313578746e+01,7.592880482098526954e+03,2.719280944968482316e+01,1.735425658169497619e+05
5.400888144655158385e+01,8.066516629157290197e+01,7.592855724025597738e+03,2.718898732692121456e+01,1.738340567863168835e+05
5.404324282491113252e+01,8.064016004001000226e+01,7.592830879897297564e+03,2.718516645773440032e+01,1.741260321345019038e+05
5.407760431570284254e+01,8.061515378844711677e+01,7.592805949414793758e+03,2.718134684011162605e+01,1.744184926319080987e+05
5.411196591931827982e+01,8.059014753688421706e+01,7.592780932278218643e+03,2.717752847203793820e+01,1.747114390499815636e+05
5.414632763615033184e+01,8.056514128532133157e+01,7.592755828186665894e+03,2.717371135149617700e+01,1.750048721612110385e+05
5.418068946659324325e+01,8.054013503375844607e+01,7.592730636838184182e+03,2.716989547646694803e+01,1.752987927391286648e+05
5.421505141104270109e+01,8.051512878219554636e+01,7.592705357929776255e+03,2.716608084492863284e+01,1.755932015583112661e+05
5.424941346989570690e+01,8.049012253063264666e+01,7.592679991157395307e+03,2.716226745485736060e+01,1.758880993943792710e+05
5.428377564355065488e+01,8.046511627906977537e+01,7.592654536215942244e+03,2.715845530422701870e+01,1.761834870239992160e+05
5.431813793240735322e+01,8.044011002750688988e+01,7.592628992799256594e+03,2.715464439100918526e+01,1.764793652248820581e+05
5.435250033686703830e+01,8.041510377594397596e+01,7.592603360600121960e+03,2.715083471317321084e+01,1.767757347757864336e+05
5.438686285733221126e+01,8.039009752438109047e+01,7.592577639310253289e+03,2.714702626868610125e+01,1.770725964565154281e+05
5.442122549420690802e+01,8.036509127281821918e+01,7.592551828620297783e+03,2.714321905551257785e+01,1.773699510479200690e+05
5.445558824789657137e+01,8.034008502125530526e+01,7.592525928219832167e+03,2.713941307161504213e+01,1.776677993318997906e+05
5.448995111880793019e+01,8.031507876969241977e+01,7.592499937797356324e+03,2.713560831495356496e+01,1.779661420914000482e+05
5.452431410734926231e+01,8.029007251812954848e+01,7.592473857040291477e+03,2.713180478348585822e+01,1.782649801104155777e+05
5.455867721393023828e+01,8.026506626656664878e+01,7.592447685634973823e+03,2.712800247516729613e+01,1.785643141739905986e+05
5.459304043896192127e+01,8.024006001500374907e+01,7.592421423266654529e+03,2.712420138795087254e+01,1.788641450682174764e+05
5.462740378285680265e+01,8.021505376344086358e+01,7.592395069619494279e+03,2.712040151978720814e+01,1.791644735802384675e+05
5.466176724602888015e+01,8.019004751187797808e+01,7.592368624376555999e+03,2.711660286862450420e+01,1.794653004982462153e+05
5.469613082889352995e+01,8.016504126031507838e+01,7.592342087219809400e+03,2.711280543240858876e+01,1.797666266114836908e+05
5.473049453186757773e+01,8.014003500875219288e+01,7.592315457830118248e+03,2.710900920908285272e+01,1.800684527102443972e+05
5.476485835536936264e+01,8.011502875718929317e+01,7.592288735887242183e+03,2.710521419658825693e+01,1.803707795858739701e+05
5.479922229981861648e+01,8.009002250562640768e+01,7.592261921069830350e+03,2.710142039286331794e+01,1.806736080307691300e+05
5.483358636563654187e+01,8.006501625406352218e+01,7.592235013055420495e+03,2.709762779584410453e+01,1.809769388383787009e+05
5.486795055324586912e+01,8.004001000250062248e+01,7.592208011520429864e+03,2.709383640346419497e+01,1.812807728032046580e+05
5.490231486307073538e+01,8.001500375093772277e+01,7.592180916140156114e+03,2.709004621365468779e+01,1.815851107208008470e+05
5.493667929553676288e+01,7.998999749937485149e+01,7.592153726588772770e+03,2.708625722434421235e+01,1.818899533877749345e+05
5.497104385107110147e+01,7.996499124781196599e+01,7.592126442539323762e+03,2.708246943345885782e+01,1.821953016017880873e+05
5.500540853010240028e+01,7.993998499624905207e+01,7.592099063663719789e+03,2.707868283892220518e+01,1.825011561615558749e+05
5.503977333306068687e+01,7.991497874468618079e+01,7.592071589632735595e+03,2.707489743865530585e+01,1.828075178668468725e+05
5.507413826037760884e+01,7.988997249312329529e+01,7.592044020116002685e+03,2.707111323057665331e+01,1.831143875184856006e+05
5.510850331248631306e+01,7.986496624156038138e+01,7.592016354782012968e+03,2.706733021260218308e+01,1.834217659183512733e+05
5.514286848982134615e+01,7.983995998999749588e+01,7.591988593298106025e+03,2.706354838264527274e+01,1.837296538693775074e+05
5.517723379281888896e+01,7.981495373843462460e+01,7.591960735330468196e+03,2.705976773861667795e+01,1.840380521755545633e+05
5.521159922191661451e+01,7.978994748687172489e+01,7.591932780544133493e+03,2.705598827842459286e+01,1.843469616419287049e+05
5.524596477755368795e+01,7.976494123530882518e+01,7.591904728602972682e+03,2.705220999997457554e+01,1.846563830746017047e+05
5.528033046017080920e+01,7.973993498374593969e+01,7.591876579169690558e+03,2.704843290116956922e+01,1.849663172807317169e+05
5.531469627021026270e+01,7.971492873218305419e+01,7.591848331905827763e+03,2.704465697990987039e+01,1.852767650685349945e+05
5.534906220811582500e+01,7.968992248062015449e+01,7.591819986471748962e+03,2.704088223409312519e+01,1.855877272472835903e+05
5.538342827433281457e+01,7.966491622905726899e+01,7.591791542526641933e+03,2.703710866161431525e+01,1.858992046273073356e+05
5.541779446930816988e+01,7.963990997749436929e+01,7.591762999728518480e+03,2.703333626036574699e+01,1.862111980199942773e+05
5.545216079349032157e+01,7.961490372593148379e+01,7.591734357734199875e+03,2.702956502823702323e+01,1.865237082377893676e+05
5.548652724732926345e+01,7.958989747436859830e+01,7.591705616199322321e+03,2.702579496311506091e+01,1.868367360941968218e+05
5.552089383127661648e+01,7.956489122280569859e+01,7.591676774778328763e+03,2.702202606288402720e+01,1.871502824037784012e+05
5.555526054578552930e+01,7.953988497124279888e+01,7.591647833124462522e+03,2.701825832542537498e+01,1.874643479821549263e+05
5.558962739131071373e+01,7.951487871967992760e+01,7.591618790889770025e+03,2.701449174861782154e+01,1.877789336460057239e+05
5.562399436830853716e+01,7.948987246811702789e+01,7.591589647725088980e+03,2.701072633033729886e+01,1.880940402130697621e+05
5.565836147723688754e+01,7.946486621655412819e+01,7.591560403280050195e+03,2.700696206845698200e+01,1.884096685021450685e+05
5.569272871855526574e+01,7.943985996499125690e+01,7.591531057203068485e+03,2.700319896084726423e+01,1.887258193330889335e+05
5.572709609272480691e+01,7.941485371342837141e+01,7.591501609141343579e+03,2.699943700537572155e+01,1.890424935268184636e+05
5.576146360020826620e+01,7.938984746186545749e+01,7.591472058740849207e+03,2.699567619990710554e+01,1.893596919053115125e+05
5.579583124146990514e+01,7.936484121030257199e+01,7.591442405646337647e+03,2.699191654230337178e+01,1.896774152916042076e+05
5.583019901697571896e+01,7.933983495873970071e+01,7.591412649501328815e+03,2.698815803042361594e+01,1.899956645097947330e+05
5.586456692719330874e+01,7.931482870717680100e+01,7.591382789948108439e+03,2.698440066212408439e+01,1.903144403850414092e+05
5.589893497259186006e+01,7.928982245561390130e+01,7.591352826627720788e+03,2.698064443525812806e+01,1.906337437435617903e+05
5.593330315364220695e+01,7.926481620405101580e+01,7.591322759179969580e+03,2.697688934767625213e+01,1.909535754126356333e+05
5.596767147081686744e+01,7.923980995248813031e+01,7.591292587243412527e+03,2.697313539722603437e+01,1.912739362206028600e+05
5.600203992458996538e+01,7.921480370092523060e+01,7.591262310455350416e+03,2.696938258175215708e+01,1.915948269968647801e+05
5.603640851543726598e+01,7.918979744936234511e+01,7.591231928451833483e+03,2.696563089909636801e+01,1.919162485718832177e+05
5.607077724383626105e+01,7.916479119779944540e+01,7.591201440867647761e+03,2.696188034709747328e+01,1.922382017771821120e+05
5.610514611026604115e+01,7.913978494623655990e+01,7.591170847336317820e+03,2.695813092359133378e+01,1.925606874453463824e+05
5.613951511520737370e+01,7.911477869467367441e+01,7.591140147490094932e+03,2.695438262641083327e+01,1.928837064100216376e+05
5.617388425914275274e+01,7.908977244311077470e+01,7.591109340959961628e+03,2.695063545338587829e+01,1.932072595059165033e+05
5.620825354255630657e+01,7.906476619154787500e+01,7.591078427375618958e+03,2.694688940234338048e+01,1.935313475688002072e+05
5.624262296593384747e+01,7.903975993998500371e+01,7.591047406365487404e+03,2.694314447110722810e+01,1.938559714355035685e+05
5.627699252976293565e+01,7.901475368842210401e+01,7.591016277556701425e+03,2.693940065749829671e+01,1.941811319439198414e+05
5.631136223453277978e+01,7.898974743685920430e+01,7.590985040575101266e+03,2.693565795933441365e+01,1.945068299330036971e+05
5.634573208073429385e+01,7.896474118529633301e+01,7.590953695045233871e+03,2.693191637443035091e+01,1.948330662427713105e+05
5.638010206886014686e+01,7.893973493373344752e+01,7.590922240590348338e+03,2.692817590059782518e+01,1.951598417143018451e+05
5.641447219940473445e+01,7.891472868217053360e+01,7.590890676832383178e+03,2.692443653564544093e+01,1.954871571897354734e+05
5.644884247286405810e+01,7.888972243060764811e+01,7.590859003391975421e+03,2.692069827737875087e+01,1.958150135122745705e+05
5.648321288973598087e+01,7.886471617904477682e+01,7.590827219888443324e+03,2.691696112360014226e+01,1.961434115261831030e+05
5.651758345052007826e+01,7.883970992748187712e+01,7.590795325939787290e+03,2.691322507210891501e+01,1.964723520767879672e+05
5.655195415571761686e+01,7.881470367591897741e+01,7.590763321162688953e+03,2.690949012070120716e+01,1.968018360104769235e+05
5.658632500583162539e+01,7.878969742435609191e+01,7.590731205172497539e+03,2.690575626717000901e+01,1.971318641747002839e+05
5.662069600136693737e+01,7.876469117279320642e+01,7.590698977583234409e+03,2.690202350930512765e+01,1.974624374179702427e+05
5.665506714283009160e+01,7.873968492123030671e+01,7.590666638007583970e+03,2.689829184489320113e+01,1.977935565898604400e+05
5.668943843072939615e+01,7.871467866966742122e+01,7.590634186056890030e+03,2.689456127171764876e+01,1.981252225410064566e+05
5.672380986557498517e+01,7.868967241810452151e+01,7.590601621341148530e+03,2.689083178755868531e+01,1.984574361231062794e+05
5.675818144787871233e+01,7.866466616654163602e+01,7.590568943469007536e+03,2.688710339019329254e+01,1.987901981889189628e+05
5.679255317815422188e+01,7.863965991497875052e+01,7.590536152047759970e+03,2.688337607739519797e+01,1.991235095922648616e+05
5.682692505691700546e+01,7.861465366341585081e+01,7.590503246683338148e+03,2.687964984693488191e+01,1.994573711880269984e+05
5.686129708468429556e+01,7.858964741185296532e+01,7.590470226980311054e+03,2.687592469657953131e+01,1.997917838321487361e+05
5.689566926197512942e+01,7.856464116029007982e+01,7.590437092541879792e+03,2.687220062409306820e+01,2.001267483816353197e+05
5.693004158931041303e+01,7.853963490872718012e+01,7.590403842969872130e+03,2.686847762723608568e+01,2.004622656945532071e+05
5.696441406721280742e+01,7.851462865716428041e+01,7.590370477864733402e+03,2.686475570376584798e+01,2.007983366300296912e+05
5.699878669620679972e+01,7.848962240560140913e+01,7.590336996825529241e+03,2.686103485143630820e+01,2.011349620482528408e+05
5.703315947681873865e+01,7.846461615403852363e+01,7.590303399449939207e+03,2.685731506799805146e+01,2.014721428104723745e+05
5.706753240957684170e+01,7.843960990247560972e+01,7.590269685334246788e+03,2.685359635119829846e+01,2.018098797789984965e+05
5.710190549501103874e+01,7.841460365091272422e+01,7.590235854073339397e+03,2.684987869878088418e+01,2.021481738172007899e+05
5.713627873365322785e+01,7.838959739934985294e+01,7.590201905260702915e+03,2.684616210848625073e+01,2.024870257895101677e+05
5.717065212603715452e+01,7.836459114778695323e+01,7.590167838488416237e+03,2.684244657805142253e+01,2.028264365614182025e+05
5.720502567269836902e+01,7.833958489622405352e+01,7.590133653347143991e+03,2.683873210520999208e+01,2.031664069994750025e+05
5.723939937417429746e+01,7.831457864466116803e+01,7.590099349426136541e+03,2.683501868769211640e+01,2.035069379712908703e+05
5.727377323100430573e+01,7.828957239309828253e+01,7.590064926313222713e+03,2.683130632322447795e+01,2.038480303455365356e+05
5.730814724372957869e+01,7.826456614153538283e+01,7.590030383594804334e+03,2.682759500953029885e+01,2.041896849919412634e+05
5.734252141289318416e+01,7.823955988997249733e+01,7.589995720855849868e+03,2.682388474432928049e+01,2.045319027812926215e+05
5.737689573904014395e+01,7.821455363840961184e+01,7.589960937679895324e+03,2.682017552533766036e+01,2.048746845854387793e+05
5.741127022271732727e+01,7.818954738684671213e+01,7.589926033649031524e+03,2.681646735026811257e+01,2.052180312772850157e+05
5.744564486447350760e+01,7.816454113528382663e+01,7.589891008343906833e+03,2.681276021682979760e+01,2.055619437307951157e+05
5.748001966485942660e+01,7.813953488372092693e+01,7.589855861343714423e+03,2.680905412272829835e+01,2.059064228209914290e+05
5.751439462442770179e+01,7.811452863215804143e+01,7.589820592226194094e+03,2.680534906566564857e+01,2.062514694239538803e+05
5.754876974373286913e+01,7.808952238059515594e+01,7.589785200567624088e+03,2.680164504334027598e+01,2.065970844168186886e+05
5.758314502333145413e+01,7.806451612903225623e+01,7.589749685942814722e+03,2.679794205344701297e+01,2.069432686777805793e+05
5.761752046378187231e+01,7.803950987746935652e+01,7.589714047925107479e+03,2.679424009367707527e+01,2.072900230860904849e+05
5.765189606564448610e+01,7.801450362590648524e+01,7.589678286086365915e+03,2.679053916171804772e+01,2.076373485220555449e+05
5.768627182948165455e+01,7.798949737434359974e+01,7.589642399996972017e+03,2.678683925525384169e+01,2.079852458670390188e+05
5.772064775585771201e+01,7.796449112278068583e+01,7.589606389225821658e+03,2.678314037196471276e+01,2.083337160034603730e+05
5.775502384533884026e+01,7.793948487121780033e+01,7.589570253340319141e+03,2.677944250952725014e+01,2.086827598147936515e+05
5.778940009849332426e+01,7.791447861965492905e+01,7.589533991906370829e+03,2.677574566561430203e+01,2.090323781855679408e+05
5.782377651589141010e+01,7.788947236809202934e+01,7.589497604488385150e+03,2.677204983789503601e+01,2.093825720013676328e+05
5.785815309810529072e+01,7.786446611652912964e+01,7.589461090649257130e+03,2.676835502403487510e+01,2.097333421488307649e+05
5.789252984570915572e+01,7.783945986496624414e+01,7.589424449950375674e+03,2.676466122169548001e+01,2.100846895156481478e+05
5.792690675927925525e+01,7.781445361340335864e+01,7.589387681951608101e+03,2.676096842853476332e+01,2.104366149905659840e+05
5.796128383939379347e+01,7.778944736184045894e+01,7.589350786211300147e+03,2.675727664220684332e+01,2.107891194633818523e+05
5.799566108663299246e+01,7.776444111027757344e+01,7.589313762286269593e+03,2.675358586036203334e+01,2.111422038249453472e+05
5.803003850157915622e+01,7.773943485871468795e+01,7.589276609731801727e+03,2.674989608064683821e+01,2.114958689671591565e+05
5.806441608481655692e+01,7.771442860715178824e+01,7.589239328101643878e+03,2.674620730070394359e+01,2.118501157829772856e+05
5.809879383693151311e+01,7.768942235558890275e+01,7.589201916947996324e+03,2.674251951817214845e+01,2.122049451664032531e+05
5.813317175851244656e+01,7.766441610402600304e+01,7.589164375821513204e+03,2.673883273068641842e+01,2.125603580124929722e+05
5.816754985014977564e+01,7.763940985246311755e+01,7.589126704271295239e+03,2.673514693587782176e+01,2.129163552173510543e+05
5.820192811243596509e+01,7.761440360090023205e+01,7.589088901844880638e+03,2.673146213137352234e+01,2.132729376781315950e+05
5.823630654596561840e+01,7.758939734933733234e+01,7.589050968088242371e+03,2.672777831479677246e+01,2.136301062930382905e+05
5.827068515133535698e+01,7.756439109777443264e+01,7.589012902545785437e+03,2.672409548376689159e+01,2.139878619613224291e+05
5.830506392914386993e+01,7.753938484621156135e+01,7.588974704760336863e+03,2.672041363589924146e+01,2.143462055832829792e+05
5.833944287999199219e+01,7.751437859464867586e+01,7.588936374273145702e+03,2.671673276880522252e+01,2.147051380602667050e+05
5.837382200448266190e+01,7.748937234308576194e+01,7.588897910623867574e+03,2.671305288009223133e+01,2.150646602946667408e+05
5.840820130322079962e+01,7.746436609152287645e+01,7.588859313350571938e+03,2.670937396736367830e+01,2.154247731899211940e+05
5.844258077681357122e+01,7.743935983996000516e+01,7.588820581989728453e+03,2.670569602821894861e+01,2.157854776505146292e+05
5.847696042587024579e+01,7.741435358839709124e+01,7.588781716076205157e+03,2.670201906025339156e+01,2.161467745819767588e+05
5.851134025100211034e+01,7.738934733683420575e+01,7.588742715143258465e+03,2.669834306105829569e+01,2.165086648908792122e+05
5.854572025282269720e+01,7.736434108527133446e+01,7.588703578722532257e+03,2.669466802822087459e+01,2.168711494848392031e+05
5.858010043194766325e+01,7.733933483370843476e+01,7.588664306344049692e+03,2.669099395932425267e+01,2.172342292725160951e+05
5.861448078899476855e+01,7.731432858214553505e+01,7.588624897536211392e+03,2.668732085194746162e+01,2.175979051636107906e+05
5.864886132458393320e+01,7.728932233058264956e+01,7.588585351825782709e+03,2.668364870366537644e+01,2.179621780688649451e+05
5.868324203933730132e+01,7.726431607901976406e+01,7.588545668737897358e+03,2.667997751204876877e+01,2.183270489000634407e+05
5.871762293387912734e+01,7.723930982745686435e+01,7.588505847796041962e+03,2.667630727466420382e+01,2.186925185700277507e+05
5.875200400883584706e+01,7.721430357589397886e+01,7.588465888522058776e+03,2.667263798907410433e+01,2.190585879926206544e+05
5.878638526483613447e+01,7.718929732433107915e+01,7.588425790436136595e+03,2.666896965283669019e+01,2.194252580827428319e+05
5.882076670251080230e+01,7.716429107276819366e+01,7.588385553056802564e+03,2.666530226350593935e+01,2.197925297563323693e+05
5.885514832249286599e+01,7.713928482120530816e+01,7.588345175900921276e+03,2.666163581863163756e+01,2.201604039303644386e+05
5.888953012541760756e+01,7.711427856964240846e+01,7.588304658483684761e+03,2.665797031575928244e+01,2.205288815228501044e+05
5.892391211192246203e+01,7.708927231807950875e+01,7.588264000318611579e+03,2.665430575243013323e+01,2.208979634528360039e+05
5.895829428264710259e+01,7.706426606651663747e+01,7.588223200917534996e+03,2.665064212618113970e+01,2.212676506404023385e+05
5.899267663823347618e+01,7.703925981495373776e+01,7.588182259790603894e+03,2.664697943454497064e+01,2.216379440066643292e+05
5.902705917932572532e+01,7.701425356339083805e+01,7.588141176446269128e+03,2.664331767504994986e+01,2.220088444737686077e+05
5.906144190657023074e+01,7.698924731182795256e+01,7.588099950391287166e+03,2.663965684522006327e+01,2.223803529648940021e+05
5.909582482061568243e+01,7.696424106026508127e+01,7.588058581130704624e+03,2.663599694257495187e+01,2.227524704042505764e+05
5.913020792211303700e+01,7.693923480870216736e+01,7.588017068167859179e+03,2.663233796462985481e+01,2.231251977170790487e+05
5.916459121171541113e+01,7.691422855713928186e+01,7.587975411004372290e+03,2.662867990889564496e+01,2.234985358296475897e+05
5.919897469007832314e+01,7.688922230557641058e+01,7.587933609140141016e+03,2.662502277287875785e+01,2.238724856692543835e+05
5.923335835785955794e+01,7.686421605401351087e+01,7.587891662073334373e+03,2.662136655408119523e+01,2.242470481642237282e+05
5.926774221571915291e+01,7.683920980245061116e+01,7.587849569300384246e+03,2.661771125000052152e+01,2.246222242439070833e+05
5.930212626431945466e+01,7.681420355088772567e+01,7.587807330315986292e+03,2.661405685812982114e+01,2.249980148386804794e+05
5.933651050432517593e+01,7.678919729932484017e+01,7.587764944613085390e+03,2.661040337595768079e+01,2.253744208799448097e+05
5.937089493640328897e+01,7.676419104776194047e+01,7.587722411682875645e+03,2.660675080096819656e+01,2.257514433001243451e+05
5.940527956122309661e+01,7.673918479619905497e+01,7.587679731014790377e+03,2.660309913064093124e+01,2.261290830326652213e+05
5.943966437945630332e+01,7.671417854463615527e+01,7.587636902096502126e+03,2.659944836245089306e+01,2.265073410120360495e+05
5.947404939177688732e+01,7.668917229307326977e+01,7.587593924413909008e+03,2.659579849386853212e+01,2.268862181737242208e+05
5.950843459886119291e+01,7.666416604151038428e+01,7.587550797451132894e+03,2.659214952235972262e+01,2.272657154542371572e+05
5.954282000138797315e+01,7.663915978994748457e+01,7.587507520690514866e+03,2.658850144538572380e+01,2.276458337911006529e+05
5.957720560003829036e+01,7.661415353838458486e+01,7.587464093612602483e+03,2.658485426040316923e+01,2.280265741228566039e+05
5.961159139549559427e+01,7.658914728682171358e+01,7.587420515696152506e+03,2.658120796486406689e+01,2.284079373890632123e+05
5.964597738844576469e+01,7.656414103525881387e+01,7.587376786418118172e+03,2.657756255621575647e+01,2.287899245302941708e+05
5.968036357957703331e+01,7.653913478369591417e+01,7.587332905253644640e+03,2.657391803190088808e+01,2.291725364881356654e+05
5.971474996958002635e+01,7.651412853213304288e+01,7.587288871676064446e+03,2.657027438935743646e+01,2.295557742051866371e+05
5.974913655914781430e+01,7.648912228057015739e+01,7.587244685156889318e+03,2.656663162601863704e+01,2.299396386250580545e+05
5.978352334897591902e+01,7.646411602900724347e+01,7.587200345165805629e+03,2.656298973931299301e+01,2.303241306923707598e+05
5.981791033976215743e+01,7.643910977744435797e+01,7.587155851170664391e+03,2.655934872666425051e+01,2.307092513527528499e+05
5.985229753220691862e+01,7.641410352588148669e+01,7.587111202637481256e+03,2.655570858549138435e+01,2.310950015528423537e+05
5.988668492701300039e+01,7.638909727431858698e+01,7.587066399030424691e+03,2.655206931320856256e+01,2.314813822402824881e+05
5.992107252488562352e+01,7.636409102275568728e+01,7.587021439811813252e+03,2.654843090722513921e+01,2.318683943637215707e+05
5.995546032653246726e+01,7.633908477119280178e+01,7.586976324442105579e+03,2.654479336494564734e+01,2.322560388728120015e+05
5.998984833266374039e+01,7.631407851962991629e+01,7.586931052379896755e+03,2.654115668376973503e+01,2.326443167182087200e+05
6.002423654399207464e+01,7.628907226806701658e+01,7.586885623081912854e+03,2.653752086109220443e+01,2.330332288515679538e+05
6.005862496123258865e+01,7.626406601650413108e+01,7.586840036003000023e+03,2.653388589430294786e+01,2.334227762255456182e+05
6.009301358510295188e+01,7.623905976494123138e+01,7.586794290596122664e+03,2.653025178078693003e+01,2.338129597937964718e+05
6.012740241632329230e+01,7.621405351337834588e+01,7.586748386312355251e+03,2.652661851792419156e+01,2.342037805109721085e+05
6.016179145561623898e+01,7.618904726181546039e+01,7.586702322600876869e+03,2.652298610308983839e+01,2.345952393327201426e+05
6.019618070370700735e+01,7.616404101025256068e+01,7.586656098908961212e+03,2.651935453365396711e+01,2.349873372156827536e+05
6.023057016132328556e+01,7.613903475868966098e+01,7.586609714681973855e+03,2.651572380698168274e+01,2.353800751174946781e+05
6.026495982919530547e+01,7.611402850712678969e+01,7.586563169363363158e+03,2.651209392043309165e+01,2.357734539967821620e+05
6.029934970805590666e+01,7.608902225556388998e+01,7.586516462394658447e+03,2.650846487136325536e+01,2.361674748131622910e+05
6.033373979864042980e+01,7.606401600400099028e+01,7.586469593215454552e+03,2.650483665712215853e+01,2.365621385272396146e+05
6.036813010168677351e+01,7.603900975243811899e+01,7.586422561263414536e+03,2.650120927505473389e+01,2.369574461006065831e+05
6.040252061793546545e+01,7.601400350087523350e+01,7.586375365974258784e+03,2.649758272250080893e+01,2.373533984958411893e+05
6.043691134812963384e+01,7.598899724931231958e+01,7.586328006781755903e+03,2.649395699679508454e+01,2.377499966765057470e+05
6.047130229301487248e+01,7.596399099774943409e+01,7.586280483117721815e+03,2.649033209526712795e+01,2.381472416071437183e+05
6.050569345333951077e+01,7.593898474618656280e+01,7.586232794412007934e+03,2.648670801524134433e+01,2.385451342532810231e+05
6.054008482985446449e+01,7.591397849462366310e+01,7.586184940092497527e+03,2.648308475403695184e+01,2.389436755814225180e+05
6.057447642331323578e+01,7.588897224306076339e+01,7.586136919585095711e+03,2.647946230896797459e+01,2.393428665590505407e+05
6.060886823447195582e+01,7.586396599149787789e+01,7.586088732313728542e+03,2.647584067734320712e+01,2.397427081546232803e+05
6.064326026408945580e+01,7.583895973993499240e+01,7.586040377700330282e+03,2.647221985646620368e+01,2.401432013375746028e+05
6.067765251292716044e+01,7.581395348837209269e+01,7.585991855164837943e+03,2.646859984363524276e+01,2.405443470783098601e+05
6.071204498174914477e+01,7.578894723680920720e+01,7.585943164125188559e+03,2.646498063614334484e+01,2.409461463482060935e+05
6.074643767132221939e+01,7.576394098524630749e+01,7.585894303997306451e+03,2.646136223127819065e+01,2.413486001196103753e+05
6.078083058241580972e+01,7.573893473368342200e+01,7.585845274195097772e+03,2.645774462632213897e+01,2.417517093658362865e+05
6.081522371580202702e+01,7.571392848212053650e+01,7.585796074130449597e+03,2.645412781855221596e+01,2.421554750611641794e+05
6.084961707225573946e+01,7.568892223055763679e+01,7.585746703213213550e+03,2.645051180524005474e+01,2.425598981808389071e+05
6.088401065255445843e+01,7.566391597899475130e+01,7.585697160851205808e+03,2.644689658365189899e+01,2.429649797010665061e+05
6.091840445747842381e+01,7.563890972743186580e+01,7.585647446450197094e+03,2.644328215104859936e+01,2.433707205990144575e+05
6.095279848781064658e+01,7.561390347586896610e+01,7.585597559413906311e+03,2.643966850468553886e+01,2.437771218528099707e+05
6.098719274433680937e+01,7.558889722430606639e+01,7.585547499143994173e+03,2.643605564181266132e+01,2.441841844415355008e+05
6.102158722784535172e+01,7.556389097274319511e+01,7.585497265040055026e+03,2.643244355967443227e+01,2.445919093452294474e+05
6.105598193912749849e+01,7.553888472118030961e+01,7.585446856499611386e+03,2.642883225550979986e+01,2.450002975448833022e+05
6.109037687897725988e+01,7.551387846961739569e+01,7.585396272918103023e+03,2.642522172655220203e+01,2.454093500224403397e+05
6.112477204819130350e+01,7.548887221805451020e+01,7.585345513688886967e+03,2.642161197002953443e+01,2.458190677607922407e+05
6.115916744756918888e+01,7.546386596649163891e+01,7.585294578203221135e+03,2.641800298316411855e+01,2.462294517437789764e+05
6.119356307791325378e+01,7.543885971492873921e+01,7.585243465850265238e+03,2.641439476317267321e+01,2.466405029561855481e+05
6.122795894002859995e+01,7.541385346336583950e+01,7.585192176017069869e+03,2.641078730726633594e+01,2.470522223837405909e+05
6.126235503472314292e+01,7.538884721180295401e+01,7.585140708088568317e+03,2.640718061265058836e+01,2.474646110131143651e+05
6.129675136280766878e+01,7.536384096024006851e+01,7.585089061447572931e+03,2.640357467652526680e+01,2.478776698319166608e+05
6.133114792509574897e+01,7.533883470867716881e+01,7.585037235474764202e+03,2.639996949608451615e+01,2.482913998286942369e+05
6.136554472240378999e+01,7.531382845711428331e+01,7.584985229548685311e+03,2.639636506851680053e+01,2.487058019929289585e+05
6.139994175555111156e+01,7.528882220555138360e+01,7.584933043045733029e+03,2.639276139100483931e+01,2.491208773150369816e+05
6.143433902535983293e+01,7.526381595398849811e+01,7.584880675340154085e+03,2.638915846072561777e+01,2.495366267863645917e+05
6.146873653265494397e+01,7.523880970242561261e+01,7.584828125804034244e+03,2.638555627485035870e+01,2.499530513991872722e+05
6.150313427826438328e+01,7.521380345086271291e+01,7.584775393807292858e+03,2.638195483054447621e+01,2.503701521467076673e+05
6.153753226301891743e+01,7.518879719929982741e+01,7.584722478717675585e+03,2.637835412496758991e+01,2.507879300230528461e+05
6.157193048775221200e+01,7.516379094773694192e+01,7.584669379900742570e+03,2.637475415527347167e+01,2.512063860232714796e+05
6.160632895330090264e+01,7.513878469617404221e+01,7.584616096719867528e+03,2.637115491861003846e+01,2.516255211433344521e+05
6.164072766050449559e+01,7.511377844461114250e+01,7.584562628536227749e+03,2.636755641211931334e+01,2.520453363801284286e+05
6.167512661020542453e+01,7.508877219304827122e+01,7.584508974708794085e+03,2.636395863293744313e+01,2.524658327314568160e+05
6.170952580324910741e+01,7.506376594148538572e+01,7.584455134594325500e+03,2.636036157819460968e+01,2.528870111960363865e+05
6.174392524048393938e+01,7.503875968992247181e+01,7.584401107547362699e+03,2.635676524501505469e+01,2.533088727734946297e+05
6.177832492276115062e+01,7.501375343835958631e+01,7.584346892920220853e+03,2.635316963051706907e+01,2.537314184643674525e+05
6.181272485093507640e+01,7.498874718679671503e+01,7.584292490062975048e+03,2.634957473181291476e+01,2.541546492700978706e+05
6.184712502586302207e+01,7.496374093523380111e+01,7.584237898323462105e+03,2.634598054600884254e+01,2.545785661930332717e+05
6.188152544840517777e+01,7.493873468367091562e+01,7.584183117047266933e+03,2.634238707020506354e+01,2.550031702364200610e+05
6.191592611942486002e+01,7.491372843210803012e+01,7.584128145577720716e+03,2.633879430149571732e+01,2.554284624044065131e+05
6.195032703978837674e+01,7.488872218054514462e+01,7.584072983255881809e+03,2.633520223696884699e+01,2.558544437020366022e+05
6.198472821036502722e+01,7.486371592898224492e+01,7.584017629420542107e+03,2.633161087370637787e+01,2.562811151352477900e+05
6.201912963202713769e+01,7.483870967741935942e+01,7.583962083408208855e+03,2.632802020878411753e+01,2.567084777108698618e+05
6.205353130565015363e+01,7.481370342585647393e+01,7.583906344553101917e+03,2.632443023927166692e+01,2.571365324366213172e+05
6.208793323211251192e+01,7.478869717429357422e+01,7.583850412187142865e+03,2.632084096223248437e+01,2.575652803211076243e+05
6.212233541229572609e+01,7.476369092273068873e+01,7.583794285639950431e+03,2.631725237472379675e+01,2.579947223738175817e+05
6.215673784708443605e+01,7.473868467116778902e+01,7.583737964238830500e+03,2.631366447379658879e+01,2.584248596051222703e+05
6.219114053736632997e+01,7.471367841960490352e+01,7.583681447308768838e+03,2.631007725649559248e+01,2.588556930262704263e+05
6.222554348403217972e+01,7.468867216804201803e+01,7.583624734172421995e+03,2.630649071985926568e+01,2.592872236493873061e+05
6.225994668797594755e+01,7.466366591647911832e+01,7.583567824150111846e+03,2.630290486091974955e+01,2.597194524874720664e+05
6.229435015009464394e+01,7.463865966491621862e+01,7.583510716559814682e+03,2.629931967670284365e+01,2.601523805543935741e+05
6.232875387128842704e+01,7.461365341335334733e+01,7.583453410717155748e+03,2.629573516422802015e+01,2.605860088648892706e+05
6.236315785246063115e+01,7.458864716179046184e+01,7.583395905935399242e+03,2.629215132050832793e+01,2.610203384345611266e+05
6.239756209451776670e+01,7.456364091022754792e+01,7.583338201525440127e+03,2.628856814255043162e+01,2.614553702798746526e+05
6.243196659836939233e+01,7.453863465866466242e+01,7.583280296795799586e+03,2.628498562735458677e+01,2.618911054181533982e+05
6.246637136492837072e+01,7.451362840710179114e+01,7.583222191052613198e+03,2.628140377191456167e+01,2.623275448675786029e+05
6.250077639511075489e+01,7.448862215553887722e+01,7.583163883599622750e+03,2.627782257321765158e+01,2.627646896471861401e+05
6.253518168983566738e+01,7.446361590397599173e+01,7.583105373738170783e+03,2.627424202824465738e+01,2.632025407768607838e+05
6.256958725002557742e+01,7.443860965241312044e+01,7.583046660767188769e+03,2.627066213396984651e+01,2.636410992773370817e+05
6.260399307660614454e+01,7.441360340085022074e+01,7.582987743983192559e+03,2.626708288736091745e+01,2.640803661701941746e+05
6.263839917050623285e+01,7.438859714928732103e+01,7.582928622680273293e+03,2.626350428537901394e+01,2.645203424778534682e+05
6.267280553265795362e+01,7.436359089772443554e+01,7.582869296150085574e+03,2.625992632497865742e+01,2.649610292235750239e+05
6.270721216399672215e+01,7.433858464616155004e+01,7.582809763681843833e+03,2.625634900310773290e+01,2.654024274314553477e+05
6.274161906546117962e+01,7.431357839459865033e+01,7.582750024562313229e+03,2.625277231670749245e+01,2.658445381264247117e+05
6.277602623799323567e+01,7.428857214303576484e+01,7.582690078075796009e+03,2.624919626271249129e+01,2.662873623342419160e+05
6.281043368253816084e+01,7.426356589147286513e+01,7.582629923504130602e+03,2.624562083805057355e+01,2.667309010814944631e+05
6.284484140004445862e+01,7.423855963990997964e+01,7.582569560126678880e+03,2.624204603964286520e+01,2.671751553955920972e+05
6.287924939146395786e+01,7.421355338834709414e+01,7.582508987220319796e+03,2.623847186440373136e+01,2.676201263047661050e+05
6.291365765775186247e+01,7.418854713678419444e+01,7.582448204059436648e+03,2.623489830924073729e+01,2.680658148380644270e+05
6.294806619986667329e+01,7.416354088522129473e+01,7.582387209915914354e+03,2.623132537105466611e+01,2.685122220253503765e+05
6.298247501877022358e+01,7.413853463365842345e+01,7.582326004059125808e+03,2.622775304673944063e+01,2.689593488972964697e+05
6.301688411542777146e+01,7.411352838209552374e+01,7.582264585755929147e+03,2.622418133318213407e+01,2.694071964853847167e+05
6.305129349080790035e+01,7.408852213053262403e+01,7.582202954270653208e+03,2.622061022726294155e+01,2.698557658219009172e+05
6.308570314588256878e+01,7.406351587896973854e+01,7.582141108865091155e+03,2.621703972585512687e+01,2.703050579399308190e+05
6.312011308162717427e+01,7.403850962740686725e+01,7.582079048798493204e+03,2.621346982582501539e+01,2.707550738733590115e+05
6.315452329902054629e+01,7.401350337584395334e+01,7.582016773327556621e+03,2.620990052403197978e+01,2.712058146568653174e+05
6.318893379904481122e+01,7.398849712428106784e+01,7.581954281706416623e+03,2.620633181732840100e+01,2.716572813259180984e+05
6.322334458268565527e+01,7.396349087271819656e+01,7.581891573186639107e+03,2.620276370255961496e+01,2.721094749167741975e+05
6.325775565093218944e+01,7.393848462115529685e+01,7.581828647017208823e+03,2.619919617656395161e+01,2.725623964664757950e+05
6.329216700477693536e+01,7.391347836959239714e+01,7.581765502444525737e+03,2.619562923617263195e+01,2.730160470128431916e+05
6.332657864521588920e+01,7.388847211802951165e+01,7.581702138712391388e+03,2.619206287820980705e+01,2.734704275944750989e+05
6.336099057324858563e+01,7.386346586646662615e+01,7.581638555062003434e+03,2.618849709949248350e+01,2.739255392507432261e+05
6.339540278987800548e+01,7.383845961490372645e+01,7.581574750731942004e+03,2.618493189683052691e+01,2.743813830217890791e+05
6.342981529611061831e+01,7.381345336334084095e+01,7.581510724958166975e+03,2.618136726702661932e+01,2.748379599485204089e+05
6.346422809295648193e+01,7.378844711177794125e+01,7.581446476974004327e+03,2.617780320687623075e+01,2.752952710726069636e+05
6.349864118142912872e+01,7.376344086021505575e+01,7.581382006010139776e+03,2.617423971316761211e+01,2.757533174364779261e+05
6.353305456254562245e+01,7.373843460865217025e+01,7.581317311294607862e+03,2.617067678268174191e+01,2.762121000833167345e+05
6.356746823732665774e+01,7.371342835708927055e+01,7.581252392052786490e+03,2.616711441219231915e+01,2.766716200570596848e+05
6.360188220679642512e+01,7.368842210552637084e+01,7.581187247507380562e+03,2.616355259846571357e+01,2.771318784023884218e+05
6.363629647198271044e+01,7.366341585396349956e+01,7.581121876878421972e+03,2.615999133826096568e+01,2.775928761647297069e+05
6.367071103391693754e+01,7.363840960240059985e+01,7.581056279383254150e+03,2.615643062832974408e+01,2.780546143902501790e+05
6.370512589363407585e+01,7.361340335083770015e+01,7.580990454236522964e+03,2.615287046541631000e+01,2.785170941258522216e+05
6.373954105217273280e+01,7.358839709927482886e+01,7.580924400650173993e+03,2.614931084625752788e+01,2.789803164191707037e+05
6.377395651057516801e+01,7.356339084771194337e+01,7.580858117833435244e+03,2.614575176758275887e+01,2.794442823185673333e+05
6.380837226988731459e+01,7.353838459614902945e+01,7.580791604992811699e+03,2.614219322611392116e+01,2.799089928731299588e+05
6.384278833115863705e+01,7.351337834458614395e+01,7.580724861332076216e+03,2.613863521856542604e+01,2.803744491326650605e+05
6.387720469544240132e+01,7.348837209302327267e+01,7.580657886052260437e+03,2.613507774164412822e+01,2.808406521476960625e+05
6.391162136379552550e+01,7.346336584146037296e+01,7.580590678351642964e+03,2.613152079204931511e+01,2.813076029694578028e+05
6.394603833727857989e+01,7.343835958989747326e+01,7.580523237425743901e+03,2.612796436647269971e+01,2.817753026498941472e+05
6.398045561695585803e+01,7.341335333833458776e+01,7.580455562467310301e+03,2.612440846159836028e+01,2.822437522416510037e+05
6.401487320389541935e+01,7.338834708677170227e+01,7.580387652666312533e+03,2.612085307410272605e+01,2.827129527980766725e+05
6.404929109916901098e+01,7.336334083520880256e+01,7.580319507209931544e+03,2.611729820065455598e+01,2.831829053732125321e+05
6.408370930385213171e+01,7.333833458364591706e+01,7.580251125282548855e+03,2.611374383791489251e+01,2.836536110217918758e+05
6.411812781902408176e+01,7.331332833208301736e+01,7.580182506065736561e+03,2.611018998253703671e+01,2.841250707992352545e+05
6.415254664576788457e+01,7.328832208052013186e+01,7.580113648738251868e+03,2.610663663116653055e+01,2.845972857616456458e+05
6.418696578517037210e+01,7.326331582895724637e+01,7.580044552476025274e+03,2.610308378044114264e+01,2.850702569658044376e+05
6.422138523832219903e+01,7.323830957739434666e+01,7.579975216452146924e+03,2.609953142699078654e+01,2.855439854691670043e+05
6.425580500631780012e+01,7.321330332583144695e+01,7.579905639836862974e+03,2.609597956743753855e+01,2.860184723298580502e+05
6.429022509025544707e+01,7.318829707426857567e+01,7.579835821797564677e+03,2.609242819839559502e+01,2.864937186066670110e+05
6.432464549123727693e+01,7.316329082270567596e+01,7.579765761498772918e+03,2.608887731647124752e+01,2.869697253590456094e+05
6.435906621036924946e+01,7.313828457114277626e+01,7.579695458102137309e+03,2.608532691826283312e+01,2.874464936470995308e+05
6.439348724876118979e+01,7.311327831957990497e+01,7.579624910766420726e+03,2.608177700036073787e+01,2.879240245315869106e+05
6.442790860752684523e+01,7.308827206801701948e+01,7.579554118647490213e+03,2.607822755934733294e+01,2.884023190739130951e+05
6.446233028778387109e+01,7.306326581645410556e+01,7.579483080898306980e+03,2.607467859179696745e+01,2.888813783361259266e+05
6.449675229065371695e+01,7.303825956489122007e+01,7.579411796668920033e+03,2.607113009427595074e+01,2.893612033809102722e+05
6.453117461726186832e+01,7.301325331332834878e+01,7.579340265106449806e+03,2.606758206334248484e+01,2.898417952715843567e+05
6.456559726873773286e+01,7.298824706176544908e+01,7.579268485355086341e+03,2.606403449554665031e+01,2.903231550720945233e+05
6.460002024621462624e+01,7.296324081020254937e+01,7.579196456556070189e+03,2.606048738743039905e+01,2.908052838470106944e+05
6.463444355082984316e+01,7.293823455863966387e+01,7.579124177847688770e+03,2.605694073552749401e+01,2.912881826615217724e+05
6.466886718372470000e+01,7.291322830707677838e+01,7.579051648365265464e+03,2.605339453636350200e+01,2.917718525814304594e+05
6.470329114604444953e+01,7.288822205551387867e+01,7.578978867241149601e+03,2.604984878645573687e+01,2.922562946731481934e+05
6.473771543893835201e+01,7.286321580395099318e+01,7.578905833604702821e+03,2.604630348231326664e+01,2.927415100036902004e+05
6.477214006355974618e+01,7.283820955238809347e+01,7.578832546582290888e+03,2.604275862043683532e+01,2.932274996406718274e+05
6.480656502106594985e+01,7.281320330082520798e+01,7.578759005297278236e+03,2.603921419731887354e+01,2.937142646523016156e+05
6.484099031261833090e+01,7.278819704926232248e+01,7.578685208870010683e+03,2.603567020944346311e+01,2.942018061073775170e+05
6.487541593938237838e+01,7.276319079769942277e+01,7.578611156417807251e+03,2.603212665328626940e+01,2.946901250752821215e+05
6.490984190252758879e+01,7.273818454613652307e+01,7.578536847054952887e+03,2.602858352531455566e+01,2.951792226259754971e+05
6.494426820322756555e+01,7.271317829457365178e+01,7.578462279892684819e+03,2.602504082198713320e+01,2.956690998299932689e+05
6.497869484266007589e+01,7.268817204301075208e+01,7.578387454039184377e+03,2.602149853975432947e+01,2.961597577584391111e+05
6.501312182200693712e+01,7.266316579144785237e+01,7.578312368599563342e+03,2.601795667505795251e+01,2.966511974829793908e+05
6.504754914245411612e+01,7.263815953988498109e+01,7.578237022675860317e+03,2.601441522433127673e+01,2.971434200758390944e+05
6.508197680519175776e+01,7.261315328832209559e+01,7.578161415367019799e+03,2.601087418399898610e+01,2.976364266097964719e+05
6.511640481141419912e+01,7.258814703675918167e+01,7.578085545768892189e+03,2.600733355047718121e+01,2.981302181581777404e+05
6.515083316231982735e+01,7.256314078519629618e+01,7.578009412974215593e+03,2.600379332017328693e+01,2.986247957948483527e+05
6.518526185911134974e+01,7.253813453363342489e+01,7.577933016072612190e+03,2.600025348948609860e+01,2.991201605942139868e+05
6.521969090299566574e+01,7.251312828207052519e+01,7.577856354150569132e+03,2.599671405480567543e+01,2.996163136312106508e+05
6.525412029518383861e+01,7.248812203050762548e+01,7.577779426291435811e+03,2.599317501251337603e+01,3.001132559812991531e+05
6.528855003689119485e+01,7.246311577894473999e+01,7.577702231575409314e+03,2.598963635898176605e+01,3.006109887204609695e+05
6.532298012933736686e+01,7.243810952738185449e+01,7.577624769079524413e+03,2.598609809057461817e+01,3.011095129251925391e+05
6.535741057374619345e+01,7.241310327581895478e+01,7.577547037877640832e+03,2.598256020364689434e+01,3.016088296724993852e+05
6.539184137134579089e+01,7.238809702425606929e+01,7.577469037040435978e+03,2.597902269454467117e+01,3.021089400398891885e+05
6.542627252336863819e+01,7.236309077269316958e+01,7.577390765635394928e+03,2.597548555960515060e+01,3.026098451053695753e+05
6.546070403105146340e+01,7.233808452113028409e+01,7.577312222726793152e+03,2.597194879515660304e+01,3.031115459474384552e+05
6.549513589563532889e+01,7.231307826956739859e+01,7.577233407375690149e+03,2.596841239751832120e+01,3.036140436450791894e+05
6.552956811836568818e+01,7.228807201800449889e+01,7.577154318639921257e+03,2.596487636300063784e+01,3.041173392777579720e+05
6.556400070049231488e+01,7.226306576644161339e+01,7.577074955574081287e+03,2.596134068790484406e+01,3.046214339254135266e+05
6.559843364326934534e+01,7.223805951487872790e+01,7.576995317229514512e+03,2.595780536852317510e+01,3.051263286684532650e+05
6.563286694795536391e+01,7.221305326331582819e+01,7.576915402654308309e+03,2.595427040113878903e+01,3.056320245877479319e+05
6.566730061581330347e+01,7.218804701175292848e+01,7.576835210893275871e+03,2.595073578202569919e+01,3.061385227646240965e+05
6.570173464811051645e+01,7.216304076019005720e+01,7.576754740987948026e+03,2.594720150744878850e+01,3.066458242808591458e+05
6.573616904611883172e+01,7.213803450862717170e+01,7.576673991976563229e+03,2.594366757366372767e+01,3.071539302186746500e+05
6.577060381111455456e+01,7.211302825706425779e+01,7.576592962894055745e+03,2.594013397691698586e+01,3.076628416607321124e+05
6.580503894437832457e+01,7.208802200550137229e+01,7.576511652772040179e+03,2.593660071344577034e+01,3.081725596901216777e+05
6.583947444719538566e+01,7.206301575393850101e+01,7.576430060638808754e+03,2.593306777947799802e+01,3.086830853903633542e+05
6.587391032085550080e+01,7.203800950237558709e+01,7.576348185519311301e+03,2.592953517123225637e+01,3.091944198453947902e+05
6.590834656665280988e+01,7.201300325081270159e+01,7.576266026435150707e+03,2.592600288491780347e+01,3.097065641395665007e+05
6.594278318588611398e+01,7.198799699924981610e+01,7.576183582404565641e+03,2.592247091673446491e+01,3.102195193576369784e+05
6.597722017985873322e+01,7.196299074768693060e+01,7.576100852442424184e+03,2.591893926287268357e+01,3.107332865847654757e+05
6.601165754987850676e+01,7.193798449612403090e+01,7.576017835560210187e+03,2.591540791951343081e+01,3.112478669065049617e+05
6.604609529725786388e+01,7.191297824456114540e+01,7.575934530766011449e+03,2.591187688282817803e+01,3.117632614087952534e+05
6.608053342331389501e+01,7.188797199299825991e+01,7.575850937064508798e+03,2.590834614897887889e+01,3.122794711779592326e+05
6.611497192936820966e+01,7.186296574143536020e+01,7.575767053456964277e+03,2.590481571411792316e+01,3.127964973006924847e+05
6.614941081674707846e+01,7.183795948987247471e+01,7.575682878941211129e+03,2.590128557438811896e+01,3.133143408640597481e+05
6.618385008678146164e+01,7.181295323830957500e+01,7.575598412511638344e+03,2.589775572592263231e+01,3.138330029554867069e+05
6.621828974080692376e+01,7.178794698674668950e+01,7.575513653159184287e+03,2.589422616484495876e+01,3.143524846627527731e+05
6.625272978016369052e+01,7.176294073518380401e+01,7.575428599871319420e+03,2.589069688726892338e+01,3.148727870739861974e+05
6.628717020619676248e+01,7.173793448362090430e+01,7.575343251632039028e+03,2.588716788929859192e+01,3.153939112776560942e+05
6.632161102025578714e+01,7.171292823205800460e+01,7.575257607421849571e+03,2.588363916702827083e+01,3.159158583625647007e+05
6.635605222369511580e+01,7.168792198049513331e+01,7.575171666217756865e+03,2.588011071654246820e+01,3.164386294178420212e+05
6.639049381787393145e+01,7.166291572893223361e+01,7.575085426993252440e+03,2.587658253391584395e+01,3.169622255329389009e+05
6.642493580415609244e+01,7.163790947736933390e+01,7.574998888718308081e+03,2.587305461521320282e+01,3.174866477976185852e+05
6.645937818391024621e+01,7.161290322580644840e+01,7.574912050359354907e+03,2.586952695648942324e+01,3.180118973019502009e+05
6.649382095850988605e+01,7.158789697424357712e+01,7.574824910879277013e+03,2.586599955378943250e+01,3.185379751363023533e+05
6.652826412933330857e+01,7.156289072268066320e+01,7.574737469237400546e+03,2.586247240314821028e+01,3.190648823913372471e+05
6.656270769776352836e+01,7.153788447111777771e+01,7.574649724389477342e+03,2.585894550059068919e+01,3.195926201579980552e+05
6.659715166518851959e+01,7.151287821955489221e+01,7.574561675287674007e+03,2.585541884213176900e+01,3.201211895275083371e+05
6.663159603300110234e+01,7.148787196799200672e+01,7.574473320880564643e+03,2.585189242377625263e+01,3.206505915913610370e+05
6.666604080259894261e+01,7.146286571642910701e+01,7.574384660113109931e+03,2.584836624151882489e+01,3.211808274413118488e+05
6.670048597538459489e+01,7.143785946486622151e+01,7.574295691926652580e+03,2.584484029134400629e+01,3.217118981693703681e+05
6.673493155276558753e+01,7.141285321330333602e+01,7.574206415258900961e+03,2.584131456922612458e+01,3.222438048677975312e+05
6.676937753615430893e+01,7.138784696174043631e+01,7.574116829043920916e+03,2.583778907112928636e+01,3.227765486290917033e+05
6.680382392696810712e+01,7.136284071017755082e+01,7.574026932212115753e+03,2.583426379300730247e+01,3.233101305459843716e+05
6.683827072662934654e+01,7.133783445861465111e+01,7.573936723690222607e+03,2.583073873080370575e+01,3.238445517114340328e+05
6.687271793656532282e+01,7.131282820705176562e+01,7.573846202401295159e+03,2.582721388045167998e+01,3.243798132186153671e+05
6.690716555820831957e+01,7.128782195548888012e+01,7.573755367264690904e+03,2.582368923787402792e+01,3.249159161609130097e+05
6.694161359299570790e+01,7.126281570392598042e+01,7.573664217196060235e+03,2.582016479898311800e+01,3.254528616319140419e+05
6.697606204236983274e+01,7.123780945236308071e+01,7.573572751107334625e+03,2.581664055968090210e+01,3.259906507254000753e+05
6.701051090777809804e+01,7.121280320080020942e+01,7.573480967906713886e+03,2.581311651585881961e+01,3.265292845353376470e+05
6.704496019067302370e+01,7.118779694923730972e+01,7.573388866498649804e+03,2.580959266339779035e+01,3.270687641558753094e+05
6.707940989251216024e+01,7.116279069767441001e+01,7.573296445783837953e+03,2.580606899816816835e+01,3.276090906813280890e+05
6.711386001475817409e+01,7.113778444611152452e+01,7.573203704659202231e+03,2.580254551602969926e+01,3.281502652061755653e+05
6.714831055887889022e+01,7.111277819454865323e+01,7.573110642017886676e+03,2.579902221283150610e+01,3.286922888250519172e+05
6.718276152634730636e+01,7.108777194298573932e+01,7.573017256749233638e+03,2.579549908441200756e+01,3.292351626327373669e+05
6.721721291864145087e+01,7.106276569142285382e+01,7.572923547738782872e+03,2.579197612659893579e+01,3.297788877241490991e+05
6.725166473724465277e+01,7.103775943985998254e+01,7.572829513868247886e+03,2.578845333520926175e+01,3.303234651943356148e+05
6.728611698364541382e+01,7.101275318829708283e+01,7.572735154015507760e+03,2.578493070604914550e+01,3.308688961384664290e+05
6.732056965933742276e+01,7.098774693673418312e+01,7.572640467054596229e+03,2.578091585416936127e+01,3.314152859653749620e+05
6.735502276581958370e+01,7.096274068517129763e+01,7.572545451855686224e+03,2.577638934167156748e+01,3.319626398025627132e+05
6.738947630459614402e+01,7.093773443360841213e+01,7.572450107285074409e+03,2.577186386865185952e+01,3.325108499328420148e+05
6.742393027717652387e+01,7.091272818204551243e+01,7.572354432205172088e+03,2.576733943003577920e+01,3.330599180073488969e+05
6.745838468507547248e+01,7.088772193048262693e+01,7.572258425474492469e+03,2.576281602073957444e+01,3.336098453745987499e+05
6.749283952981308232e+01,7.086271567891972722e+01,7.572162085947632477e+03,2.575829363567014241e+01,3.341606332534999237e+05
6.752729481291470393e+01,7.083770942735684173e+01,7.572065412475266385e+03,2.575377226972504019e+01,3.347122828056372236e+05
6.756175053591105950e+01,7.081270317579395623e+01,7.571968403904125807e+03,2.574925191779239597e+01,3.352647951659910032e+05
6.759620670033828560e+01,7.078769692423105653e+01,7.571871059076992424e+03,2.574473257475090548e+01,3.358181714563446585e+05
6.763066330773784784e+01,7.076269067266815682e+01,7.571773376832678878e+03,2.574021423546976450e+01,3.363724127913611592e+05
6.766512035965659777e+01,7.073768442110528554e+01,7.571675356006019683e+03,2.573569689480865819e+01,3.369275202814989607e+05
6.769957785764688651e+01,7.071267816954238583e+01,7.571576995427857582e+03,2.573118054761769002e+01,3.374834950345093966e+05
6.773403580326643691e+01,7.068767191797948612e+01,7.571478293925027174e+03,2.572666518873735697e+01,3.380403381562645664e+05
6.776849419807844299e+01,7.066266566641660063e+01,7.571379250320343999e+03,2.572215081299854234e+01,3.385980507512587938e+05
6.780295304365159836e+01,7.063765941485372934e+01,7.571279863432589991e+03,2.571763741522238789e+01,3.391566339229294099e+05
6.783741234156012467e+01,7.061265316329081543e+01,7.571180132076500740e+03,2.571312499022035425e+01,3.397160887738781166e+05
6.787187209338365790e+01,7.058764691172792993e+01,7.571080055062748215e+03,2.570861353279410721e+01,3.402764164060219191e+05
6.790633230070746151e+01,7.056264066016505865e+01,7.570979631197933486e+03,2.570410303773551774e+01,3.408376179207102396e+05
6.794079296512235544e+01,7.053763440860215894e+01,7.570878859284568534e+03,2.569959349982659802e+01,3.413996944188104244e+05
6.797525408822470183e+01,7.051262815703925924e+01,7.570777738121062612e+03,2.569508491383948723e+01,3.419626470007660100e+05
6.800971567161643350e+01,7.048762190547637374e+01,7.570676266501709506e+03,2.569057727453638407e+01,3.425264767666500411e+05
6.804417771690519601e+01,7.046261565391348825e+01,7.570574443216672989e+03,2.568607057666950055e+01,3.430911848161991802e+05
6.807864022570417717e+01,7.043760940235058854e+01,7.570472267051974995e+03,2.568156481498106558e+01,3.436567722488438012e+05
6.811310319963224913e+01,7.041260315078770304e+01,7.570369736789478338e+03,2.567705998420322899e+01,3.442232401637267321e+05
6.814756664031399680e+01,7.038759689922480334e+01,7.570266851206873980e+03,2.567255607905804737e+01,3.447905896597217652e+05
6.818203054937964680e+01,7.036259064766191784e+01,7.570163609077669207e+03,2.566805309425746273e+01,3.453588218354434357e+05
6.821649492846515273e+01,7.033758439609903235e+01,7.570060009171170350e+03,2.566355102450322079e+01,3.459279377892553457e+05
6.825095977921226620e+01,7.031257814453613264e+01,7.569956050252470050e+03,2.565904986448683189e+01,3.464979386192755192e+05
6.828542510326840898e+01,7.028757189297323293e+01,7.569851731082431797e+03,2.565454960888957459e+01,3.470688254233799526e+05
6.831989090228681505e+01,7.026256564141036165e+01,7.569747050417680839e+03,2.565005025238241743e+01,3.476405992992029642e+05
6.835435717792654486e+01,7.023755938984746194e+01,7.569642007010582347e+03,2.564555178962595861e+01,3.482132613441362628e+05
6.838882393185244268e+01,7.021255313828456224e+01,7.569536599609230507e+03,2.564105421527042594e+01,3.487868126553280163e+05
6.842329116573516501e+01,7.018754688672169095e+01,7.569430826957436693e+03,2.563655752395562359e+01,3.493612543296791846e+05
6.845775888125129427e+01,7.016254063515880546e+01,7.569324687794711281e+03,2.563206171031086456e+01,3.499365874638396199e+05
6.849222708008329619e+01,7.013753438359589154e+01,7.569218180856250001e+03,2.562756676895495289e+01,3.505128131542041083e+05
6.852669576391942030e+01,7.011252813203300605e+01,7.569111304872921210e+03,2.562307269449615177e+01,3.510899324969039299e+05
6.856116493445395577e+01,7.008752188047013476e+01,7.569004058571249516e+03,2.561857948153208753e+01,3.516679465878037154e+05
6.859563459338713187e+01,7.006251562890723505e+01,7.568896440673401230e+03,2.561408712464976389e+01,3.522468565224946360e+05
6.863010474242507541e+01,7.003750937734433535e+01,7.568788449897172541e+03,2.560959561842551224e+01,3.528266633962853230e+05
6.866457538327991017e+01,7.001250312578144985e+01,7.568680084955968596e+03,2.560510495742489212e+01,3.534073683041930199e+05
6.869904651766981374e+01,6.998749687421856436e+01,7.568571344558795317e+03,2.560061513620271612e+01,3.539889723409403814e+05
6.873351814731896070e+01,6.996249062265566465e+01,7.568462227410243941e+03,2.559612614930299657e+01,3.545714766009431332e+05
6.876799027395753683e+01,6.993748437109277916e+01,7.568352732210469185e+03,2.559163799125884609e+01,3.551548821783009917e+05
6.880246289932188120e+01,6.991247811952987945e+01,7.568242857655182888e+03,2.558715065659249888e+01,3.557391901667921920e+05
6.883693602515435828e+01,6.988747186796699395e+01,7.568132602435633089e+03,2.558266413981522902e+01,3.563244016598601011e+05
6.887140965320345742e+01,6.986246561640410846e+01,7.568021965238596749e+03,2.557817843542732916e+01,3.569105177506064065e+05
6.890588378522383550e+01,6.983745936484120875e+01,7.567910944746351561e+03,2.557369353791803945e+01,3.574975395317818038e+05
6.894035842297626004e+01,6.981245311327830905e+01,7.567799539636674126e+03,2.556920944176553689e+01,3.580854680957726086e+05
6.897483356822768030e+01,6.978744686171543776e+01,7.567687748582819950e+03,2.556472614143687494e+01,3.586743045345945284e+05
6.900930922275129831e+01,6.976244061015253806e+01,7.567575570253503429e+03,2.556024363138790889e+01,3.592640499398800894e+05
6.904378538832646939e+01,6.973743435858963835e+01,7.567463003312890578e+03,2.555576190606331721e+01,3.598547054028690909e+05
6.907826206673881586e+01,6.971242810702676707e+01,7.567350046420579019e+03,2.555128095989650205e+01,3.604462720143970218e+05
6.911273925978025545e+01,6.968742185546388157e+01,7.567236698231583432e+03,2.554680078730956794e+01,3.610387508648867952e+05
6.914721696924900129e+01,6.966241560390096765e+01,7.567122957396320089e+03,2.554232138271325780e+01,3.616321430443347199e+05
6.918169519694947667e+01,6.963740935233808216e+01,7.567008822560594126e+03,2.553784274050694592e+01,3.622264496422990924e+05
6.921617394469254236e+01,6.961240310077521087e+01,7.566894292365577712e+03,2.553336485507854903e+01,3.628216717478947248e+05
6.925065321429541143e+01,6.958739684921229696e+01,7.566779365447801865e+03,2.552888772080450153e+01,3.634178104497751337e+05
6.928513300758156390e+01,6.956239059764941146e+01,7.566664040439136443e+03,2.552441133204971990e+01,3.640148668361226446e+05
6.931961332638100259e+01,6.953738434608652597e+01,7.566548315966775590e+03,2.551993568316754946e+01,3.646128419946400682e+05
6.935409417253012521e+01,6.951237809452364047e+01,7.566432190653221369e+03,2.551546076849969324e+01,3.652117370125362650e+05
6.938857554787173854e+01,6.948737184296074076e+01,7.566315663116271026e+03,2.551098658237620498e+01,3.658115529765140964e+05
6.942305745425510111e+01,6.946236559139785527e+01,7.566198731968996071e+03,2.550651311911543218e+01,3.664122909727592487e+05
6.945753989353605107e+01,6.943735933983495556e+01,7.566081395819730460e+03,2.550204037302394866e+01,3.670139520869296393e+05
6.949202286757686409e+01,6.941235308827207007e+01,7.565963653272054216e+03,2.549756833839653325e+01,3.676165374041417963e+05
6.952650637824635282e+01,6.938734683670918457e+01,7.565845502924775246e+03,2.549309700951612001e+01,3.682200480089578195e+05
6.956099042741995220e+01,6.936234058514628487e+01,7.565726943371915695e+03,2.548862638065373076e+01,3.688244849853758933e+05
6.959547501697961991e+01,6.933733433358339937e+01,7.565607973202696485e+03,2.548415644606846087e+01,3.694298494168150355e+05
6.962996014881392171e+01,6.931232808202051388e+01,7.565488591001519126e+03,2.547968720000740817e+01,3.700361423861041549e+05
6.966444582481811665e+01,6.928732183045761417e+01,7.565368795347947525e+03,2.547521863670563036e+01,3.706433649754701182e+05
6.969893204689405763e+01,6.926231557889471446e+01,7.565248584816697985e+03,2.547075075038610592e+01,3.712515182665226748e+05
6.973341881695026245e+01,6.923730932733184318e+01,7.565127957977618280e+03,2.546628353525968436e+01,3.718606033402442699e+05
6.976790613690199905e+01,6.921230307576895768e+01,7.565006913395673109e+03,2.546181698552503647e+01,3.724706212769753765e+05
6.980239400867127131e+01,6.918729682420604377e+01,7.564885449630925905e+03,2.545735109536859042e+01,3.730815731564036687e+05
6.983688243418673380e+01,6.916229057264315827e+01,7.564763565238525189e+03,2.545288585896453171e+01,3.736934600575474906e+05
6.987137141538390495e+01,6.913728432108028699e+01,7.564641258768685475e+03,2.544842127047470370e+01,3.743062830587461358e+05
6.990586095420512436e+01,6.911227806951737307e+01,7.564518528766675445e+03,2.544395732404859700e+01,3.749200432376470999e+05
6.994035105259941076e+01,6.908727181795448757e+01,7.564395373772791572e+03,2.543949401382326414e+01,3.755347416711862315e+05
6.997484171252276042e+01,6.906226556639160208e+01,7.564271792322353576e+03,2.543503133392331605e+01,3.761503794355830178e+05
7.000933293593801920e+01,6.903725931482871658e+01,7.564147782945678955e+03,2.543056927846083326e+01,3.767669576063226559e+05
7.004382472481488264e+01,6.901225306326581688e+01,7.564023344168072072e+03,2.542610784153535164e+01,3.773844772581421421e+05
7.007831708112995273e+01,6.898724681170293138e+01,7.563898474509800508e+03,2.542164701723378428e+01,3.780029394650167087e+05
7.011281000686685161e+01,6.896224056014003168e+01,7.563773172486085969e+03,2.541718679963038952e+01,3.786223453001492890e+05
7.014730350401610792e+01,6.893723430857714618e+01,7.563647436607083364e+03,2.541272718278672471e+01,3.792426958359520067e+05
7.018179757457522783e+01,6.891222805701426068e+01,7.563521265377862619e+03,2.540826816075159655e+01,3.798639921440351172e+05
7.021629222054879449e+01,6.888722180545136098e+01,7.563394657298394122e+03,2.540380972756098288e+01,3.804862352951918729e+05
7.025078744394838282e+01,6.886221555388847548e+01,7.563267610863531445e+03,2.539935187723803267e+01,3.811094263593858341e+05
7.028528324679261630e+01,6.883720930232558999e+01,7.563140124562994060e+03,2.539489460379298436e+01,3.817335664057335234e+05
7.031977963110729490e+01,6.881220305076269028e+01,7.563012196881348245e+03,2.539043790122312672e+01,3.823586565024954616e+05
7.035427659892526719e+01,6.878719679919979058e+01,7.562883826297992528e+03,2.538598176351273850e+01,3.829846977170556202e+05
7.038877415228650136e+01,6.876219054763691929e+01,7.562755011287141315e+03,2.538152618463305998e+01,3.836116911159105948e+05
7.042327229323822735e+01,6.873718429607401958e+01,7.562625750317800339e+03,2.537707115854220774e+01,3.842396377646549954e+05
7.045777102383478052e+01,6.871217804451111988e+01,7.562496041853760289e+03,2.537261667918517105e+01,3.848685387279657880e+05
7.049227034613771536e+01,6.868717179294823438e+01,7.562365884353569527e+03,2.536816274049373021e+01,3.854983950695873355e+05
7.052677026221587653e+01,6.866216554138536310e+01,7.562235276270524082e+03,2.536370933638641034e+01,3.861292078523173113e+05
7.056127077414541304e+01,6.863715928982244918e+01,7.562104216052644915e+03,2.535925646076843165e+01,3.867609781379922642e+05
7.059577188400962200e+01,6.861215303825956369e+01,7.561972702142661547e+03,2.535480410753167035e+01,3.873937069874699228e+05
7.063027359389924698e+01,6.858714678669667819e+01,7.561840732977996595e+03,2.535035227055460538e+01,3.880273954606181942e+05
7.066477590591236435e+01,6.856214053513379270e+01,7.561708306990745768e+03,2.534590094370222957e+01,3.886620446162958979e+05
7.069927882215438331e+01,6.853713428357089299e+01,7.561575422607660585e+03,2.534145012082605675e+01,3.892976555123399594e+05
7.073378234473811688e+01,6.851212803200800749e+01,7.561442078250131090e+03,2.533699979576406136e+01,3.899342292055500438e+05
7.076828647578385301e+01,6.848712178044512200e+01,7.561308272334167668e+03,2.533254996234056122e+01,3.905717667516715010e+05
7.080279121741928350e+01,6.846211552888222229e+01,7.561174003270383764e+03,2.532810061436626370e+01,3.912102692053808132e+05
7.083729657177956085e+01,6.843710927731933680e+01,7.561039269463975870e+03,2.532365174563813426e+01,3.918497376202692394e+05
7.087180254100741195e+01,6.841210302575643709e+01,7.560904069314708977e+03,2.531920334993939292e+01,3.924901730488293688e+05
7.090630912725303858e+01,6.838709677419355160e+01,7.560768401216892926e+03,2.531475542103943255e+01,3.931315765424347483e+05
7.094081633267418852e+01,6.836209052263066610e+01,7.560632263559370585e+03,2.531030795269379396e+01,3.937739491513284156e+05
7.097532415943626916e+01,6.833708427106776639e+01,7.560495654725497843e+03,2.530586093864409492e+01,3.944172919246056117e+05
7.100983260971223388e+01,6.831207801950486669e+01,7.560358573093118139e+03,2.530141437261797321e+01,3.950616059101943974e+05
7.104434168568266728e+01,6.828707176794199540e+01,7.560221017034558827e+03,2.529696824832906543e+01,3.957068921548451181e+05
7.107885138953588466e+01,6.826206551637909570e+01,7.560082984916596615e+03,2.529252255947690387e+01,3.963531517041089828e+05
7.111336172346783258e+01,6.823705926481619599e+01,7.559944475100450290e+03,2.528807729974691298e+01,3.970003856023246772e+05
7.114787268968218825e+01,6.821205301325331050e+01,7.559805485941757070e+03,2.528363246281033483e+01,3.976485948925996781e+05
7.118238429039040227e+01,6.818704676169043921e+01,7.559666015790557140e+03,2.527918804232417216e+01,3.982977806167958770e+05
7.121689652781172697e+01,6.816204051012752529e+01,7.559526062991272738e+03,2.527474403193113872e+01,3.989479438155118842e+05
7.125140940417310276e+01,6.813703425856463980e+01,7.559385625882688146e+03,2.527030042525960951e+01,3.995990855280635878e+05
7.128592292170939970e+01,6.811202800700176851e+01,7.559244702797936952e+03,2.526585721592357459e+01,4.002512067924726871e+05
7.132043708266336068e+01,6.808702175543886881e+01,7.559103292064474772e+03,2.526141439752256801e+01,4.009043086454462609e+05
7.135495188928554455e+01,6.806201550387596910e+01,7.558961392004068330e+03,2.525697196364161456e+01,4.015583921223582001e+05
7.138946734383443982e+01,6.803700925231308361e+01,7.558819000932769086e+03,2.525252990785120133e+01,4.022134582572344807e+05
7.142398344857653569e+01,6.801200300075019811e+01,7.558676117160903232e+03,2.524808822370718886e+01,4.028695080827359925e+05
7.145850020578622264e+01,6.798699674918729841e+01,7.558532738993044404e+03,2.524364690475079342e+01,4.035265426301400294e+05
7.149301761774590602e+01,6.796199049762441291e+01,7.558388864727996406e+03,2.523920594450848753e+01,4.041845629293212551e+05
7.152753568674606299e+01,6.793698424606151320e+01,7.558244492658778654e+03,2.523476533649199993e+01,4.048435700087393634e+05
7.156205441508518561e+01,6.791197799449862771e+01,7.558099621072603441e+03,2.523032507419820902e+01,4.055035648954144563e+05
7.159657380506982349e+01,6.788697174293574221e+01,7.557954248250852288e+03,2.522588515110912155e+01,4.061645486149134813e+05
7.163109385901472592e+01,6.786196549137284251e+01,7.557808372469066853e+03,2.522144556069179444e+01,4.068265221913327696e+05
7.166561457924271394e+01,6.783695923980994280e+01,7.557661991996921643e+03,2.521700629639832414e+01,4.074894866472775466e+05
7.170013596808477985e+01,6.781195298824707152e+01,7.557515105098206732e+03,2.521256735166573293e+01,4.081534430038444698e+05
7.173465802788017243e+01,6.778694673668417181e+01,7.557367710030805938e+03,2.520812871991592630e+01,4.088183922806039918e+05
7.176918076097631172e+01,6.776194048512127210e+01,7.557219805046684996e+03,2.520369039455568938e+01,4.094843354955824907e+05
7.180370416972887426e+01,6.773693423355838661e+01,7.557071388391860637e+03,2.519925236897656973e+01,4.101512736652419553e+05
7.183822825650187838e+01,6.771192798199551532e+01,7.556922458306391491e+03,2.519481463655485243e+01,4.108192078044638620e+05
7.187275302366765573e+01,6.768692173043260141e+01,7.556773013024348984e+03,2.519037719065147130e+01,4.114881389265287435e+05
7.190727847360679448e+01,6.766191547886971591e+01,7.556623050773805517e+03,2.518594002461202308e+01,4.121580680430961656e+05
7.194180460870835248e+01,6.763690922730684463e+01,7.556472569776808996e+03,2.518150313176662536e+01,4.128289961641904083e+05
7.197633143136980038e+01,6.761190297574394492e+01,7.556321568249366464e+03,2.517706650542992008e+01,4.135009242981774732e+05
7.201085894399697906e+01,6.758689672418104522e+01,7.556170044401421364e+03,2.517263013890099188e+01,4.141738534517468070e+05
7.204538714900421326e+01,6.756189047261815972e+01,7.556017996436836256e+03,2.516819402546331474e+01,4.148477846298918594e+05
7.207991604881436842e+01,6.753688422105527422e+01,7.555865422553367353e+03,2.516375815838469521e+01,4.155227188358930871e+05
7.211444564585880812e+01,6.751187796949237452e+01,7.555712320942651786e+03,2.515932253091721549e+01,4.161986570712952525e+05
7.214897594257740820e+01,6.748687171792948902e+01,7.555558689790182143e+03,2.515488713629718376e+01,4.168756003358893213e+05
7.218350694141874158e+01,6.746186546636658932e+01,7.555404527275287364e+03,2.515045196774505953e+01,4.175535496276952326e+05
7.221803864483989344e+01,6.743685921480370382e+01,7.555249831571111827e+03,2.514601701846541815e+01,4.182325059429369285e+05
7.225257105530663182e+01,6.741185296324081833e+01,7.555094600844597153e+03,2.514158228164687259e+01,4.189124702760264627e+05
7.228710417529345023e+01,6.738684671167791862e+01,7.554938833256457656e+03,2.513714775046202377e+01,4.195934436195443268e+05
7.232163800728349656e+01,6.736184046011501891e+01,7.554782526961163967e+03,2.513271341806739656e+01,4.202754269642161089e+05
7.235617255376865842e+01,6.733683420855214763e+01,7.554625680106921209e+03,2.512827927760340785e+01,4.209584212988949148e+05
7.239070781724964831e+01,6.731182795698924792e+01,7.554468290835643529e+03,2.512384532219425992e+01,4.216424276105401223e+05
7.242524380023593267e+01,6.728682170542634822e+01,7.554310357282942277e+03,2.511941154494792983e+01,4.223274468841981143e+05
7.245978050524581704e+01,6.726181545386347693e+01,7.554151877578098720e+03,2.511497793895609121e+01,4.230134801029789378e+05
7.249431793480650299e+01,6.723680920230059144e+01,7.553992849844040393e+03,2.511054449729402904e+01,4.237005282480378519e+05
7.252885609145411649e+01,6.721180295073767752e+01,7.553833272197331098e+03,2.510611121302062898e+01,4.243885922985576908e+05
7.256339497773359426e+01,6.718679669917479202e+01,7.553673142748138162e+03,2.510167807917829563e+01,4.250776732317183050e+05
7.259793459619895373e+01,6.716179044761192074e+01,7.553512459600217881e+03,2.509724508879287441e+01,4.257677720226864330e+05
7.263247494941319360e+01,6.713678419604902103e+01,7.553351220850892787e+03,2.509281223487361245e+01,4.264588896445885766e+05
7.266701603994827963e+01,6.711177794448612133e+01,7.553189424591030729e+03,2.508837951041312309e+01,4.271510270684909192e+05
7.270155787038525830e+01,6.708677169292323583e+01,7.553027068905020315e+03,2.508394690838725793e+01,4.278441852633769740e+05
7.273610044331431368e+01,6.706176544136035034e+01,7.552864151870755450e+03,2.507951442175510692e+01,4.285383651961286669e+05
7.277064376133468215e+01,6.703675918979745063e+01,7.552700671559609873e+03,2.507508204345893077e+01,4.292335678315036348e+05
7.280518782705478031e+01,6.701175293823456514e+01,7.552536626036417147e+03,2.507064976642407217e+01,4.299297941321108956e+05
7.283973264309226181e+01,6.698674668667166543e+01,7.552372013359445191e+03,2.506621758355889540e+01,4.306270450583939091e+05
7.287427821207393208e+01,6.696174043510877993e+01,7.552206831580382641e+03,2.506178548775478276e+01,4.313253215686048497e+05
7.290882453663586205e+01,6.693673418354589444e+01,7.552041078744307924e+03,2.505735347188599604e+01,4.320246246187830693e+05
7.294337161942345915e+01,6.691172793198299473e+01,7.551874752889675619e+03,2.505292152880965872e+01,4.327249551627341425e+05
7.297791946309141053e+01,6.688672168042009503e+01,7.551707852048287350e+03,2.504848965136570271e+01,4.334263141520075151e+05
7.301246807030372565e+01,6.686171542885722374e+01,7.551540374245276325e+03,2.504405783237676886e+01,4.341287025358712417e+05
7.304701744373389261e+01,6.683670917729432404e+01,7.551372317499080964e+03,2.503962606464818208e+01,4.348321212612948730e+05
7.308156758606472181e+01,6.681170292573142433e+01,7.551203679821424885e+03,2.503519434096786611e+01,4.355365712729207589e+05
7.311611849998851653e+01,6.678669667416855305e+01,7.551034459217293261e+03,2.503076265410630796e+01,4.362420535130448407e+05
7.315067018820708711e+01,6.676169042260566755e+01,7.550864653684912810e+03,2.502633099681645135e+01,4.369485689215933671e+05
7.318522265343179356e+01,6.673668417104275363e+01,7.550694261215727238e+03,2.502189936183367180e+01,4.376561184360995539e+05
7.321977589838341771e+01,6.671167791947986814e+01,7.550523279794377231e+03,2.501746774187571631e+01,4.383647029916784959e+05
7.325432992579244740e+01,6.668667166791699685e+01,7.550351707398674080e+03,2.501303612964260381e+01,4.390743235210065031e+05
7.328888473839901962e+01,6.666166541635408294e+01,7.550179541999582398e+03,2.500860451781660743e+01,4.397849809542984003e+05
7.332344033895279267e+01,6.663665916479119744e+01,7.550006781561196476e+03,2.500417289906215501e+01,4.404966762192781898e+05
7.335799673021323031e+01,6.661165291322831195e+01,7.549833424040710270e+03,2.499974126602579361e+01,4.412094102411629865e+05
7.339255391494951652e+01,6.658664666166542645e+01,7.549659467388407393e+03,2.499530961133609352e+01,4.419231839426341467e+05
7.342711189594054133e+01,6.656164041010252674e+01,7.549484909547627467e+03,2.499087792760361992e+01,4.426379982438145671e+05
7.346167067597501443e+01,6.653663415853964125e+01,7.549309748454749752e+03,2.498644620742085465e+01,4.433538540622442379e+05
7.349623025785150787e+01,6.651162790697674154e+01,7.549133982039166767e+03,2.498201444336212163e+01,4.440707523128587054e+05
7.353079064437842760e+01,6.648662165541385605e+01,7.548957608223262469e+03,2.497758262798353002e+01,4.447886939079602016e+05
7.356535183837405611e+01,6.646161540385097055e+01,7.548780624922390416e+03,2.497315075382292093e+01,4.455076797571960487e+05
7.359991384266669456e+01,6.643660915228807085e+01,7.548603030044850129e+03,2.496871881339979993e+01,4.462277107675351435e+05
7.363447666009453485e+01,6.641160290072517114e+01,7.548424821491860712e+03,2.496428679921524463e+01,4.469487878432389698e+05
7.366904029350580174e+01,6.638659664916229985e+01,7.548245997157541751e+03,2.495985470375186921e+01,4.476709118858404690e+05
7.370360474575880971e+01,6.636159039759940015e+01,7.548066554928888763e+03,2.495542251947376755e+01,4.483940837941187201e+05
7.373817001972189189e+01,6.633658414603650044e+01,7.547886492685751364e+03,2.495099023882641731e+01,4.491183044640721637e+05
7.377273611827351374e+01,6.631157789447362916e+01,7.547705808300804165e+03,2.494655785423662664e+01,4.498435747888921178e+05
7.380730304430231570e+01,6.628657164291072945e+01,7.547524499639528585e+03,2.494212535811247022e+01,4.505698956589436275e+05
7.384187080070711318e+01,6.626156539134782975e+01,7.547342564560190112e+03,2.493769274284324666e+01,4.512972679617318208e+05
7.387643939039691077e+01,6.623655913978494425e+01,7.547160000913808290e+03,2.493326000079935767e+01,4.520256925818806631e+05
7.391100881629101593e+01,6.621155288822207297e+01,7.546976806544141255e+03,2.492882712433229742e+01,4.527551704011081019e+05
7.394557908131908164e+01,6.618654663665915905e+01,7.546792979287652997e+03,2.492439410577455305e+01,4.534857022981976625e+05
7.398015018842095003e+01,6.616154038509627355e+01,7.546608516973498809e+03,2.491996093743955853e+01,4.542172891489709727e+05
7.401472214054696508e+01,6.613653413353338806e+01,7.546423417423491628e+03,2.491552761162159868e+01,4.549499318262656452e+05
7.404929494065785889e+01,6.611152788197050256e+01,7.546237678452088403e+03,2.491109412059578077e+01,4.556836311999070458e+05
7.408386859172476591e+01,6.608652163040760286e+01,7.546051297866355526e+03,2.490666045661793504e+01,4.564183881366812857e+05
7.411844309672930819e+01,6.606151537884471736e+01,7.545864273465952465e+03,2.490222661192456854e+01,4.571542035003075143e+05
7.415301845866368069e+01,6.603650912728181765e+01,7.545676603043104478e+03,2.489779257873278340e+01,4.578910781514140544e+05
7.418759468053058015e+01,6.601150287571893216e+01,7.545488284382578058e+03,2.489335834924022350e+01,4.586290129475095891e+05
7.422217176534331884e+01,6.598649662415604666e+01,7.545299315261656375e+03,2.488892391562499284e+01,4.593680087429544074e+05
7.425674971612586717e+01,6.596149037259314696e+01,7.545109693450117447e+03,2.488448927004558797e+01,4.601080663889374118e+05
7.429132853591283947e+01,6.593648412103026146e+01,7.544919416710204132e+03,2.488005440464084117e+01,4.608491867334443959e+05
7.432590822774953665e+01,6.591147786946737597e+01,7.544728482796605931e+03,2.487561931152984940e+01,4.615913706212337129e+05
7.436048879469208828e+01,6.588647161790447626e+01,7.544536889456430799e+03,2.487118398281190323e+01,4.623346188938068808e+05
7.439507023980733891e+01,6.586146536634157655e+01,7.544344634429179678e+03,2.486674841056640162e+01,4.630789323893818073e+05
7.442965256617296177e+01,6.583645911477870527e+01,7.544151715446721937e+03,2.486231258685281276e+01,4.638243119428617065e+05
7.446423577687755824e+01,6.581145286321580556e+01,7.543958130233275369e+03,2.485787650371058533e+01,4.645707583858131547e+05
7.449881987502057257e+01,6.578644661165290586e+01,7.543763876505371627e+03,2.485344015315908806e+01,4.653182725464311079e+05
7.453340486371237716e+01,6.576144036009002036e+01,7.543568951971841670e+03,2.484900352719753513e+01,4.660668552495141630e+05
7.456799074607438627e+01,6.573643410852714908e+01,7.543373354333781208e+03,2.484456661780491871e+01,4.668165073164363857e+05
7.460257752523904173e+01,6.571142785696423516e+01,7.543177081284531596e+03,2.484012941693992005e+01,4.675672295651169261e+05
7.463716520434972779e+01,6.568642160540134967e+01,7.542980130509655282e+03,2.483569191654089536e+01,4.683190228099904489e+05
7.467175378656105522e+01,6.566141535383846417e+01,7.542782499686903066e+03,2.483125410852574433e+01,4.690718878619810566e+05
7.470634327503876193e+01,6.563640910227557868e+01,7.542584186486196813e+03,2.482681598479184615e+01,4.698258255284705083e+05
7.474093367295969870e+01,6.561140285071267897e+01,7.542385188569599450e+03,2.482237753721604534e+01,4.705808366132707451e+05
7.477552498351195709e+01,6.558639659914979347e+01,7.542185503591290399e+03,2.481793875765450963e+01,4.713369219165918767e+05
7.481011720989494052e+01,6.556139034758690798e+01,7.541985129197539209e+03,2.481349963794270508e+01,4.720940822350156959e+05
7.484471035531930738e+01,6.553638409602400827e+01,7.541784063026681906e+03,2.480906016989530372e+01,4.728523183614634909e+05
7.487930442300704215e+01,6.551137784446112278e+01,7.541582302709092801e+03,2.480462034530612314e+01,4.736116310851660674e+05
7.491389941619155479e+01,6.548637159289822307e+01,7.541379845867159929e+03,2.480018015594805192e+01,4.743720211916369153e+05
7.494849533811765241e+01,6.546136534133533758e+01,7.541176690115259589e+03,2.479573959357297497e+01,4.751334894626372261e+05
7.498309219204162446e+01,6.543635908977243787e+01,7.540972833059725417e+03,2.479129864991169185e+01,4.758960366761490586e+05
7.501768998123121435e+01,6.541135283820955237e+01,7.540768272298829288e+03,2.478685731667386705e+01,4.766596636063420447e+05
7.505228870896577575e+01,6.538634658664666688e+01,7.540563005422752212e+03,2.478241558554794821e+01,4.774243710235463222e+05
7.508688837853620157e+01,6.536134033508378138e+01,7.540357030013555232e+03,2.477797344820108094e+01,4.781901596942165634e+05
7.512148899324506601e+01,6.533633408352088168e+01,7.540150343645158500e+03,2.477353089627905547e+01,4.789570303809065954e+05
7.515609055640653935e+01,6.531132783195799618e+01,7.539942943883309454e+03,2.476908792140621784e+01,4.797249838422334869e+05
7.519069307134655844e+01,6.528632158039509648e+01,7.539734828285557342e+03,2.476464451518540244e+01,4.804940208328486187e+05
7.522529654140281252e+01,6.526131532883221098e+01,7.539525994401231401e+03,2.476020066919787155e+01,4.812641421034054947e+05
7.525990096992477163e+01,6.523630907726931127e+01,7.539316439771407204e+03,2.475575637500320880e+01,4.820353484005275532e+05
7.529450636027372923e+01,6.521130282570642578e+01,7.539106161928885740e+03,2.475131162413928365e+01,4.828076404667774332e+05
7.532911271582290169e+01,6.518629657414354028e+01,7.538895158398162494e+03,2.474686640812215899e+01,4.835810190406249021e+05
7.536372003995739988e+01,6.516129032258065479e+01,7.538683426695402886e+03,2.474242071844600588e+01,4.843554848564118729e+05
7.539832833607431439e+01,6.513628407101775508e+01,7.538470964328411355e+03,2.473797454658303963e+01,4.851310386443246971e+05
7.543293760758271560e+01,6.511127781945486959e+01,7.538257768796612254e+03,2.473352788398347357e+01,4.859076811303583090e+05
7.546754785790376729e+01,6.508627156789198409e+01,7.538043837591012561e+03,2.472908072207538055e+01,4.866854130362839787e+05
7.550215909047071250e+01,6.506126531632908438e+01,7.537829168194182785e+03,2.472463305226467156e+01,4.874642350796171813e+05
7.553677130872893031e+01,6.503625906476619889e+01,7.537613758080226035e+03,2.472018486593501052e+01,4.882441479735834291e+05
7.557138451613597852e+01,6.501125281320329918e+01,7.537397604714748923e+03,2.471573615444772187e+01,4.890251524270881782e+05
7.560599871616165046e+01,6.498624656164041369e+01,7.537180705554838823e+03,2.471128690914171955e+01,4.898072491446785280e+05
7.564061391228803188e+01,6.496124031007751398e+01,7.536963058049032043e+03,2.470683712133345367e+01,4.905904388265144080e+05
7.567523010800947247e+01,6.493623405851462849e+01,7.536744659637288350e+03,2.470238678231680396e+01,4.913747221683309763e+05
7.570984730683271380e+01,6.491122780695174299e+01,7.536525507750960060e+03,2.469793588336301227e+01,4.921600998614078853e+05
7.574446551227690350e+01,6.488622155538885750e+01,7.536305599812770197e+03,2.469348441572062214e+01,4.929465725925325532e+05
7.577908472787362371e+01,6.486121530382595779e+01,7.536084933236778852e+03,2.468903237061538292e+01,4.937341410439696047e+05
7.581370495716694791e+01,6.483620905226307229e+01,7.535863505428357712e+03,2.468457973925018933e+01,4.945228058934211731e+05
7.584832620371351197e+01,6.481120280070017259e+01,7.535641313784160957e+03,2.468012651280497849e+01,4.953125678139976808e+05
7.588294847108249996e+01,6.478619654913728709e+01,7.535418355692097975e+03,2.467567268243668011e+01,4.961034274741779664e+05
7.591757176285575781e+01,6.476119029757438739e+01,7.535194628531305170e+03,2.467121823927913127e+01,4.968953855377806467e+05
7.595219608262777911e+01,6.473618404601150189e+01,7.534970129672116855e+03,2.466676317444298761e+01,4.976884426639211597e+05
7.598682143400577615e+01,6.471117779444861640e+01,7.534744856476037057e+03,2.466230747901566644e+01,4.984825995069852797e+05
7.602144782060975103e+01,6.468617154288573090e+01,7.534518806295710419e+03,2.465785114406122958e+01,4.992778567165844142e+05
7.605607524607250980e+01,6.466116529132283119e+01,7.534291976474896728e+03,2.465339416062036548e+01,5.000742149375295267e+05
7.609070371403967670e+01,6.463615903975994570e+01,7.534064364348435447e+03,2.464893651971024724e+01,5.008716748097850941e+05
7.612533322816982206e+01,6.461115278819706020e+01,7.533835967242224797e+03,2.464447821232449698e+01,5.016702369684429723e+05
7.615996379213446232e+01,6.458614653663416050e+01,7.533606782473189014e+03,2.464001922943309353e+01,5.024699020436792634e+05
7.619459540961808841e+01,6.456114028507127500e+01,7.533376807349248338e+03,2.463555956198228003e+01,5.032706706607197411e+05
7.622922808431825104e+01,6.453613403350837530e+01,7.533146039169291726e+03,2.463109920089451421e+01,5.040725434398060315e+05
7.626386181994557489e+01,6.451112778194548980e+01,7.532914475223146837e+03,2.462663813706834759e+01,5.048755209961557412e+05
7.629849662022385814e+01,6.448612153038259009e+01,7.532682112791554573e+03,2.462217636137840060e+01,5.056796039399263682e+05
7.633313248889002978e+01,6.446111527881970460e+01,7.532448949146131781e+03,2.461771386467522760e+01,5.064847928761776420e+05
7.636776942969429172e+01,6.443610902725681910e+01,7.532214981549349432e+03,2.461325063778525291e+01,5.072910884048350854e+05
7.640240744640010462e+01,6.441110277569393361e+01,7.531980207254501693e+03,2.460878667151073529e+01,5.080984911206552642e+05
7.643704654278427313e+01,6.438609652413103390e+01,7.531744623505673189e+03,2.460432195662962229e+01,5.089070016131815501e+05
7.647168672263694589e+01,6.436109027256814841e+01,7.531508227537708990e+03,2.459985648389548274e+01,5.097166204667104175e+05
7.650632798976172921e+01,6.433608402100524870e+01,7.531271016576193688e+03,2.459539024403747121e+01,5.105273482602546574e+05
7.654097034797568710e+01,6.431107776944236321e+01,7.531032987837408655e+03,2.459092322776020367e+01,5.113391855675032130e+05
7.657561380110941229e+01,6.428607151787947771e+01,7.530794138528312033e+03,2.458645542574367227e+01,5.121521329567810171e+05
7.661025835300705467e+01,6.426106526631657800e+01,7.530554465846505991e+03,2.458198682864320972e+01,5.129661909910143586e+05
7.664490400752637811e+01,6.423605901475369251e+01,7.530313966980202167e+03,2.457751742708933307e+01,5.137813602276886813e+05
7.667955076853883156e+01,6.421105276319079280e+01,7.530072639108198018e+03,2.457304721168774719e+01,5.145976412188117974e+05
7.671419863992956323e+01,6.418604651162790731e+01,7.529830479399844990e+03,2.456857617301918850e+01,5.154150345108734327e+05
7.674884762559749163e+01,6.416104026006502181e+01,7.529587485015015773e+03,2.456410430163940006e+01,5.162335406448068679e+05
7.678349772945536245e+01,6.413603400850213632e+01,7.529343653104074292e+03,2.455963158807900015e+01,5.170531601559476112e+05
7.681814895542977695e+01,6.411102775693923661e+01,7.529098980807847511e+03,2.455515802284342897e+01,5.178738935739952140e+05
7.685280130746123461e+01,6.408602150537635112e+01,7.528853465257593598e+03,2.455068359641285980e+01,5.186957414229735732e+05
7.688745478950423262e+01,6.406101525381345141e+01,7.528607103574969187e+03,2.454620829924210668e+01,5.195187042211875669e+05
7.692210940552726584e+01,6.403600900225056591e+01,7.528359892872003002e+03,2.454173212176055330e+01,5.203427824811887695e+05
7.695676515951291208e+01,6.401100275068766621e+01,7.528111830251061292e+03,2.453725505437206778e+01,5.211679767097286531e+05
7.699142205545781792e+01,6.398599649912478071e+01,7.527862912804817825e+03,2.453277708745489605e+01,5.219942874077205779e+05
7.702608009737285499e+01,6.396099024756189522e+01,7.527613137616224776e+03,2.452829821136161570e+01,5.228217150701989885e+05
7.706073928928309158e+01,6.393598399599900262e+01,7.527362501758477265e+03,2.452381841641901161e+01,5.236502601862792508e+05
7.709539963522787787e+01,6.391097774443611002e+01,7.527111002294987884e+03,2.451933769292801912e+01,5.244799232391122496e+05
7.713006113926084595e+01,6.388597149287322452e+01,7.526858636279349412e+03,2.451485603116363521e+01,5.253107047058467288e+05
7.716472380545005194e+01,6.386096524131033192e+01,7.526605400755308438e+03,2.451037342137482256e+01,5.261426050575876143e+05
7.719938763787794755e+01,6.383595898974744642e+01,7.526351292756731709e+03,2.450588985378442430e+01,5.269756247593506705e+05
7.723405264064147957e+01,6.381095273818454672e+01,7.526096309307573392e+03,2.450140531858908588e+01,5.278097642700232100e+05
7.726871881785210405e+01,6.378594648662166122e+01,7.525840447421845965e+03,2.449691980595917329e+01,5.286450240423203213e+05
7.730338617363587161e+01,6.376094023505876862e+01,7.525583704103586570e+03,2.449243330603867719e+01,5.294814045227437746e+05
7.733805471213348426e+01,6.373593398349587602e+01,7.525326076346824266e+03,2.448794580894511697e+01,5.303189061515369685e+05
7.737272443750029538e+01,6.371092773193298342e+01,7.525067561135552751e+03,2.448345730476948034e+01,5.311575293626440689e+05
7.740739535390643766e+01,6.368592148037009792e+01,7.524808155443692158e+03,2.447896778357612035e+01,5.319972745836644899e+05
7.744206746553680887e+01,6.366091522880720532e+01,7.524547856235061772e+03,2.447447723540267006e+01,5.328381422358127311e+05
7.747674077659118552e+01,6.363590897724431272e+01,7.524286660463344560e+03,2.446998565025994665e+01,5.336801327338714618e+05
7.751141529128419450e+01,6.361090272568142012e+01,7.524024565072058067e+03,2.446549301813188748e+01,5.345232464861500775e+05
7.754609101384546932e+01,6.358589647411853463e+01,7.523761566994519853e+03,2.446099932897543994e+01,5.353674838944375515e+05
7.758076794851963598e+01,6.356089022255564203e+01,7.523497663153812027e+03,2.445650457272047262e+01,5.362128453539619222e+05
7.761544609956638396e+01,6.353588397099274943e+01,7.523232850462756687e+03,2.445200873926971141e+01,5.370593312533448916e+05
7.765012547126050890e+01,6.351087771942985682e+01,7.522967125823874994e+03,2.444751181849861865e+01,5.379069419745528139e+05
7.768480606789199783e+01,6.348587146786697133e+01,7.522700486129360797e+03,2.444301380025534343e+01,5.387556778928585118e+05
7.771948789376605760e+01,6.346086521630408583e+01,7.522432928261042434e+03,2.443851467436058300e+01,5.396055393767911009e+05
7.775417095320318595e+01,6.343585896474118613e+01,7.522164449090353628e+03,2.443401443060753664e+01,5.404565267880932661e+05
7.778885525053919991e+01,6.341085271317830063e+01,7.521895045478298016e+03,2.442951305876179902e+01,5.413086404816745780e+05
7.782354079012533532e+01,6.338584646161540803e+01,7.521624714275420047e+03,2.442501054856127141e+01,5.421618808055650443e+05
7.785822757632826097e+01,6.336084021005251543e+01,7.521353452321764053e+03,2.442050688971606576e+01,5.430162481008705217e+05
7.789291561353014970e+01,6.333583395848962283e+01,7.521081256446848784e+03,2.441600207190843008e+01,5.438717427017262671e+05
7.792760490612873525e+01,6.331082770692673733e+01,7.520808123469630118e+03,2.441149608479263833e+01,5.447283649352494394e+05
7.796229545853738330e+01,6.328582145536384473e+01,7.520534050198468321e+03,2.440698891799492642e+01,5.455861151214934653e+05
7.799698727518514829e+01,6.326081520380095213e+01,7.520259033431094394e+03,2.440248056111336439e+01,5.464449935734007740e+05
7.803168036051675927e+01,6.323580895223805953e+01,7.519983069954575512e+03,2.439797100371780658e+01,5.473050005967549514e+05
7.806637471899279035e+01,6.321080270067517404e+01,7.519706156545282283e+03,2.439346023534977093e+01,5.481661364901342895e+05
7.810107035508963236e+01,6.318579644911228144e+01,7.519428289968855097e+03,2.438894824552235008e+01,5.490284015448647551e+05
7.813576727329959226e+01,6.316079019754938884e+01,7.519149466980169564e+03,2.438443502372013327e+01,5.498917960449708626e+05
7.817046547813092161e+01,6.313578394598649624e+01,7.518869684323302863e+03,2.437992055939912106e+01,5.507563202671281761e+05
7.820516497410790180e+01,6.311077769442361074e+01,7.518588938731498274e+03,2.437540484198659030e+01,5.516219744806140661e+05
7.823986576577090091e+01,6.308577144286071814e+01,7.518307226927131524e+03,2.437088786088105863e+01,5.524887589472623076e+05
7.827456785767641634e+01,6.306076519129782554e+01,7.518024545621677134e+03,2.436636960545214592e+01,5.533566739214111585e+05
7.830927125439711745e+01,6.303575893973494004e+01,7.517740891515673866e+03,2.436185006504050676e+01,5.542257196498545818e+05
7.834397596052194501e+01,6.301075268817204744e+01,7.517456261298689242e+03,2.435732922895772390e+01,5.550958963717949810e+05
7.837868198065616809e+01,6.298574643660915484e+01,7.517170651649285901e+03,2.435280708648623715e+01,5.559672043187937234e+05
7.841338931942136981e+01,6.296074018504626224e+01,7.516884059234986125e+03,2.434828362687921199e+01,5.568396437147173565e+05
7.844809798145561786e+01,6.293573393348337675e+01,7.516596480712236371e+03,2.434375883936047558e+01,5.577132147756947670e+05
7.848280797141346454e+01,6.291072768192048414e+01,7.516307912726376344e+03,2.433923271312443504e+01,5.585879177100614179e+05
7.851751929396598939e+01,6.288572143035759154e+01,7.516018351911594436e+03,2.433470523733592827e+01,5.594637527183104539e+05
7.855223195380087020e+01,6.286071517879469894e+01,7.515727794890905898e+03,2.433017640113017777e+01,5.603407199930425268e+05
7.858694595562249674e+01,6.283570892723181345e+01,7.515436238276104632e+03,2.432564619361269109e+01,5.612188197189170169e+05
7.862166130415195653e+01,6.281070267566892085e+01,7.515143678667737731e+03,2.432111460385914015e+01,5.620980520725941751e+05
7.865637800412714853e+01,6.278569642410602825e+01,7.514850112655064549e+03,2.431658162091529363e+01,5.629784172226944938e+05
7.869109606030278314e+01,6.276069017254313565e+01,7.514555536816023960e+03,2.431204723379690691e+01,5.638599153297354933e+05
7.872581547745053854e+01,6.273568392098025015e+01,7.514259947717194336e+03,2.430751143148962612e+01,5.647425465460906271e+05
7.876053626035903221e+01,6.271067766941735755e+01,7.513963341913765362e+03,2.430297420294890287e+01,5.656263110159285134e+05
7.879525841383393470e+01,6.268567141785446495e+01,7.513665715949493460e+03,2.429843553709988058e+01,5.665112088751666015e+05
7.882998194269799797e+01,6.266066516629157235e+01,7.513367066356671785e+03,2.429389542283730918e+01,5.673972402514141286e+05
7.886470685179114071e+01,6.263565891472868685e+01,7.513067389656093837e+03,2.428935384902545636e+01,5.682844052639252041e+05
7.889943314597051938e+01,6.261065266316580136e+01,7.512766682357013451e+03,2.428481080449798668e+01,5.691727040235387394e+05
7.893416083011055662e+01,6.258564641160290165e+01,7.512464940957114777e+03,2.428026627805789062e+01,5.700621366326316493e+05
7.896888990910302653e+01,6.256064016004001616e+01,7.512162161942467719e+03,2.427572025847737436e+01,5.709527031850602943e+05
7.900362038785712571e+01,6.253563390847712355e+01,7.511858341787498830e+03,2.427117273449774615e+01,5.718444037661098409e+05
7.903835227129951591e+01,6.251062765691423095e+01,7.511553476954953112e+03,2.426662369482936654e+01,5.727372384524405934e+05
7.907308556437439506e+01,6.248562140535133835e+01,7.511247563895854000e+03,2.426207312815149564e+01,5.736312073120297864e+05
7.910782027204355416e+01,6.246061515378845286e+01,7.510940599049469711e+03,2.425752102311221847e+01,5.745263104041230399e+05
7.914255639928647668e+01,6.243560890222556026e+01,7.510632578843275041e+03,2.425296736832835265e+01,5.754225477791731246e+05
7.917729395110038126e+01,6.241060265066266766e+01,7.510323499692915902e+03,2.424841215238533465e+01,5.763199194787913002e+05
7.921203293250022170e+01,6.238559639909977506e+01,7.510013358002172026e+03,2.424385536383714168e+01,5.772184255356866634e+05
7.924677334851887167e+01,6.236059014753688956e+01,7.509702150162916951e+03,2.423929699120616732e+01,5.781180659736153902e+05
7.928151520420711051e+01,6.233558389597399696e+01,7.509389872555086185e+03,2.423473702298313626e+01,5.790188408073195023e+05
7.931625850463372274e+01,6.231057764441110436e+01,7.509076521546632648e+03,2.423017544762700481e+01,5.799207500424782047e+05
7.935100325488549800e+01,6.228557139284821176e+01,7.508762093493497559e+03,2.422561225356485792e+01,5.808237936756437412e+05
7.938574946006740163e+01,6.226056514128532626e+01,7.508446584739564969e+03,2.422104742919179543e+01,5.817279716941901715e+05
7.942049712530256045e+01,6.223555888972243366e+01,7.508129991616630832e+03,2.421648096287085394e+01,5.826332840762536507e+05
7.945524625573237643e+01,6.221055263815954106e+01,7.507812310444360264e+03,2.421191284293290380e+01,5.835397307906789938e+05
7.948999685651654090e+01,6.218554638659665557e+01,7.507493537530252979e+03,2.420734305767653538e+01,5.844473117969586747e+05
7.952474893283314827e+01,6.216054013503376297e+01,7.507173669169602363e+03,2.420277159536795608e+01,5.853560270451775286e+05
7.955950248987875284e+01,6.213553388347087036e+01,7.506852701645460002e+03,2.419819844424089439e+01,5.862658764759527985e+05
7.959425753286839722e+01,6.211052763190797776e+01,7.506530631228598395e+03,2.419362359249651107e+01,5.871768600203776732e+05
7.962901406703575446e+01,6.208552138034509227e+01,7.506207454177467298e+03,2.418904702830328191e+01,5.880889775999643607e+05
7.966377209763314227e+01,6.206051512878219967e+01,7.505883166738161890e+03,2.418446873979688050e+01,5.890022291265816893e+05
7.969853162993160822e+01,6.203550887721930707e+01,7.505557765144380028e+03,2.417988871508011783e+01,5.899166145024001598e+05
7.973329266922095826e+01,6.201050262565641447e+01,7.505231245617384957e+03,2.417530694222280019e+01,5.908321336198283825e+05
7.976805522080989874e+01,6.198549637409352897e+01,7.504903604365968931e+03,2.417072340926164742e+01,5.917487863614594098e+05
7.980281929002603647e+01,6.196049012253063637e+01,7.504574837586408648e+03,2.416613810420017572e+01,5.926665726000061259e+05
7.983758488221602079e+01,6.193548387096774377e+01,7.504244941462433417e+03,2.416155101500860169e+01,5.935854921982431551e+05
7.987235200274551516e+01,6.191047761940485117e+01,7.503913912165180591e+03,2.415696212962375355e+01,5.945055450089467922e+05
7.990712065699935351e+01,6.188547136784196567e+01,7.503581745853159191e+03,2.415237143594892544e+01,5.954267308748343494e+05
7.994189085038158282e+01,6.186046511627907307e+01,7.503248438672211705e+03,2.414777892185382413e+01,5.963490496285046684e+05
7.997666258831552000e+01,6.183545886471618047e+01,7.502913986755470432e+03,2.414318457517441985e+01,5.972725010923735099e+05
8.001143587624380871e+01,6.181045261315328787e+01,7.502578386223323832e+03,2.413858838371286808e+01,5.981970850786159281e+05
8.004621071962854728e+01,6.178544636159040238e+01,7.502241633183372869e+03,2.413399033523739945e+01,5.991228013891031733e+05
8.008098712395131713e+01,6.176044011002750977e+01,7.501903723730390993e+03,2.412939041748220959e+01,6.000496498153422726e+05
8.011576509471323959e+01,6.173543385846461717e+01,7.501564653946289582e+03,2.412478861814734898e+01,6.009776301384110702e+05
8.015054463743508961e+01,6.171042760690173168e+01,7.501224419900073372e+03,2.412018492489864485e+01,6.019067421288969927e+05
8.018532575765733839e+01,6.168542135533883908e+01,7.500883017647799534e+03,2.411557932536754123e+01,6.028369855468365131e+05
8.022010846094025283e+01,6.166041510377594648e+01,7.500540443232544021e+03,2.411097180715105637e+01,6.037683601416508900e+05
8.025489275286392399e+01,6.163540885221305388e+01,7.500196692684354275e+03,2.410636235781162284e+01,6.047008656520803925e+05
8.028967863902836655e+01,6.161040260065016838e+01,7.499851762020213755e+03,2.410175096487702007e+01,6.056345018061242299e+05
8.032446612505360406e+01,6.158539634908727578e+01,7.499505647243999192e+03,2.409713761584022507e+01,6.065692683209758252e+05
8.035925521657974002e+01,6.156039009752438318e+01,7.499158344346441481e+03,2.409252229815936630e+01,6.075051649029584369e+05
8.039404591926697208e+01,6.153538384596149058e+01,7.498809849305083844e+03,2.408790499925754247e+01,6.084421912474605488e+05
8.042883823879576255e+01,6.151037759439860508e+01,7.498460158084243631e+03,2.408328570652277634e+01,6.093803470388712594e+05
8.046363218086683844e+01,6.148537134283571248e+01,7.498109266634967753e+03,2.407866440730786906e+01,6.103196319505163701e+05
8.049842775120130511e+01,6.146036509127281988e+01,7.497757170894996307e+03,2.407404108893031136e+01,6.112600456445927266e+05
8.053322495554067473e+01,6.143535883970992728e+01,7.497403866788715277e+03,2.406941573867215922e+01,6.122015877720999997e+05
8.056802379964700833e+01,6.141035258814704179e+01,7.497049350227124705e+03,2.406478834377994147e+01,6.131442579727802658e+05
8.060282428930294429e+01,6.138534633658414919e+01,7.496693617107788668e+03,2.406015889146454967e+01,6.140880558750496712e+05
8.063762643031179778e+01,6.136034008502125658e+01,7.496336663314799807e+03,2.405552736890109600e+01,6.150329810959278839e+05
8.067243022849757494e+01,6.133533383345837109e+01,7.495978484718732034e+03,2.405089376322885641e+01,6.159790332409769762e+05
8.070723568970514350e+01,6.131032758189547849e+01,7.495619077176607789e+03,2.404625806155112500e+01,6.169262119042342529e+05
8.074204281980026110e+01,6.128532133033258589e+01,7.495258436531845291e+03,2.404162025093508959e+01,6.178745166681403061e+05
8.077685162466961799e+01,6.126031507876969329e+01,7.494896558614229434e+03,2.403698031841178917e+01,6.188239471034771996e+05
8.081166211022099333e+01,6.123530882720680779e+01,7.494533439239859035e+03,2.403233825097591492e+01,6.197745027692957083e+05
8.084647428238325517e+01,6.121030257564391519e+01,7.494169074211111365e+03,2.402769403558576400e+01,6.207261832128517563e+05
8.088128814710650261e+01,6.118529632408102259e+01,7.493803459316594854e+03,2.402304765916310458e+01,6.216789879695350537e+05
8.091610371036207994e+01,6.116029007251812999e+01,7.493436590331114530e+03,2.401839910859305860e+01,6.226329165628005285e+05
8.095092097814270460e+01,6.113528382095524449e+01,7.493068463015622001e+03,2.401374837072400581e+01,6.235879685040996410e+05
8.098573995646252399e+01,6.111027756939235189e+01,7.492699073117179069e+03,2.400909543236745591e+01,6.245441432928128634e+05
8.102056065135721497e+01,6.108527131782945929e+01,7.492328416368911348e+03,2.400444028029795263e+01,6.255014404161795974e+05
8.105538306888401223e+01,6.106026506626656669e+01,7.491956488489966432e+03,2.399978290125294222e+01,6.264598593492242508e+05
8.109020721512185048e+01,6.103525881470368120e+01,7.491583285185471141e+03,2.399512328193267408e+01,6.274193995546910446e+05
8.112503309617139280e+01,6.101025256314078860e+01,7.491208802146492417e+03,2.399046140900008695e+01,6.283800604829719523e+05
8.115986071815517278e+01,6.098524631157789599e+01,7.490833035049989121e+03,2.398579726908069887e+01,6.293418415720366174e+05
8.119469008721758030e+01,6.096024006001500339e+01,7.490455979558771105e+03,2.398113084876246859e+01,6.303047422473574989e+05
8.122952120952504629e+01,6.093523380845211790e+01,7.490077631321458284e+03,2.397646213459572451e+01,6.312687619218440959e+05
8.126435409126604270e+01,6.091022755688922530e+01,7.489697985972432434e+03,2.397179111309300836e+01,6.322338999957668129e+05
8.129918873865119622e+01,6.088522130532633270e+01,7.489317039131800811e+03,2.396711777072899352e+01,6.332001558566878084e+05
8.133402515791338772e+01,6.086021505376344720e+01,7.488934786405344312e+03,2.396244209394034286e+01,6.341675288793878863e+05
8.136886335530779490e+01,6.083520880220055460e+01,7.488551223384482000e+03,2.395776406912561640e+01,6.351360184257910587e+05
8.140370333711202022e+01,6.081020255063766200e+01,7.488166345646221089e+03,2.395308368264513987e+01,6.361056238448974909e+05
8.143854510962610505e+01,6.078519629907476940e+01,7.487780148753117828e+03,2.394840092082090877e+01,6.370763444727049209e+05
8.147338867917270022e+01,6.076019004751188390e+01,7.487392628253231123e+03,2.394371576993644268e+01,6.380481796321384609e+05
8.150823405209706607e+01,6.073518379594899130e+01,7.487003779680079788e+03,2.393902821623671429e+01,6.390211286329743452e+05
8.154308123476722869e+01,6.071017754438609870e+01,7.486613598552596159e+03,2.393433824592797876e+01,6.399951907717685681e+05
8.157793023357399420e+01,6.068517129282320610e+01,7.486222080375084261e+03,2.392964584517769566e+01,6.409703653317786520e+05
8.161278105493109081e+01,6.066016504126032061e+01,7.485829220637176149e+03,2.392495100011440101e+01,6.419466515828918200e+05
8.164763370527521147e+01,6.063515878969742801e+01,7.485435014813784619e+03,2.392025369682760072e+01,6.429240487815509550e+05
8.168248819106614178e+01,6.061015253813453540e+01,7.485039458365059545e+03,2.391555392136761427e+01,6.439025561706750887e+05
8.171734451878677419e+01,6.058514628657164280e+01,7.484642546736345139e+03,2.391085165974552140e+01,6.448821729795872234e+05
8.175220269494327852e+01,6.056014003500875731e+01,7.484244275358136292e+03,2.390614689793299874e+01,6.458628984239372658e+05
8.178706272606514460e+01,6.053513378344586471e+01,7.483844639646024916e+03,2.390143962186219184e+01,6.468447317056240281e+05
8.182192461870526756e+01,6.051012753188297211e+01,7.483443635000667200e+03,2.389672981742563707e+01,6.478276720127216540e+05
8.185678837944001884e+01,6.048512128032008661e+01,7.483041256807729951e+03,2.389201747047613367e+01,6.488117185194025515e+05
8.189165401486937412e+01,6.046011502875719401e+01,7.482637500437850576e+03,2.388730256682658393e+01,6.497968703858531080e+05
8.192652153161697015e+01,6.043510877719430141e+01,7.482232361246586152e+03,2.388258509224993276e+01,6.507831267582081491e+05
8.196139093633019002e+01,6.041010252563140881e+01,7.481825834574373403e+03,2.387786503247901138e+01,6.517704867684622295e+05
8.199626223568027683e+01,6.038509627406852331e+01,7.481417915746482322e+03,2.387314237320642007e+01,6.527589495343975723e+05
8.203113543636240479e+01,6.036009002250563071e+01,7.481008600072964327e+03,2.386841710008442874e+01,6.537485141595022287e+05
8.206601054509576443e+01,6.033508377094273811e+01,7.480597882848616791e+03,2.386368919872483119e+01,6.547391797328939429e+05
8.210088756862363368e+01,6.031007751937984551e+01,7.480185759352931200e+03,2.385895865469885635e+01,6.557309453292385442e+05
8.213576651371352000e+01,6.028507126781696002e+01,7.479772224850042221e+03,2.385422545353700130e+01,6.567238100086717168e+05
8.217064738715721717e+01,6.026006501625406742e+01,7.479357274588695873e+03,2.384948958072896730e+01,6.577177728167192545e+05
8.220553019577089060e+01,6.023505876469117482e+01,7.478940903802187677e+03,2.384475102172348215e+01,6.587128327842148719e+05
8.224041494639514838e+01,6.021005251312828221e+01,7.478523107708327188e+03,2.384000976192822918e+01,6.597089889272231376e+05
8.227530164589518336e+01,6.018504626156539672e+01,7.478103881509386156e+03,2.383526578670968377e+01,6.607062402469551889e+05
8.231019030116083002e+01,6.016004001000250412e+01,7.477683220392054864e+03,2.383051908139303166e+01,6.617045857296901522e+05
8.234508091910667815e+01,6.013503375843961152e+01,7.477261119527393930e+03,2.382576963126200198e+01,6.627040243466924876e+05
8.237997350667210128e+01,6.011002750687671892e+01,7.476837574070786104e+03,2.382101742155877844e+01,6.637045550541284028e+05
8.241486807082144139e+01,6.008502125531383342e+01,7.476412579161895337e+03,2.381626243748387850e+01,6.647061767929896014e+05
8.244976461854406580e+01,6.006001500375094082e+01,7.475986129924612214e+03,2.381150466419600065e+01,6.657088884890029440e+05
8.248466315685439554e+01,6.003500875218804822e+01,7.475558221467011208e+03,2.380674408681192844e+01,6.667126890525517520e+05
8.251956369279209014e+01,6.001000250062516272e+01,7.475128848881305203e+03,2.380198069040639908e+01,6.677175773785945494e+05
8.255446623342210444e+01,5.998499624906227012e+01,7.474698007243791835e+03,2.379721446001197549e+01,6.687235523465786828e+05
8.258937078583477387e+01,5.995998999749937752e+01,7.474265691614812567e+03,2.379244538061891845e+01,6.697306128203552216e+05
8.262427735714589971e+01,5.993498374593648492e+01,7.473831897038701754e+03,2.378767343717508709e+01,6.707387576480983989e+05
8.265918595449687700e+01,5.990997749437359943e+01,7.473396618543740260e+03,2.378289861458578613e+01,6.717479856622201623e+05
8.269409658505477978e+01,5.988497124281070683e+01,7.472959851142107254e+03,2.377812089771364157e+01,6.727582956792826299e+05
8.272900925601244637e+01,5.985996499124781423e+01,7.472521589829832010e+03,2.377334027137850470e+01,6.737696864999165991e+05
8.276392397458853623e+01,5.983495873968492162e+01,7.472081829586747517e+03,2.376855672035731004e+01,6.747821569087331882e+05
8.279884074802771465e+01,5.980995248812203613e+01,7.471640565376439554e+03,2.376377022938392258e+01,6.757957056742400164e+05
8.283375958360068125e+01,5.978494623655914353e+01,7.471197792146203028e+03,2.375898078314907025e+01,6.768103315487545915e+05
8.286868048860429781e+01,5.975993998499625093e+01,7.470753504826987410e+03,2.375418836630016273e+01,6.778260332683165325e+05
8.290360347036163091e+01,5.973493373343335833e+01,7.470307698333353073e+03,2.374939296344118844e+01,6.788428095526014222e+05
8.293852853622215093e+01,5.970992748187047283e+01,7.469860367563424916e+03,2.374459455913261152e+01,6.798606591048357077e+05
8.297345569356174622e+01,5.968492123030757313e+01,7.469411507398834146e+03,2.373979313789117640e+01,6.808795806117034517e+05
8.300838494978283677e+01,5.965991497874468763e+01,7.468961112704681000e+03,2.373498868418987584e+01,6.818995727432655403e+05
8.304331631231448796e+01,5.963490872718180213e+01,7.468509178329479255e+03,2.373018118245775199e+01,6.829206341528682970e+05
8.307824978861249576e+01,5.960990247561890953e+01,7.468055699105105305e+03,2.372537061707977202e+01,6.839427634770524455e+05
8.311318538615952889e+01,5.958489622405601693e+01,7.467600669846759047e+03,2.372055697239674643e+01,6.849659593354681274e+05
8.314812311246512877e+01,5.955988997249312433e+01,7.467144085352902948e+03,2.371574023270515852e+01,6.859902203307823511e+05
8.318306297506593694e+01,5.953488372093023884e+01,7.466685940405218389e+03,2.371092038225705068e+01,6.870155450485922629e+05
8.321800498152569503e+01,5.950987746936734624e+01,7.466226229768557459e+03,2.370609740525991072e+01,6.880419320573366713e+05
8.325294913943541530e+01,5.948487121780445364e+01,7.465764948190891118e+03,2.370127128587650134e+01,6.890693799081963953e+05
8.328789545641340908e+01,5.945986496624156104e+01,7.465302090403260991e+03,2.369644200822479263e+01,6.900978871350170812e+05
8.332284394010545725e+01,5.943485871467867554e+01,7.464837651119729344e+03,2.369160955637776667e+01,6.911274522542071063e+05
8.335779459818488135e+01,5.940985246311578294e+01,7.464371625037323611e+03,2.368677391436333579e+01,6.921580737646522466e+05
8.339274743835264303e+01,5.938484621155289034e+01,7.463904006835999098e+03,2.368193506616418986e+01,6.931897501476214966e+05
8.342770246833744352e+01,5.935983995998999774e+01,7.463434791178577143e+03,2.367709299571768966e+01,6.942224798666774295e+05
8.346265969589586575e+01,5.933483370842711224e+01,7.462963972710700546e+03,2.367224768691569636e+01,6.952562613675787579e+05
8.349761912881241699e+01,5.930982745686421964e+01,7.462491546060779910e+03,2.366739912360447562e+01,6.962910930781953502e+05
8.353258077489969935e+01,5.928482120530132704e+01,7.462017505839948171e+03,2.366254728958455900e+01,6.973269734084071824e+05
8.356754464199843824e+01,5.925981495373843444e+01,7.461541846642006021e+03,2.365769216861060542e+01,6.983639007500158623e+05
8.360251073797765287e+01,5.923480870217554894e+01,7.461064563043370981e+03,2.365283374439126973e+01,6.994018734766496345e+05
8.363747907073475574e+01,5.920980245061265634e+01,7.460585649603030106e+03,2.364797200058908899e+01,7.004408899436692009e+05
8.367244964819559527e+01,5.918479619904976374e+01,7.460105100862486324e+03,2.364310692082031906e+01,7.014809484880719101e+05
8.370742247831464056e+01,5.915978994748687825e+01,7.459622911345710236e+03,2.363823848865483868e+01,7.025220474283982767e+05
8.374239756907503818e+01,5.913478369592398565e+01,7.459139075559084631e+03,2.363336668761599313e+01,7.035641850646383828e+05
8.377737492848875434e+01,5.910977744436109305e+01,7.458653587991355380e+03,2.362849150118045216e+01,7.046073596781321103e+05
8.381235456459663169e+01,5.908477119279820045e+01,7.458166443113583227e+03,2.362361291277811404e+01,7.056515695314753102e+05
8.384733648546855989e+01,5.905976494123531495e+01,7.457677635379089224e+03,2.361873090579194212e+01,7.066968128684248077e+05
8.388232069920353240e+01,5.903475868967242235e+01,7.457187159223401068e+03,2.361384546355784764e+01,7.077430879138021264e+05
8.391730721392980286e+01,5.900975243810952975e+01,7.456695009064208534e+03,2.360895656936453690e+01,7.087903928733909270e+05
8.395229603780492766e+01,5.898474618654663715e+01,7.456201179301303455e+03,2.360406420645339409e+01,7.098387259338474832e+05
8.398728717901593654e+01,5.895973993498375165e+01,7.455705664316533330e+03,2.359916835801834623e+01,7.108880852625962580e+05
8.402228064577943201e+01,5.893473368342085905e+01,7.455208458473747669e+03,2.359426900720572462e+01,7.119384690077377018e+05
8.405727644634167461e+01,5.890972743185796645e+01,7.454709556118747969e+03,2.358936613711412988e+01,7.129898752979441779e+05
8.409227458897869667e+01,5.888472118029507385e+01,7.454208951579232235e+03,2.358445973079430047e+01,7.140423022423648508e+05
8.412727508199645854e+01,5.885971492873218835e+01,7.453706639164743137e+03,2.357954977124898122e+01,7.150957479305249872e+05
8.416227793373090549e+01,5.883470867716928865e+01,7.453202613166617994e+03,2.357463624143276348e+01,7.161502104322288651e+05
8.419728315254808138e+01,5.880970242560640315e+01,7.452696867857934194e+03,2.356971912425198923e+01,7.172056877974548843e+05
8.423229074684429918e+01,5.878469617404351766e+01,7.452189397493459182e+03,2.356479840256458402e+01,7.182621780562591739e+05
8.426730072504619784e+01,5.875968992248062506e+01,7.451680196309594066e+03,2.355987405917993627e+01,7.193196792186759412e+05
8.430231309561088437e+01,5.873468367091773246e+01,7.451169258524321776e+03,2.355494607685875508e+01,7.203781892746138619e+05
8.433732786702600492e+01,5.870967741935483986e+01,7.450656578337156134e+03,2.355001443831292818e+01,7.214377061937532853e+05
8.437234504780994371e+01,5.868467116779195436e+01,7.450142149929090920e+03,2.354507912620540466e+01,7.224982279254491441e+05
8.440736464651185145e+01,5.865966491622906176e+01,7.449625967462538028e+03,2.354014012315004223e+01,7.235597523986258311e+05
8.444238667171181589e+01,5.863465866466616916e+01,7.449108025081281994e+03,2.353519741171146507e+01,7.246222775216769660e+05
8.447741113202091867e+01,5.860965241310327656e+01,7.448588316910425419e+03,2.353025097440494307e+01,7.256858011823577108e+05
8.451243803608143423e+01,5.858464616154039106e+01,7.448066837056331678e+03,2.352530079369624261e+01,7.267503212476872141e+05
8.454746739256687249e+01,5.855963990997749846e+01,7.447543579606577623e+03,2.352034685200149511e+01,7.278158355638425564e+05
8.458249921018216355e+01,5.853463365841460586e+01,7.447018538629890827e+03,2.351538913168704426e+01,7.288823419560549082e+05
8.461753349766370036e+01,5.850962740685171326e+01,7.446491708176107750e+03,2.351042761506933587e+01,7.299498382285060361e+05
8.465257026377950922e+01,5.848462115528882777e+01,7.445963082276109162e+03,2.350546228441475094e+01,7.310183221642201534e+05
8.468760951732936348e+01,5.845961490372592806e+01,7.445432654941770124e+03,2.350049312193947770e+01,7.320877915249663638e+05
8.472265126714486883e+01,5.843460865216304256e+01,7.444900420165907235e+03,2.349552010980938022e+01,7.331582440511455061e+05
8.475769552208963376e+01,5.840960240060014996e+01,7.444366371922223152e+03,2.349054323013984202e+01,7.342296774616882904e+05
8.479274229105934069e+01,5.838459614903726447e+01,7.443830504165252933e+03,2.348556246499565248e+01,7.353020894539491273e+05
8.482779158298193067e+01,5.835958989747437187e+01,7.443292810830307644e+03,2.348057779639082909e+01,7.363754777035993757e+05
8.486284340681761762e+01,5.833458364591147927e+01,7.442753285833418886e+03,2.347558920628851098e+01,7.374498398645173293e+05
8.489789777155912986e+01,5.830957739434859377e+01,7.442211923071292404e+03,2.347059667660081317e+01,7.385251735686885659e+05
8.493295468623175282e+01,5.828457114278570117e+01,7.441668716421240788e+03,2.346560018918866675e+01,7.396014764260894153e+05
8.496801415989348527e+01,5.825956489122280857e+01,7.441123659741137999e+03,2.346059972586169451e+01,7.406787460245845141e+05
8.500307620163513889e+01,5.823455863965991597e+01,7.440576746869362069e+03,2.345559526837807596e+01,7.417569799298191210e+05
8.503814082058049451e+01,5.820955238809703047e+01,7.440027971624737802e+03,2.345058679844438032e+01,7.428361756851047976e+05
8.507320802588640163e+01,5.818454613653413787e+01,7.439477327806484027e+03,2.344557429771545642e+01,7.439163308113169624e+05
8.510827782674292052e+01,5.815953988497124527e+01,7.438924809194155387e+03,2.344055774779426216e+01,7.449974428067810368e+05
8.514335023237339328e+01,5.813453363340835267e+01,7.438370409547593226e+03,2.343553713023176499e+01,7.460795091471656924e+05
8.517842525203465698e+01,5.810952738184546718e+01,7.437814122606860110e+03,2.343051242652672883e+01,7.471625272853689967e+05
8.521350289501711472e+01,5.808452113028257457e+01,7.437255942092195255e+03,2.342548361812565005e+01,7.482464946514106123e+05
8.524858317064486357e+01,5.805951487871968197e+01,7.436695861703948140e+03,2.342045068642255146e+01,7.493314086523199221e+05
8.528366608827582240e+01,5.803450862715678937e+01,7.436133875122533027e+03,2.341541361275889699e+01,7.504172666720275301e+05
8.531875165730188826e+01,5.800950237559390388e+01,7.435569976008365302e+03,2.341037237842339991e+01,7.515040660712461686e+05
8.535383988714903580e+01,5.798449612403100417e+01,7.435004158001807809e+03,2.340532696465189488e+01,7.525918041873681359e+05
8.538893078727743102e+01,5.795948987246811868e+01,7.434436414723115377e+03,2.340027735262721365e+01,7.536804783343456220e+05
8.542402436718161596e+01,5.793448362090523318e+01,7.433866739772377514e+03,2.339522352347901446e+01,7.547700858025816269e+05
8.545912063639057976e+01,5.790947736934234058e+01,7.433295126729464755e+03,2.339016545828365068e+01,7.558606238588149427e+05
8.549421960446794344e+01,5.788447111777944798e+01,7.432721569153968630e+03,2.338510313806403573e+01,7.569520897460089764e+05
8.552932128101203091e+01,5.785946486621655538e+01,7.432146060585146188e+03,2.338003654378947616e+01,7.580444806832340546e+05
8.556442567565603952e+01,5.783445861465366988e+01,7.431568594541863604e+03,2.337496565637554369e+01,7.591377938655577600e+05
8.559953279806815374e+01,5.780945236309077728e+01,7.430989164522543433e+03,2.336989045668394027e+01,7.602320264639265370e+05
8.563464265795172992e+01,5.778444611152788468e+01,7.430407764005097306e+03,2.336481092552231331e+01,7.613271756250523031e+05
8.566975526504532468e+01,5.775943985996499208e+01,7.429824386446881363e+03,2.335972704364415620e+01,7.624232384712956846e+05
8.570487062912292231e+01,5.773443360840210659e+01,7.429239025284628951e+03,2.335463879174863777e+01,7.635202121005541412e+05
8.573998875999402003e+01,5.770942735683921399e+01,7.428651673934402424e+03,2.334954615048046733e+01,7.646180935861408943e+05
8.577510966750381272e+01,5.768442110527632138e+01,7.428062325791527655e+03,2.334444910042973120e+01,7.657168799766709562e+05
8.581023336153324976e+01,5.765941485371342878e+01,7.427470974230541287e+03,2.333934762213176839e+01,7.668165682959439000e+05
8.584535985199923402e+01,5.763440860215054329e+01,7.426877612605132526e+03,2.333424169606702137e+01,7.679171555428277934e+05
8.588048914885473550e+01,5.760940235058764358e+01,7.426282234248086752e+03,2.332913130266087265e+01,7.690186386911391746e+05
8.591562126208891925e+01,5.758439609902475809e+01,7.425684832471221853e+03,2.332401642228350624e+01,7.701210146895250073e+05
8.595075620172731590e+01,5.755938984746187259e+01,7.425085400565341843e+03,2.331889703524977975e+01,7.712242804613483604e+05
8.598589397783192112e+01,5.753438359589897999e+01,7.424483931800165010e+03,2.331377312181904671e+01,7.723284329045652412e+05
8.602103460050136619e+01,5.750937734433608739e+01,7.423880419424278443e+03,2.330864466219502873e+01,7.734334688916085288e+05
8.605617807987100321e+01,5.748437109277319479e+01,7.423274856665072548e+03,2.330351163652566981e+01,7.745393852692650398e+05
8.609132442611310410e+01,5.745936484121030929e+01,7.422667236728683747e+03,2.329837402490296583e+01,7.756461788585582981e+05
8.612647364943698847e+01,5.743435858964741669e+01,7.422057552799940822e+03,2.329323180736285082e+01,7.767538464546294417e+05
8.616162576008915153e+01,5.740935233808452409e+01,7.421445798042298520e+03,2.328808496388502292e+01,7.778623848266135901e+05
8.619678076835337777e+01,5.738434608652163149e+01,7.420831965597787530e+03,2.328293347439280225e+01,7.789717907175194705e+05
8.623193868455093991e+01,5.735933983495874600e+01,7.420216048586949910e+03,2.327777731875298883e+01,7.800820608441112563e+05
8.626709951904069840e+01,5.733433358339585340e+01,7.419598040108784517e+03,2.327261647677570622e+01,7.811931918967813253e+05
8.630226328221928611e+01,5.730932733183296079e+01,7.418977933240681523e+03,2.326745092821425231e+01,7.823051805394343100e+05
8.633742998452119366e+01,5.728432108027006819e+01,7.418355721038376942e+03,2.326228065276497858e+01,7.834180234093599720e+05
8.637259963641895411e+01,5.725931482870718270e+01,7.417731396535877138e+03,2.325710563006708398e+01,7.845317171171128284e+05
8.640777224842328508e+01,5.723430857714429010e+01,7.417104952745409719e+03,2.325192583970250837e+01,7.856462582463874714e+05
8.644294783108321667e+01,5.720930232558139750e+01,7.416476382657364411e+03,2.324674126119578332e+01,7.867616433538967976e+05
8.647812639498624776e+01,5.718429607401850490e+01,7.415845679240231220e+03,2.324155187401386158e+01,7.878778689692460466e+05
8.651330795075850233e+01,5.715928982245561940e+01,7.415212835440539493e+03,2.323635765756597849e+01,7.889949315948103322e+05
8.654849250906487157e+01,5.713428357089271969e+01,7.414577844182803346e+03,2.323115859120350635e+01,7.901128277056100778e+05
8.658368008060912757e+01,5.710927731932983420e+01,7.413940698369459824e+03,2.322595465421979810e+01,7.912315537491842406e+05
8.661887067613412228e+01,5.708427106776694870e+01,7.413301390880805229e+03,2.322074582585002744e+01,7.923511061454645824e+05
8.665406430642191538e+01,5.705926481620405610e+01,7.412659914574942377e+03,2.321553208527105383e+01,7.934714812866526190e+05
8.668926098229393062e+01,5.703425856464116350e+01,7.412016262287716927e+03,2.321031341160126260e+01,7.945926755370937753e+05
8.672446071461105532e+01,5.700925231307827090e+01,7.411370426832658268e+03,2.320508978390042643e+01,7.957146852331463015e+05
8.675966351427386769e+01,5.698424606151538541e+01,7.410722401000917671e+03,2.319986118116953477e+01,7.968375066830585711e+05
8.679486939222275055e+01,5.695923980995249281e+01,7.410072177561213721e+03,2.319462758235065536e+01,7.979611361668400932e+05
8.683007835943804764e+01,5.693423355838960020e+01,7.409419749259764103e+03,2.318938896632678137e+01,7.990855699361377629e+05
8.686529042694019154e+01,5.690922730682670760e+01,7.408765108820231944e+03,2.318414531192167516e+01,8.002108042141000042e+05
8.690050560578990257e+01,5.688422105526382211e+01,7.408108248943663057e+03,2.317889659789972256e+01,8.013368351952569792e+05
8.693572390708833098e+01,5.685921480370092951e+01,7.407449162308425912e+03,2.317364280296577306e+01,8.024636590453850804e+05
8.697094534197718474e+01,5.683420855213803691e+01,7.406787841570150704e+03,2.316838390576500117e+01,8.035912719013858587e+05
8.700616992163887176e+01,5.680920230057514431e+01,7.406124279361665685e+03,2.316311988488272888e+01,8.047196698711453937e+05
8.704139765729674139e+01,5.678419604901225881e+01,7.405458468292946236e+03,2.315785071884431190e+01,8.058488490334168309e+05
8.707662856021515552e+01,5.675918979744935911e+01,7.404790400951042102e+03,2.315257638611494428e+01,8.069788054376818473e+05
8.711186264169964488e+01,5.673418354588647361e+01,7.404120069900023736e+03,2.314729686509952700e+01,8.081095351040215464e+05
8.714709991309713644e+01,5.670917729432358811e+01,7.403447467680919544e+03,2.314201213414252933e+01,8.092410340229906142e+05
8.718234038579605283e+01,5.668417104276069551e+01,7.402772586811654946e+03,2.313672217152780064e+01,8.103732981554793660e+05
8.721758407122649714e+01,5.665916479119780291e+01,7.402095419786991442e+03,2.313142695547845662e+01,8.115063234325884841e+05
8.725283098086038081e+01,5.663415853963491031e+01,7.401415959078464766e+03,2.312612646415668749e+01,8.126401057554902509e+05
8.728808112621163673e+01,5.660915228807202482e+01,7.400734197134323040e+03,2.312082067566362653e+01,8.137746409953045659e+05
8.732333451883634723e+01,5.658414603650913222e+01,7.400050126379466747e+03,2.311550956803919021e+01,8.149099249929579673e+05
8.735859117033288612e+01,5.655913978494623962e+01,7.399363739215389614e+03,2.311019311926194320e+01,8.160459535590582527e+05
8.739385109234211768e+01,5.653413353338334701e+01,7.398675028020110403e+03,2.310487130724891358e+01,8.171827224737567594e+05
8.742911429654753874e+01,5.650912728182046152e+01,7.397983985148117426e+03,2.309954410985544726e+01,8.183202274866130902e+05
8.746438079467546345e+01,5.648412103025756892e+01,7.397290602930304885e+03,2.309421150487506935e+01,8.194584643164683366e+05
8.749965059849517957e+01,5.645911477869467632e+01,7.396594873673907387e+03,2.308887347003930657e+01,8.205974286513032857e+05
8.753492371981904796e+01,5.643410852713178372e+01,7.395896789662445372e+03,2.308352998301756287e+01,8.217371161481072195e+05
8.757020017050280103e+01,5.640910227556889822e+01,7.395196343155659633e+03,2.307818102141693117e+01,8.228775224327427568e+05
8.760547996244561375e+01,5.638409602400599852e+01,7.394493526389444924e+03,2.307282656278206190e+01,8.240186430998119758e+05
8.764076310759024580e+01,5.635908977244311302e+01,7.393788331575795382e+03,2.306746658459499955e+01,8.251604737125152024e+05
8.767604961792331153e+01,5.633408352088022042e+01,7.393080750902739055e+03,2.306210106427503703e+01,8.263030098025238840e+05
8.771133950547536529e+01,5.630907726931733492e+01,7.392370776534270590e+03,2.305672997917852030e+01,8.274462468698316952e+05
8.774663278232112873e+01,5.628407101775444232e+01,7.391658400610301214e+03,2.305135330659876658e+01,8.285901803826345131e+05
8.778192946057957613e+01,5.625906476619154972e+01,7.390943615246583249e+03,2.304597102376583706e+01,8.297348057771775639e+05
8.781722955241419015e+01,5.623405851462866423e+01,7.390226412534654628e+03,2.304058310784642316e+01,8.308801184576265514e+05
8.785253307003310397e+01,5.620905226306577163e+01,7.389506784541776142e+03,2.303518953594366891e+01,8.320261137959274929e+05
8.788784002568927178e+01,5.618404601150287903e+01,7.388784723310867776e+03,2.302979028509704307e+01,8.331727871316716773e+05
8.792315043168059674e+01,5.615903975993998642e+01,7.388060220860443224e+03,2.302438533228213657e+01,8.343201337719508447e+05
8.795846430035021513e+01,5.613403350837710093e+01,7.387333269184552591e+03,2.301897465441056667e+01,8.354681489912271500e+05
8.799378164408655323e+01,5.610902725681420833e+01,7.386603860252714185e+03,2.301355822832974951e+01,8.366168280311836861e+05
8.802910247532358312e+01,5.608402100525131573e+01,7.385871986009858119e+03,2.300813603082282910e+01,8.377661661005968926e+05
8.806442680654092214e+01,5.605901475368842313e+01,7.385137638376255381e+03,2.300270803860843927e+01,8.389161583751863800e+05
8.809975465026408870e+01,5.603400850212553763e+01,7.384400809247460529e+03,2.299727422834059709e+01,8.400667999974827981e+05
8.813508601906464435e+01,5.600900225056264503e+01,7.383661490494245299e+03,2.299183457660852170e+01,8.412180860766808037e+05
8.817042092556037858e+01,5.598399599899975243e+01,7.382919673962538582e+03,2.298638905993649928e+01,8.423700116885048337e+05
8.820575938241543668e+01,5.595898974743685983e+01,7.382175351473361843e+03,2.298093765478371253e+01,8.435225718750613742e+05
8.824110140234057553e+01,5.593398349587397433e+01,7.381428514822762736e+03,2.297548033754408081e+01,8.446757616447064793e+05
8.827644699809331996e+01,5.590897724431107463e+01,7.380679155781756890e+03,2.297001708454610025e+01,8.458295759718928020e+05
8.831179618247810481e+01,5.588397099274818913e+01,7.379927266096261519e+03,2.296454787205271941e+01,8.469840097970385104e+05
8.834714896834650233e+01,5.585896474118530364e+01,7.379172837487029938e+03,2.295907267626111903e+01,8.481390580263766460e+05
8.838250536859739270e+01,5.583395848962241104e+01,7.378415861649594262e+03,2.295359147330264094e+01,8.492947155318224104e+05
8.841786539617713458e+01,5.580895223805951844e+01,7.377656330254193563e+03,2.294810423924253229e+01,8.504509771508160047e+05
8.845322906407973562e+01,5.578394598649662584e+01,7.376894234945719290e+03,2.294261095007988160e+01,8.516078376861936413e+05
8.848859638534709404e+01,5.575893973493374034e+01,7.376129567343641611e+03,2.293711158174738785e+01,8.527652919060352724e+05
8.852396737306912655e+01,5.573393348337084774e+01,7.375362319041953924e+03,2.293160611011124672e+01,8.539233345435233787e+05
8.855934204038399571e+01,5.570892723180795514e+01,7.374592481609104652e+03,2.292609451097097306e+01,8.550819602968022227e+05
8.859472040047823782e+01,5.568392098024506254e+01,7.373820046587933575e+03,2.292057676005925870e+01,8.562411638288244139e+05
8.863010246658701874e+01,5.565891472868217704e+01,7.373045005495609985e+03,2.291505283304179486e+01,8.574009397672181949e+05
8.866548825199429018e+01,5.563390847711928444e+01,7.372267349823566292e+03,2.290952270551712999e+01,8.585612827041324927e+05
8.870087777003298868e+01,5.560890222555639184e+01,7.371487071037434362e+03,2.290398635301650998e+01,8.597221871960981516e+05
8.873627103408519190e+01,5.558389597399349924e+01,7.370704160576980939e+03,2.289844375100369689e+01,8.608836477638750803e+05
8.877166805758236023e+01,5.555888972243061374e+01,7.369918609856046714e+03,2.289289487487486241e+01,8.620456588923160452e+05
8.880706885400552153e+01,5.553388347086771404e+01,7.369130410262479018e+03,2.288733969995837469e+01,8.632082150302125374e+05
8.884247343688538479e+01,5.550887721930482854e+01,7.368339553158065428e+03,2.288177820151467756e+01,8.643713105901521631e+05
8.887788181980265279e+01,5.548387096774193594e+01,7.367546029878474656e+03,2.287621035473609865e+01,8.655349399483707966e+05
8.891329401638813579e+01,5.545886471617905045e+01,7.366749831733186511e+03,2.287063613474673573e+01,8.666990974446054315e+05
8.894871004032299311e+01,5.543385846461615785e+01,7.365950950005434606e+03,2.286505551660226132e+01,8.678637773819484282e+05
8.898412990533886102e+01,5.540885221305326525e+01,7.365149375952132687e+03,2.285946847528977344e+01,8.690289740266964072e+05
8.901955362521812276e+01,5.538384596149037975e+01,7.364345100803818241e+03,2.285387498572764287e+01,8.701946816082057776e+05
8.905498121379407905e+01,5.535883970992748715e+01,7.363538115764582471e+03,2.284827502276534972e+01,8.713608943187444238e+05
8.909041268495114707e+01,5.533383345836459455e+01,7.362728412012010267e+03,2.284266856118334843e+01,8.725276063133432763e+05
8.912584805262504517e+01,5.530882720680170195e+01,7.361915980697108353e+03,2.283705557569285816e+01,8.736948117096421774e+05
8.916128733080300606e+01,5.528382095523881645e+01,7.361100812944247991e+03,2.283143604093575618e+01,8.748625045877515804e+05
8.919673053352397574e+01,5.525881470367592385e+01,7.360282899851096772e+03,2.282580993148438608e+01,8.760306789900928270e+05
8.923217767487882668e+01,5.523380845211303125e+01,7.359462232488554946e+03,2.282017722184140851e+01,8.771993289212550735e+05
8.926762876901052834e+01,5.520880220055013865e+01,7.358638801900688122e+03,2.281453788643967329e+01,8.783684483478452312e+05
8.930308383011438877e+01,5.518379594898725315e+01,7.357812599104662695e+03,2.280889189964199559e+01,8.795380311983315041e+05
8.933854287243823933e+01,5.515878969742436055e+01,7.356983615090686726e+03,2.280323923574106004e+01,8.807080713629061356e+05
8.937400591028266206e+01,5.513378344586146795e+01,7.356151840821934456e+03,2.279757986895921817e+01,8.818785626933196327e+05
8.940947295800111760e+01,5.510877719429857535e+01,7.355317267234491737e+03,2.279191377344837122e+01,8.830494990027414169e+05
8.944494403000027205e+01,5.508377094273568986e+01,7.354479885237284179e+03,2.278624092328977468e+01,8.842208740656045265e+05
8.948041914074011061e+01,5.505876469117279015e+01,7.353639685712013488e+03,2.278056129249388917e+01,8.853926816174531123e+05
8.951589830473417919e+01,5.503375843960990466e+01,7.352796659513094710e+03,2.277487485500023823e+01,8.865649153547947062e+05
8.955138153654979760e+01,5.500875218804701916e+01,7.351950797467587108e+03,2.276918158467723430e+01,8.877375689349460881e+05
8.958686885080828688e+01,5.498374593648412656e+01,7.351102090375134139e+03,2.276348145532202594e+01,8.889106359758799663e+05
8.962236026218513985e+01,5.495873968492123396e+01,7.350250529007891600e+03,2.275777444066033794e+01,8.900841100560800405e+05
8.965785578541023426e+01,5.493373343335834136e+01,7.349396104110468514e+03,2.275206051434630439e+01,8.912579847143767402e+05
8.969335543526810284e+01,5.490872718179545586e+01,7.348538806399858004e+03,2.274633964996232649e+01,8.924322534498046152e+05
8.972885922659807534e+01,5.488372093023256326e+01,7.347678626565373634e+03,2.274061182101891276e+01,8.936069097214483190e+05
8.976436717429456280e+01,5.485871467866967066e+01,7.346815555268583012e+03,2.273487700095449426e+01,8.947819469482821878e+05
8.979987929330721386e+01,5.483370842710677806e+01,7.345949583143244126e+03,2.272913516313531090e+01,8.959573585090284469e+05
8.983539559864115631e+01,5.480870217554389257e+01,7.345080700795236226e+03,2.272338628085520895e+01,8.971331377419927157e+05
8.987091610535722452e+01,5.478369592398099996e+01,7.344208898802499789e+03,2.271763032733550602e+01,8.983092779449181398e+05
8.990644082857217256e+01,5.475868967241810736e+01,7.343334167714967407e+03,2.271186727572483832e+01,8.994857723748282297e+05
8.994196978345885896e+01,5.473368342085521476e+01,7.342456498054500116e+03,2.270609709909899010e+01,9.006626142478727270e+05
8.997750298524654511e+01,5.470867716929232927e+01,7.341575880314815549e+03,2.270031977046072669e+01,9.018397967391746351e+05
9.001304044922103742e+01,5.468367091772942956e+01,7.340692304961435184e+03,2.269453526273965949e+01,9.030173129826743389e+05
9.004858219072494308e+01,5.465866466616654407e+01,7.339805762431607945e+03,2.268874354879208255e+01,9.041951560709779151e+05
9.008412822515791163e+01,5.463365841460365147e+01,7.338916243134246542e+03,2.268294460140079494e+01,9.053733190551974112e+05
9.011967856797681975e+01,5.460865216304076597e+01,7.338023737449866530e+03,2.267713839327496927e+01,9.065517949448005529e+05
9.015523323469604122e+01,5.458364591147787337e+01,7.337128235730516280e+03,2.267132489704997411e+01,9.077305767074556788e+05
9.019079224088760327e+01,5.455863965991498077e+01,7.336229728299711496e+03,2.266550408528722826e+01,9.089096572688685264e+05
9.022635560218151340e+01,5.453363340835209527e+01,7.335328205452375187e+03,2.265967593047403739e+01,9.100890295126376441e+05
9.026192333426591574e+01,5.450862715678920267e+01,7.334423657454763088e+03,2.265384040502343055e+01,9.112686862800919916e+05
9.029749545288733259e+01,5.448362090522631007e+01,7.333516074544406365e+03,2.264799748127402523e+01,9.124486203701390186e+05
9.033307197385089182e+01,5.445861465366341747e+01,7.332605446930039761e+03,2.264214713148984615e+01,9.136288245391028468e+05
9.036865291302061109e+01,5.443360840210052487e+01,7.331691764791540663e+03,2.263628932786017600e+01,9.148092915005747927e+05
9.040423828631951153e+01,5.440860215053763937e+01,7.330775018279861797e+03,2.263042404249940631e+01,9.159900139252508525e+05
9.043982810973001563e+01,5.438359589897474677e+01,7.329855197516963926e+03,2.262455124744686685e+01,9.171709844407849014e+05
9.047542239929401831e+01,5.435858964741186128e+01,7.328932292595752187e+03,2.261867091466667645e+01,9.183521956316179130e+05
9.051102117111325640e+01,5.433358339584896868e+01,7.328006293580009697e+03,2.261278301604757601e+01,9.195336400388344191e+05
9.054662444134943655e+01,5.430857714428606897e+01,7.327077190504333885e+03,2.260688752340280416e+01,9.207153101599977817e+05
9.058223222622451942e+01,5.428357089272319058e+01,7.326144973374068286e+03,2.260098440846990187e+01,9.218971984489964088e+05
9.061784454202101813e+01,5.425856464116029088e+01,7.325209632165235234e+03,2.259507364291055964e+01,9.230792973158868263e+05
9.065346140508212613e+01,5.423355838959739827e+01,7.324271156824477657e+03,2.258915519831050034e+01,9.242615991267345380e+05
9.068908283181200147e+01,5.420855213803451278e+01,7.323329537268988133e+03,2.258322904617928373e+01,9.254440962034582626e+05
9.072470883867609359e+01,5.418354588647162018e+01,7.322384763386437953e+03,2.257729515795014663e+01,9.266267808236709097e+05
9.076033944220122862e+01,5.415853963490872758e+01,7.321436825034925278e+03,2.257135350497988924e+01,9.278096452205256792e+05
9.079597465897595043e+01,5.413353338334584208e+01,7.320485712042898740e+03,2.256540405854867259e+01,9.289926815825513331e+05
9.083161450565081907e+01,5.410852713178294948e+01,7.319531414209092873e+03,2.255944678985989782e+01,9.301758820535048144e+05
9.086725899893848180e+01,5.408352088022006399e+01,7.318573921302470808e+03,2.255348167004003201e+01,9.313592387322011637e+05
9.090290815561411364e+01,5.405851462865717139e+01,7.317613223062145153e+03,2.254750867013845195e+01,9.325427436723695137e+05
9.093856199251553107e+01,5.403350837709427168e+01,7.316649309197326147e+03,2.254152776112729484e+01,9.337263888824792812e+05
9.097422052654347624e+01,5.400850212553139329e+01,7.315682169387248905e+03,2.253553891390131980e+01,9.349101663255955791e+05
9.100988377466194379e+01,5.398349587396849358e+01,7.314711793281107020e+03,2.252954209927771245e+01,9.360940679192153038e+05
9.104555175389830879e+01,5.395848962240560098e+01,7.313738170497991632e+03,2.252353728799596766e+01,9.372780855351067148e+05
9.108122448134362514e+01,5.393348337084271549e+01,7.312761290626824120e+03,2.251752445071772257e+01,9.384622109991562320e+05
9.111690197415296666e+01,5.390847711927982289e+01,7.311781143226288805e+03,2.251150355802659675e+01,9.396464360912078992e+05
9.115258424954552652e+01,5.388347086771692318e+01,7.310797717824771098e+03,2.250547458042804649e+01,9.408307525449035456e+05
9.118827132480497255e+01,5.385846461615404479e+01,7.309811003920292023e+03,2.249943748834921564e+01,9.420151520475239959e+05
9.122396321727973145e+01,5.383345836459114508e+01,7.308820990980434544e+03,2.249339225213875437e+01,9.431996262398372637e+05
9.125965994438313089e+01,5.380845211302826669e+01,7.307827668442293543e+03,2.248733884206669842e+01,9.443841667159275385e+05
9.129536152359378320e+01,5.378344586146536699e+01,7.306831025712397604e+03,2.248127722832431630e+01,9.455687650230530417e+05
9.133106797245577013e+01,5.375843960990247439e+01,7.305831052166650807e+03,2.247520738102391746e+01,9.467534126614695415e+05
9.136677930857888441e+01,5.373343335833959600e+01,7.304827737150263602e+03,2.246912927019874573e+01,9.479381010842852993e+05
9.140249554963901346e+01,5.370842710677669629e+01,7.303821069977690968e+03,2.246304286580279097e+01,9.491228216972976224e+05
9.143821671337825308e+01,5.368342085521380369e+01,7.302811039932565109e+03,2.245694813771066833e+01,9.503075658588347724e+05
9.147394281760523427e+01,5.365841460365091820e+01,7.301797636267633607e+03,2.245084505571744771e+01,9.514923248795941472e+05
9.150967388019547855e+01,5.363340835208802559e+01,7.300780848204688482e+03,2.244473358953849385e+01,9.526770900224891957e+05
9.154540991909146896e+01,5.360840210052514010e+01,7.299760664934510714e+03,2.243861370880935269e+01,9.538618525024881819e+05
9.158115095230314751e+01,5.358339584896224750e+01,7.298737075616792936e+03,2.243248538308553108e+01,9.550466034864546964e+05
9.161689699790798613e+01,5.355838959739934779e+01,7.297710069380086679e+03,2.242634858184242574e+01,9.562313340929892147e+05
9.165264807405134206e+01,5.353338334583646940e+01,7.296679635321733258e+03,2.242020327447513139e+01,9.574160353922711220e+05
9.168840419894679883e+01,5.350837709427356970e+01,7.295645762507793734e+03,2.241404943029827024e+01,9.586006984059041133e+05
9.172416539087630838e+01,5.348337084271067710e+01,7.294608439972993438e+03,2.240788701854589959e+01,9.597853141067518154e+05
9.175993166819050373e+01,5.345836459114779160e+01,7.293567656720651030e+03,2.240171600837130583e+01,9.609698734187772498e+05
9.179570304930908264e+01,5.343335833958489900e+01,7.292523401722616654e+03,2.239553636884688004e+01,9.621543672168964986e+05
9.183147955272093554e+01,5.340835208802199929e+01,7.291475663919208273e+03,2.238934806896397944e+01,9.633387863268082729e+05
9.186726119698447235e+01,5.338334583645912090e+01,7.290424432219143455e+03,2.238315107763276046e+01,9.645231215248398948e+05
9.190304800072797775e+01,5.335833958489622120e+01,7.289369695499479349e+03,2.237694536368202591e+01,9.657073635377931641e+05
9.193883998264976753e+01,5.333333333333334281e+01,7.288311442605547199e+03,2.237073089585910424e+01,9.668915030427782331e+05
9.197463716151860069e+01,5.330832708177045021e+01,7.287249662350886865e+03,2.236450764282966475e+01,9.680755306670614518e+05
9.201043955617383574e+01,5.328332083020755050e+01,7.286184343517183152e+03,2.235827557317760039e+01,9.692594369879073929e+05
9.204624718552577178e+01,5.325831457864467211e+01,7.285115474854205786e+03,2.235203465540487855e+01,9.704432125324191293e+05
9.208206006855600378e+01,5.323330832708177240e+01,7.284043045079737567e+03,2.234578485793135982e+01,9.716268477773794439e+05
9.211787822431757888e+01,5.320830207551887980e+01,7.282967042879520704e+03,2.233952614909470569e+01,9.728103331490971614e+05
9.215370167193535167e+01,5.318329582395599431e+01,7.281887456907183150e+03,2.233325849715018308e+01,9.739936590232461458e+05
9.218953043060632524e+01,5.315828957239310171e+01,7.280804275784180390e+03,2.232698187027054360e+01,9.751768157247101190e+05
9.222536451959980752e+01,5.313328332083021621e+01,7.279717488099733600e+03,2.232069623654588497e+01,9.763597935274237534e+05
9.226120395825786602e+01,5.310827706926732361e+01,7.278627082410760522e+03,2.231440156398347696e+01,9.775425826542187715e+05
9.229704876599546992e+01,5.308327081770442391e+01,7.277533047241816348e+03,2.230809782050764412e+01,9.787251732766608475e+05
9.233289896230085958e+01,5.305826456614154552e+01,7.276435371085029146e+03,2.230178497395960946e+01,9.799075555149010615e+05
9.236875456673590179e+01,5.303325831457864581e+01,7.275334042400038015e+03,2.229546299209735949e+01,9.810897194375150139e+05
9.240461559893624610e+01,5.300825206301575321e+01,7.274229049613926691e+03,2.228913184259548430e+01,9.822716550613448489e+05
9.244048207861169431e+01,5.298324581145286771e+01,7.273120381121163518e+03,2.228279149304504614e+01,9.834533523513432592e+05
9.247635402554659834e+01,5.295823955988997511e+01,7.272008025283540519e+03,2.227644191095343729e+01,9.846348012204243569e+05
9.251223145959997396e+01,5.293323330832707541e+01,7.270891970430102447e+03,2.227008306374423441e+01,9.858159915292985970e+05
9.254811440070591289e+01,5.290822705676419702e+01,7.269772204857094948e+03,2.226371491875707065e+01,9.869969130863228347e+05
9.258400286887392383e+01,5.288322080520130442e+01,7.268648716827893622e+03,2.225733744324745089e+01,9.881775556473435136e+05
9.261989688418911726e+01,5.285821455363841892e+01,7.267521494572945812e+03,2.225095060438667005e+01,9.893579089155396214e+05
9.265579646681264592e+01,5.283320830207552632e+01,7.266390526289706941e+03,2.224455436926163188e+01,9.905379625412736787e+05
9.269170163698190379e+01,5.280820205051262661e+01,7.265255800142578664e+03,2.223814870487471751e+01,9.917177061219273601e+05
9.272761241501086715e+01,5.278319579894974822e+01,7.264117304262846119e+03,2.223173357814366113e+01,9.928971292017555097e+05
9.276352882129049249e+01,5.275818954738684852e+01,7.262975026748616983e+03,2.222530895590139011e+01,9.940762212717322400e+05
9.279945087628887279e+01,5.273318329582395592e+01,7.261828955664760542e+03,2.221887480489588995e+01,9.952549717693874845e+05
9.283537860055164970e+01,5.270817704426107042e+01,7.260679079042844023e+03,2.221243109179009778e+01,9.964333700786647387e+05
9.287131201470236874e+01,5.268317079269817782e+01,7.259525384881068021e+03,2.220597778316169624e+01,9.976114055297595914e+05
9.290725113944267832e+01,5.265816454113527811e+01,7.258367861144215567e+03,2.219951484550305310e+01,9.987890673989711795e+05
9.294319599555271338e+01,5.263315828957239972e+01,7.257206495763579369e+03,2.219304224522104718e+01,9.999663449085473549e+05
9.297914660389147912e+01,5.260815203800950002e+01,7.256041276636906332e+03,2.218655994863691205e+01,1.001143227226535091e+06
9.301510298539700727e+01,5.258314578644662163e+01,7.254872191628336623e+03,2.218006792198615074e+01,1.002319703466622625e+06
9.305106516108685355e+01,5.255813953488372192e+01,7.253699228568340004e+03,2.217356613141835453e+01,1.003495762687994051e+06
9.308703315205829654e+01,5.253313328332082932e+01,7.252522375253659447e+03,2.216705454299709999e+01,1.004671393895173096e+06
9.312300697948870720e+01,5.250812703175795093e+01,7.251341619447245648e+03,2.216053312269979614e+01,1.005846586037874222e+06
9.315898666463593258e+01,5.248312078019505122e+01,7.250156948878200637e+03,2.215400183641755660e+01,1.007021328010852798e+06
9.319497222883852316e+01,5.245811452863215862e+01,7.248968351241715027e+03,2.214746064995506458e+01,1.008195608653750620e+06
9.323096369351610235e+01,5.243310827706927313e+01,7.247775814199009801e+03,2.214090952903046272e+01,1.009369416750951088e+06
9.326696108016975018e+01,5.240810202550638053e+01,7.246579325377273562e+03,2.213434843927517903e+01,1.010542741031427286e+06
9.330296441038224486e+01,5.238309577394349503e+01,7.245378872369606142e+03,2.212777734623382386e+01,1.011715570168588078e+06
9.333897370581848918e+01,5.235808952238060243e+01,7.244174442734956756e+03,2.212119621536405845e+01,1.012887892780139344e+06
9.337498898822578042e+01,5.233308327081770273e+01,7.242966023998066703e+03,2.211460501203647411e+01,1.014059697427927866e+06
9.341101027943412305e+01,5.230807701925482434e+01,7.241753603649406614e+03,2.210800370153442529e+01,1.015230972617791500e+06
9.344703760135671189e+01,5.228307076769192463e+01,7.240537169145120970e+03,2.210139224905393718e+01,1.016401706799422158e+06
9.348307097599008841e+01,5.225806451612903203e+01,7.239316707906964439e+03,2.209477061970356715e+01,1.017571888366206549e+06
9.351911042541459551e+01,5.223305826456614653e+01,7.238092207322252762e+03,2.208813877850428042e+01,1.018741505655086017e+06
9.355515597179473275e+01,5.220805201300325393e+01,7.236863654743789994e+03,2.208149669038929730e+01,1.019910546946410323e+06
9.359120763737941218e+01,5.218304576144035423e+01,7.235631037489824848e+03,2.207484432020402210e+01,1.021079000463790610e+06
9.362726544450235622e+01,5.215803950987747584e+01,7.234394342843980667e+03,2.206818163270585131e+01,1.022246854373950744e+06
9.366332941558250980e+01,5.213303325831457613e+01,7.233153558055204485e+03,2.206150859256410612e+01,1.023414096786592272e+06
9.369939957312423928e+01,5.210802700675169774e+01,7.231908670337707917e+03,2.205482516435986540e+01,1.024580715754237841e+06
9.373547593971787251e+01,5.208302075518879803e+01,7.230659666870905312e+03,2.204813131258586978e+01,1.025746699272096506e+06
9.377155853803986929e+01,5.205801450362590543e+01,7.229406534799363726e+03,2.204142700164638669e+01,1.026912035277916701e+06
9.380764739085326198e+01,5.203300825206302704e+01,7.228149261232741992e+03,2.203471219585710372e+01,1.028076711651845369e+06
9.384374252100809599e+01,5.200800200050012734e+01,7.226887833245729780e+03,2.202798685944497237e+01,1.029240716216283035e+06
9.387984395144161454e+01,5.198299574893723474e+01,7.225622237877997577e+03,2.202125095654812270e+01,1.030404036735745030e+06
9.391595170517871338e+01,5.195798949737434924e+01,7.224352462134137568e+03,2.201450445121573551e+01,1.031566660916718072e+06
9.395206580533235297e+01,5.193298324581145664e+01,7.223078492983605429e+03,2.200774730740790730e+01,1.032728576407525106e+06
9.398818627510379997e+01,5.190797699424857115e+01,7.221800317360666668e+03,2.200097948899554368e+01,1.033889770798176527e+06
9.402431313778311051e+01,5.188297074268567854e+01,7.220517922164337506e+03,2.199420095976024569e+01,1.035050231620239909e+06
9.406044641674941431e+01,5.185796449112277884e+01,7.219231294258336675e+03,2.198741168339419261e+01,1.036209946346695884e+06
9.409658613547128425e+01,5.183295823955990045e+01,7.217940420471020843e+03,2.198061162350000686e+01,1.037368902391801239e+06
9.413273231750720527e+01,5.180795198799700074e+01,7.216645287595333684e+03,2.197380074359065816e+01,1.038527087110954453e+06
9.416888498650580175e+01,5.178294573643410814e+01,7.215345882388752216e+03,2.196697900708935336e+01,1.039684487800556002e+06
9.420504416620630650e+01,5.175793948487122265e+01,7.214042191573230411e+03,2.196014637732940500e+01,1.040841091697870288e+06
9.424120988043895863e+01,5.173293323330833005e+01,7.212734201835143722e+03,2.195330281755412472e+01,1.041996885980899911e+06
9.427738215312527359e+01,5.170792698174543034e+01,7.211421899825236324e+03,2.194644829091671312e+01,1.043151857768236543e+06
9.431356100827849787e+01,5.168292073018255195e+01,7.210105272158569278e+03,2.193958276048016032e+01,1.044305994118940318e+06
9.434974647000402115e+01,5.165791447861965224e+01,7.208784305414460505e+03,2.193270618921710380e+01,1.045459282032401301e+06
9.438593856249964631e+01,5.163290822705677385e+01,7.207458986136438398e+03,2.192581854000975028e+01,1.046611708448200952e+06
9.442213731005611521e+01,5.160790197549388125e+01,7.206129300832181798e+03,2.191891977564974781e+01,1.047763260245994315e+06
9.445834273705735029e+01,5.158289572393098155e+01,7.204795235973475428e+03,2.191200985883810048e+01,1.048913924245367758e+06
9.449455486798092352e+01,5.155788947236810316e+01,7.203456777996150777e+03,2.190508875218504059e+01,1.050063687205709750e+06
9.453077372739848272e+01,5.153288322080520345e+01,7.202113913300032436e+03,2.189815641820990777e+01,1.051212535826087231e+06
9.456699933997605001e+01,5.150787696924231085e+01,7.200766628248892630e+03,2.189121281934109220e+01,1.052360456745113479e+06
9.460323173047444811e+01,5.148287071767942535e+01,7.199414909170394822e+03,2.188425791791588537e+01,1.053507436540817609e+06
9.463947092374978354e+01,5.145786446611653275e+01,7.198058742356041876e+03,2.187729167618039483e+01,1.054653461730523501e+06
9.467571694475368815e+01,5.143285821455363305e+01,7.196698114061128763e+03,2.187031405628945535e+01,1.055798518770719646e+06
9.471196981853378816e+01,5.140785196299075466e+01,7.195333010504686172e+03,2.186332502030649749e+01,1.056942594056933420e+06
9.474822957023420145e+01,5.138284571142785495e+01,7.193963417869432305e+03,2.185632453020346944e+01,1.058085673923612572e+06
9.478449622509576500e+01,5.135783945986497656e+01,7.192589322301725588e+03,2.184931254786073040e+01,1.059227744643989718e+06
9.482076980845658909e+01,5.133283320830207686e+01,7.191210709911508275e+03,2.184228903506694408e+01,1.060368792429974768e+06
9.485705034575236994e+01,5.130782695673918425e+01,7.189827566772260980e+03,2.183525395351899334e+01,1.061508803432018496e+06
9.489333786251680181e+01,5.128282070517629876e+01,7.188439878920956289e+03,2.182820726482189855e+01,1.062647763739006361e+06
9.492963238438207441e+01,5.125781445361340616e+01,7.187047632357998737e+03,2.182114893048866477e+01,1.063785659378123237e+06
9.496593393707918551e+01,5.123280820205050645e+01,7.185650813047188421e+03,2.181407891194025694e+01,1.064922476314748405e+06
9.500224254643839572e+01,5.120780195048762806e+01,7.184249406915666441e+03,2.180699717050547193e+01,1.066058200452326564e+06
9.503855823838968320e+01,5.118279569892473546e+01,7.182843399853862138e+03,2.179990366742082841e+01,1.067192817632258637e+06
9.507488103896304210e+01,5.115778944736184997e+01,7.181432777715457632e+03,2.179279836383052071e+01,1.068326313633781858e+06
9.511121097428907945e+01,5.113278319579895737e+01,7.180017526317326883e+03,2.178568122078628377e+01,1.069458674173854990e+06
9.514754807059928510e+01,5.110777694423605766e+01,7.178597631439496581e+03,2.177855219924732921e+01,1.070589884907045169e+06
9.518389235422648653e+01,5.108277069267317927e+01,7.177173078825101584e+03,2.177141126008027427e+01,1.071719931425414979e+06
9.522024385160537463e+01,5.105776444111027956e+01,7.175743854180327617e+03,2.176425836405898906e+01,1.072848799258409766e+06
9.525660258927278790e+01,5.103275818954738696e+01,7.174309943174374894e+03,2.175709347186458942e+01,1.073976473872748669e+06
9.529296859386822405e+01,5.100775193798450147e+01,7.172871331439409914e+03,2.174991654408531261e+01,1.075102940672311466e+06
9.532934189213430898e+01,5.098274568642160887e+01,7.171428004570516350e+03,2.174466803535417014e+01,1.076225899448117008e+06
9.536572251091712360e+01,5.095773943485870916e+01,7.169979948125656847e+03,2.174027734682325885e+01,1.077346640867463080e+06
9.540211047716670123e+01,5.093273318329583077e+01,7.168527147625620273e+03,2.173587227372279074e+01,1.078466148394059157e+06
9.543850581793752497e+01,5.090772693173293106e+01,7.167069588553985341e+03,2.173145277203715153e+01,1.079584382777814055e+06
9.547490856038881191e+01,5.088272068017005267e+01,7.165607256357071492e+03,2.172701879763776844e+01,1.080701328243779717e+06
9.551131873178513843e+01,5.085771442860715297e+01,7.164140136443891606e+03,2.172257030628293251e+01,1.081816969323923811e+06
9.554773635949673860e+01,5.083270817704426037e+01,7.162668214186121986e+03,2.171810725361773819e+01,1.082931290618806845e+06
9.558416147100000160e+01,5.080770192548138198e+01,7.161191474918047788e+03,2.171362959517389868e+01,1.084044276754112681e+06
9.562059409387798325e+01,5.078269567391848227e+01,7.159709903936521187e+03,2.170913728636963214e+01,1.085155912353358464e+06
9.565703425582076136e+01,5.075768942235558967e+01,7.158223486500928630e+03,2.170463028250954451e+01,1.086266182019902626e+06
9.569348198462590460e+01,5.073268317079270417e+01,7.156732207833139000e+03,2.170010853878449808e+01,1.087375070324838394e+06
9.572993730819902680e+01,5.070767691922981157e+01,7.155236053117465417e+03,2.169557201027147286e+01,1.088482561798676848e+06
9.576640025455408534e+01,5.068267066766692608e+01,7.153735007500628853e+03,2.169102065193346363e+01,1.089588640925489133e+06
9.580287085181400641e+01,5.065766441610403348e+01,7.152229056091711755e+03,2.168645441861934486e+01,1.090693292138722027e+06
9.583934912821099772e+01,5.063265816454113377e+01,7.150718183962120747e+03,2.168187326506375001e+01,1.091796499818120617e+06
9.587583511208710263e+01,5.060765191297825538e+01,7.149202376145551170e+03,2.167727714588697197e+01,1.092898248287446098e+06
9.591232883189468339e+01,5.058264566141535568e+01,7.147681617637938871e+03,2.167266601559480321e+01,1.093998521812726511e+06
9.594883031619680480e+01,5.055763940985246307e+01,7.146155893397427462e+03,2.166803982857845767e+01,1.095097304600913543e+06
9.598533959366773161e+01,5.053263315828957758e+01,7.144625188344332855e+03,2.166339853911443925e+01,1.096194580798815936e+06
9.602185669309351113e+01,5.050762690672668498e+01,7.143089487361097781e+03,2.165874210136442102e+01,1.097290334492262220e+06
9.605838164337228591e+01,5.048262065516378527e+01,7.141548775292259961e+03,2.165407046937514579e+01,1.098384549705398036e+06
9.609491447351484794e+01,5.045761440360090688e+01,7.140003036944413907e+03,2.164938359707830173e+01,1.099477210400128737e+06
9.613145521264517868e+01,5.043260815203800718e+01,7.138452257086174541e+03,2.164468143829042290e+01,1.100568300475643016e+06
9.616800389000077587e+01,5.040760190047512879e+01,7.136896420448143544e+03,2.163996394671277912e+01,1.101657803768010810e+06
9.620456053493333570e+01,5.038259564891223619e+01,7.135335511722863885e+03,2.163523107593124806e+01,1.102745704049844760e+06
9.624112517690905122e+01,5.035758939734933648e+01,7.133769515564801623e+03,2.163048277941624420e+01,1.103831985030003591e+06
9.627769784550919496e+01,5.033258314578645809e+01,7.132198416590298621e+03,2.162571901052259093e+01,1.104916630353329470e+06
9.631427857043067320e+01,5.030757689422355838e+01,7.130622199377537981e+03,2.162093972248940688e+01,1.105999623600429855e+06
9.635086738148639540e+01,5.028257064266066578e+01,7.129040848466521311e+03,2.161614486844003835e+01,1.107080948287465842e+06
9.638746430860580006e+01,5.025756439109778029e+01,7.127454348359025971e+03,2.161133440138193507e+01,1.108160587865974056e+06
9.642406938183545151e+01,5.023255813953488769e+01,7.125862683518575068e+03,2.160650827420655418e+01,1.109238525722707855e+06
9.646068263133940945e+01,5.020755188797200219e+01,7.124265838370405618e+03,2.160166643968926081e+01,1.110314745179477381e+06
9.649730408739984000e+01,5.018254563640910959e+01,7.122663797301438535e+03,2.159680885048924637e+01,1.111389229493028019e+06
9.653393378041744199e+01,5.015753938484620988e+01,7.121056544660245891e+03,2.159193545914941481e+01,1.112461961854902562e+06
9.657057174091197282e+01,5.013253313328333149e+01,7.119444064757020897e+03,2.158704621809631519e+01,1.113532925391331548e+06
9.660721799952284528e+01,5.010752688172043179e+01,7.117826341863548805e+03,2.158214107964002437e+01,1.114602103163129650e+06
9.664387258700951122e+01,5.008252063015753919e+01,7.116203360213174165e+03,2.157721999597406892e+01,1.115669478165586945e+06
9.668053553425203006e+01,5.005751437859465369e+01,7.114575104000777173e+03,2.157228291917534335e+01,1.116735033328386489e+06
9.671720687225167978e+01,5.003250812703176109e+01,7.112941557382740939e+03,2.156732980120402488e+01,1.117798751515515847e+06
9.675388663213132645e+01,5.000750187546886139e+01,7.111302704476925101e+03,2.156236059390346682e+01,1.118860615525175119e+06
9.679057484513600684e+01,4.998249562390598300e+01,7.109658529362641275e+03,2.155737524900014890e+01,1.119920608089714078e+06
9.682727154263353953e+01,4.995748937234309039e+01,7.108009016080619404e+03,2.155237371810356706e+01,1.120978711875557899e+06
9.686397675611488012e+01,4.993248312078020490e+01,7.106354148632990473e+03,2.154735595270617665e+01,1.122034909483131720e+06
9.690069051719487447e+01,4.990747686921731230e+01,7.104693910983251953e+03,2.154232190418329651e+01,1.123089183446806855e+06
9.693741285761258553e+01,4.988247061765441259e+01,7.103028287056251429e+03,2.153727152379304499e+01,1.124141516234837705e+06
9.697414380923191857e+01,4.985746436609153420e+01,7.101357260738159312e+03,2.153220476267627959e+01,1.125191890249304473e+06
9.701088340404221810e+01,4.983245811452863450e+01,7.099680815876437009e+03,2.152712157185647257e+01,1.126240287826062413e+06
9.704763167415870839e+01,4.980745186296574190e+01,7.097998936279827831e+03,2.152202190223971101e+01,1.127286691234694095e+06
9.708438865182307609e+01,4.978244561140285640e+01,7.096311605718323335e+03,2.151690570461457597e+01,1.128331082678458653e+06
9.712115436940409552e+01,4.975743935983996380e+01,7.094618807923146051e+03,2.151177292965209276e+01,1.129373444294254063e+06
9.715792885939802659e+01,4.973243310827706409e+01,7.092920526586726737e+03,2.150662352790567056e+01,1.130413758152573369e+06
9.719471215442926848e+01,4.970742685671418570e+01,7.091216745362686197e+03,2.150145744981103846e+01,1.131452006257468136e+06
9.723150428725095651e+01,4.968242060515128600e+01,7.089507447865808899e+03,2.149627464568617441e+01,1.132488170546517475e+06
9.726830529074537424e+01,4.965741435358840761e+01,7.087792617672032975e+03,2.149107506573126258e+01,1.133522232890790794e+06
9.730511519792469244e+01,4.963240810202550790e+01,7.086072238318419295e+03,2.148585866002860811e+01,1.134554175094822655e+06
9.734193404193138122e+01,4.960740185046261530e+01,7.084346293303144193e+03,2.148062537854261933e+01,1.135583978896586923e+06
9.737876185603883528e+01,4.958239559889972980e+01,7.082614766085479459e+03,2.147537517111972960e+01,1.136611625967470929e+06
9.741559867365201342e+01,4.955738934733683720e+01,7.080877640085767780e+03,2.147010798748834759e+01,1.137637097912256140e+06
9.745244452830790749e+01,4.953238309577393750e+01,7.079134898685415465e+03,2.146482377725881463e+01,1.138660376269098371e+06
9.748929945367612504e+01,4.950737684421105911e+01,7.077386525226873346e+03,2.145952248992334788e+01,1.139681442509514047e+06
9.752616348355958564e+01,4.948237059264816651e+01,7.075632503013620408e+03,2.145420407485601189e+01,1.140700278038367629e+06
9.756303665189491880e+01,4.945736434108528101e+01,7.073872815310153783e+03,2.144886848131266532e+01,1.141716864193857647e+06
9.759991899275324556e+01,4.943235808952238841e+01,7.072107445341969651e+03,2.144351565843090768e+01,1.142731182247511577e+06
9.763681054034060480e+01,4.940735183795948871e+01,7.070336376295553237e+03,2.143814555523005438e+01,1.143743213404181413e+06
9.767371132899859276e+01,4.938234558639661032e+01,7.068559591318369712e+03,2.143275812061111552e+01,1.144752938802036922e+06
9.771062139320504514e+01,4.935733933483371061e+01,7.066777073518846009e+03,2.142735330335672117e+01,1.145760339512570994e+06
9.774754076757450605e+01,4.933233308327081801e+01,7.064988805966364453e+03,2.142193105213111792e+01,1.146765396540596150e+06
9.778446948685885332e+01,4.930732683170793251e+01,7.063194771691255482e+03,2.141649131548014040e+01,1.147768090824253624e+06
9.782140758594800900e+01,4.928232058014503991e+01,7.061394953684777647e+03,2.141103404183116155e+01,1.148768403235026635e+06
9.785835509987039416e+01,4.925731432858214021e+01,7.059589334899121241e+03,2.140555917949307840e+01,1.149766314577733167e+06
9.789531206379361095e+01,4.923230807701926182e+01,7.057777898247395569e+03,2.140006667665629791e+01,1.150761805590556702e+06
9.793227851302511056e+01,4.920730182545636211e+01,7.055960626603617129e+03,2.139455648139270139e+01,1.151754856945055770e+06
9.796925448301264794e+01,4.918229557389348372e+01,7.054137502802712334e+03,2.138902854165562673e+01,1.152745449246180942e+06
9.800624000934510605e+01,4.915728932233058401e+01,7.052308509640502962e+03,2.138348280527985423e+01,1.153733563032297418e+06
9.804323512775293636e+01,4.913228307076769141e+01,7.050473629873708887e+03,2.137791921998159950e+01,1.154719178775205975e+06
9.808023987410885525e+01,4.910727681920481302e+01,7.048632846219941712e+03,2.137233773335849563e+01,1.155702276880174177e+06
9.811725428442852603e+01,4.908227056764191332e+01,7.046786141357694760e+03,2.136673829288956128e+01,1.156682837685963139e+06
9.815427839487108486e+01,4.905726431607902072e+01,7.044933497926351265e+03,2.136112084593523619e+01,1.157660841464858036e+06
9.819131224173980854e+01,4.903225806451613522e+01,7.043074898526176185e+03,2.135548533973733853e+01,1.158636268422704423e+06
9.822835586148283937e+01,4.900725181295324262e+01,7.041210325718316199e+03,2.134983172141908980e+01,1.159609098698950838e+06
9.826540929069366825e+01,4.898224556139035712e+01,7.039339762024803349e+03,2.134415993798508993e+01,1.160579312366675818e+06
9.830247256611194473e+01,4.895723930982746452e+01,7.037463189928545944e+03,2.133846993632133504e+01,1.161546889432647498e+06
9.833954572462396015e+01,4.893223305826456482e+01,7.035580591873342200e+03,2.133276166319521039e+01,1.162511809837356210e+06
9.837662880326340087e+01,4.890722680670168643e+01,7.033691950263876606e+03,2.132703506525552584e+01,1.163474053455072688e+06
9.841372183921203032e+01,4.888222055513878672e+01,7.031797247465722648e+03,2.132129008903248391e+01,1.164433600093895802e+06
9.845082486980022907e+01,4.885721430357589412e+01,7.029896465805347361e+03,2.131552668093771885e+01,1.165390429495808668e+06
9.848793793250771955e+01,4.883220805201300863e+01,7.027989587570118601e+03,2.130974478726431798e+01,1.166344521336734993e+06
9.852506106496429084e+01,4.880720180045011602e+01,7.026076595008305048e+03,2.130394435418680033e+01,1.167295855226600077e+06
9.856219430495032441e+01,4.878219554888721632e+01,7.024157470329091666e+03,2.129812532776119127e+01,1.168244410709399963e+06
9.859933769039757578e+01,4.875718929732433793e+01,7.022232195702580611e+03,2.129228765392500478e+01,1.169190167263259180e+06
9.863649125938984241e+01,4.873218304576143822e+01,7.020300753259798512e+03,2.128643127849727534e+01,1.170133104300509207e+06
9.867365505016354632e+01,4.870717679419855983e+01,7.018363125092711925e+03,2.128055614717860422e+01,1.171073201167755062e+06
9.871082910110854414e+01,4.868217054263566723e+01,7.016419293254232798e+03,2.127466220555117360e+01,1.172010437145958655e+06
9.874801345076870973e+01,4.865716429107276753e+01,7.014469239758228468e+03,2.126874939907876794e+01,1.172944791450507240e+06
9.878520813784264476e+01,4.863215803950988914e+01,7.012512946579544405e+03,2.126281767310686988e+01,1.173876243231309345e+06
9.882241320118444605e+01,4.860715178794698943e+01,7.010550395653996020e+03,2.125686697286260696e+01,1.174804771572870435e+06
9.885962867980427404e+01,4.858214553638409683e+01,7.008581568878404141e+03,2.125089724345486530e+01,1.175730355494384887e+06
9.889685461286912016e+01,4.855713928482121133e+01,7.006606448110600468e+03,2.124490842987432870e+01,1.176652973949827487e+06
9.893409103970354579e+01,4.853213303325831873e+01,7.004625015169439394e+03,2.123890047699347861e+01,1.177572605828052852e+06
9.897133799979030755e+01,4.850712678169541903e+01,7.002637251834819835e+03,2.123287332956669005e+01,1.178489229952889029e+06
9.900859553277106784e+01,4.848212053013254064e+01,7.000643139847706152e+03,2.122682693223027783e+01,1.179402825083239935e+06
9.904586367844723327e+01,4.845711427856964093e+01,6.998642660910136328e+03,2.122076122950252852e+01,1.180313369913194561e+06
9.908314247678048048e+01,4.843210802700676254e+01,6.996635796685254718e+03,2.121467616578380344e+01,1.181220843072133372e+06
9.912043196789366561e+01,4.840710177544386283e+01,6.994622528797316590e+03,2.120857168535653514e+01,1.182125223124838900e+06
9.915773219207139277e+01,4.838209552388097023e+01,6.992602838831727240e+03,2.120244773238537306e+01,1.183026488571617985e+06
9.919504318976079560e+01,4.835708927231808474e+01,6.990576708335051080e+03,2.119630425091718351e+01,1.183924617848407244e+06
9.923236500157234730e+01,4.833208302075519214e+01,6.988544118815040747e+03,2.119014118488115628e+01,1.184819589326914400e+06
9.926969766828047170e+01,4.830707676919229243e+01,6.986505051740663475e+03,2.118395847808888632e+01,1.185711381314730505e+06
9.930704123082432488e+01,4.828207051762941404e+01,6.984459488542119288e+03,2.117775607423440576e+01,1.186599972055460094e+06
9.934439573030860515e+01,4.825706426606652144e+01,6.982407410610876468e+03,2.117153391689431530e+01,1.187485339728863444e+06
9.938176120800417834e+01,4.823205801450363595e+01,6.980348799299695202e+03,2.116529194952785531e+01,1.188367462450985564e+06
9.941913770534897310e+01,4.820705176294074334e+01,6.978283635922651229e+03,2.115903011547695556e+01,1.189246318274301011e+06
9.945652526394857773e+01,4.818204551137784364e+01,6.976211901755177678e+03,2.115274835796638442e+01,1.190121885187854059e+06
9.949392392557709286e+01,4.815703925981496525e+01,6.974133578034086895e+03,2.114644662010381282e+01,1.190994141117411433e+06
9.953133373217794144e+01,4.813203300825206554e+01,6.972048645957599547e+03,2.114012484487988530e+01,1.191863063925609458e+06
9.956875472586449405e+01,4.810702675668917294e+01,6.969957086685388276e+03,2.113378297516836923e+01,1.192728631412113551e+06
9.960618694892092151e+01,4.808202050512628745e+01,6.967858881338604988e+03,2.112742095372623297e+01,1.193590821313772583e+06
9.964363044380304757e+01,4.805701425356339485e+01,6.965754010999912680e+03,2.112103872319374176e+01,1.194449611304787919e+06
9.968108525313894575e+01,4.803200800200049514e+01,6.963642456713531828e+03,2.111463622609459989e+01,1.195304978996876860e+06
9.971855141972983461e+01,4.800700175043761675e+01,6.961524199485268582e+03,2.110821340483602881e+01,1.196156901939439587e+06
9.975602898655090200e+01,4.798199549887471704e+01,6.959399220282559327e+03,2.110177020170890927e+01,1.197005357619744260e+06
9.979351799675198720e+01,4.795698924731183865e+01,6.957267500034503428e+03,2.109530655888788786e+01,1.197850323463093024e+06
9.983101849365849034e+01,4.793198299574893895e+01,6.955129019631913252e+03,2.108882241843151206e+01,1.198691776833016425e+06
9.986853052077205462e+01,4.790697674418604635e+01,6.952983759927348729e+03,2.108231772228234036e+01,1.199529695031449897e+06
9.990605412177141886e+01,4.788197049262316085e+01,6.950831701735166462e+03,2.107579241226710565e+01,1.200364055298933294e+06
9.994358934051331289e+01,4.785696424106026825e+01,6.948672825831556111e+03,2.106924643009680054e+01,1.201194834814798087e+06
9.998113622103312537e+01,4.783195798949737565e+01,6.946507112954593140e+03,2.106267971736686206e+01,1.202022010697371326e+06
1.000186948075457707e+02,4.780695173793449015e+01,6.944334543804285204e+03,2.105609221555729604e+01,1.202845560004176339e+06
1.000562651444465843e+02,4.778194548637159755e+01,6.942155099042613983e+03,2.104948386603280142e+01,1.203665459732139949e+06
1.000938472763120330e+02,4.775693923480871206e+01,6.939968759293589756e+03,2.104285461004295854e+01,1.204481686817802256e+06
1.001314412479006393e+02,4.773193298324581946e+01,6.937775505143301416e+03,2.103620438872235354e+01,1.205294218137540156e+06
1.001690471041537478e+02,4.770692673168291975e+01,6.935575317139963772e+03,2.102953314309073818e+01,1.206103030507773394e+06
1.002066648901963646e+02,4.768192048012004136e+01,6.933368175793979390e+03,2.102284081405320748e+01,1.206908100685200421e+06
1.002442946513380804e+02,4.765691422855714166e+01,6.931154061577979519e+03,2.101612734240033831e+01,1.207709405367022846e+06
1.002819364330738239e+02,4.763190797699424905e+01,6.928932954926892307e+03,2.100939266880838119e+01,1.208506921191178262e+06
1.003195902810847286e+02,4.760690172543136356e+01,6.926704836237991003e+03,2.100263673383940954e+01,1.209300624736572616e+06
1.003572562412390852e+02,4.758189547386847096e+01,6.924469685870953981e+03,2.099585947794151508e+01,1.210090492523334222e+06
1.003949343595930515e+02,4.755688922230557125e+01,6.922227484147927498e+03,2.098906084144897122e+01,1.210876501013044966e+06
1.004326246823916051e+02,4.753188297074269286e+01,6.919978211353583902e+03,2.098224076458244269e+01,1.211658626609002473e+06
1.004703272560694671e+02,4.750687671917979316e+01,6.917721847735175288e+03,2.097539918744911702e+01,1.212436845656467136e+06
1.005080421272518123e+02,4.748187046761691477e+01,6.915458373502612631e+03,2.096853605004297094e+01,1.213211134442926617e+06
1.005457693427553352e+02,4.745686421605401506e+01,6.913187768828516710e+03,2.096165129224490542e+01,1.213981469198360806e+06
1.005835089495889747e+02,4.743185796449112246e+01,6.910910013848291783e+03,2.095474485382297658e+01,1.214747826095503289e+06
1.006212609949548948e+02,4.740685171292824407e+01,6.908625088660189249e+03,2.094781667443259110e+01,1.215510181250125635e+06
1.006590255262494082e+02,4.738184546136534436e+01,6.906332973325373132e+03,2.094086669361669806e+01,1.216268510721304687e+06
1.006968025910637436e+02,4.735683920980245176e+01,6.904033647867996478e+03,2.093389485080602697e+01,1.217022790511714062e+06
1.007345922371850548e+02,4.733183295823956627e+01,6.901727092275271389e+03,2.092690108531930449e+01,1.217772996567905182e+06
1.007723945125973586e+02,4.730682670667667367e+01,6.899413286497535410e+03,2.091988533636343561e+01,1.218519104780605994e+06
1.008102094654823162e+02,4.728182045511377396e+01,6.897092210448331571e+03,2.091284754303376658e+01,1.219261090985012474e+06
1.008480371442202284e+02,4.725681420355089557e+01,6.894763844004484781e+03,2.090578764431431580e+01,1.219998930961092701e+06
1.008858775973910156e+02,4.723180795198799586e+01,6.892428167006172771e+03,2.089870557907797277e+01,1.220732600433898857e+06
1.009237308737750141e+02,4.720680170042511747e+01,6.890085159257010673e+03,2.089160128608676814e+01,1.221462075073867571e+06
1.009615970223540700e+02,4.718179544886221777e+01,6.887734800524121965e+03,2.088447470399209038e+01,1.222187330497150077e+06
1.009994760923122925e+02,4.715678919729932517e+01,6.885377070538232147e+03,2.087732577133495226e+01,1.222908342265921179e+06
1.010373681330371198e+02,4.713178294573643967e+01,6.883011948993743317e+03,2.087015442654624664e+01,1.223625085888719652e+06
1.010752731941202853e+02,4.710677669417354707e+01,6.880639415548816032e+03,2.086296060794695961e+01,1.224337536820766749e+06
1.011131913253586561e+02,4.708177044261064736e+01,6.878259449825461161e+03,2.085574425374847962e+01,1.225045670464312192e+06
1.011511225767552844e+02,4.705676419104776897e+01,6.875872031409624469e+03,2.084850530205283903e+01,1.225749462168973638e+06
1.011890669985203886e+02,4.703175793948486927e+01,6.873477139851274842e+03,2.084124369085297701e+01,1.226448887232083594e+06
1.012270246410722052e+02,4.700675168792199088e+01,6.871074754664496140e+03,2.083395935803303445e+01,1.227143920899040997e+06
1.012649955550381264e+02,4.698174543635909828e+01,6.868664855327572695e+03,2.082861909682045010e+01,1.227831500232718419e+06
1.013029797912554955e+02,4.695673918479619857e+01,6.866247421283091171e+03,2.082398272043183240e+01,1.228513596268520691e+06
1.013409774007727151e+02,4.693173293323332018e+01,6.863822431938033333e+03,2.081932257597813063e+01,1.229191243980747415e+06
1.013789884348502710e+02,4.690672668167042048e+01,6.861389866663865178e+03,2.081463859155170582e+01,1.229864391526075779e+06
1.014170129449615985e+02,4.688172043010752787e+01,6.858949704796641527e+03,2.080993069509781179e+01,1.230533015659759752e+06
1.014550509827941482e+02,4.685671417854464238e+01,6.856501925637109707e+03,2.080519881441478702e+01,1.231197090468632057e+06
1.014931026002504524e+02,4.683170792698174978e+01,6.854046508450795045e+03,2.080044287715423579e+01,1.231856590445155744e+06
1.015311678494490195e+02,4.680670167541885007e+01,6.851583432468120009e+03,2.079566281082124846e+01,1.232511490112338215e+06
1.015692467827254148e+02,4.678169542385597168e+01,6.849112676884503344e+03,2.079085854277461110e+01,1.233161764023365453e+06
1.016073394526333402e+02,4.675668917229307198e+01,6.846634220860456480e+03,2.078603000022699021e+01,1.233807386736440472e+06
1.016454459119455151e+02,4.673168292073019359e+01,6.844148043521709042e+03,2.078117711024518854e+01,1.234448332800759468e+06
1.016835662136548990e+02,4.670667666916729388e+01,6.841654123959299795e+03,2.077629979975034402e+01,1.235084576746812556e+06
1.017217004109755578e+02,4.668167041760440128e+01,6.839152441229701253e+03,2.077139799551816424e+01,1.235716093079786515e+06
1.017598485573437728e+02,4.665666416604151578e+01,6.836642974354926992e+03,2.076647162417917158e+01,1.236342856274996651e+06
1.017980107064191913e+02,4.663165791447862318e+01,6.834125702322639881e+03,2.076152061221890932e+01,1.236964840774707496e+06
1.018361869120857079e+02,4.660665166291572348e+01,6.831600604086280327e+03,2.075654488597821867e+01,1.237582020985902287e+06
1.018743772284526443e+02,4.658164541135284509e+01,6.829067658565175407e+03,2.075154437165348753e+01,1.238194371278729290e+06
1.019125817098558286e+02,4.655663915978995249e+01,6.826526844644660741e+03,2.074651899529688848e+01,1.238801865985430079e+06
1.019508004108585624e+02,4.653163290822706699e+01,6.823978141176200552e+03,2.074146868281663458e+01,1.239404479399613105e+06
1.019890333862528422e+02,4.650662665666417439e+01,6.821421526977509529e+03,2.073639335997726008e+01,1.240002185775802471e+06
1.020272806910603407e+02,4.648162040510127468e+01,6.818856980832682893e+03,2.073129295239990455e+01,1.240594959329175064e+06
1.020655423805335147e+02,4.645661415353839629e+01,6.816284481492319173e+03,2.072616738556256166e+01,1.241182774235444842e+06
1.021038185101567848e+02,4.643160790197549659e+01,6.813704007673642081e+03,2.072101658480035269e+01,1.241765604630878894e+06
1.021421091356475443e+02,4.640660165041260399e+01,6.811115538060644212e+03,2.071584047530587114e+01,1.242343424612394068e+06
1.021804143129572964e+02,4.638159539884971849e+01,6.808519051304208006e+03,2.071063898212942433e+01,1.242916208237731364e+06
1.022187340982728330e+02,4.635658914728682589e+01,6.805914526022243081e+03,2.070541203017933896e+01,1.243483929525693180e+06
1.022570685480172727e+02,4.633158289572392619e+01,6.803301940799819931e+03,2.070015954422229143e+01,1.244046562456426211e+06
1.022954177188512119e+02,4.630657664416104780e+01,6.800681274189313626e+03,2.069488144888359571e+01,1.244604080971748102e+06
1.023337816676739465e+02,4.628157039259814809e+01,6.798052504710528410e+03,2.068957766864752656e+01,1.245156458975509973e+06
1.023721604516244668e+02,4.625656414103526970e+01,6.795415610850860503e+03,2.068424812785766065e+01,1.245703670333984774e+06
1.024105541280827794e+02,4.623155788947236999e+01,6.792770571065415425e+03,2.067889275071715360e+01,1.246245688876279863e+06
1.024489627546708874e+02,4.620655163790947739e+01,6.790117363777178980e+03,2.067351146128914863e+01,1.246782488394784043e+06
1.024873863892540555e+02,4.618154538634659900e+01,6.787455967377143679e+03,2.066810418349706069e+01,1.247314042645613430e+06
1.025258250899420176e+02,4.615653913478369930e+01,6.784786360224464261e+03,2.066267084112493180e+01,1.247840325349101331e+06
1.025642789150900427e+02,4.613153288322080670e+01,6.782108520646612305e+03,2.065721135781781115e+01,1.248361310190275544e+06
1.026027479233001429e+02,4.610652663165792120e+01,6.779422426939526304e+03,2.065172565708209618e+01,1.248876970819372218e+06
1.026412321734223951e+02,4.608152038009502860e+01,6.776728057367758083e+03,2.064621366228587007e+01,1.249387280852355761e+06
1.026797317245559356e+02,4.605651412853212889e+01,6.774025390164642886e+03,2.064067529665933876e+01,1.249892213871446904e+06
1.027182466360502673e+02,4.603150787696925050e+01,6.771314403532453071e+03,2.063511048329515774e+01,1.250391743425669381e+06
1.027567769675065392e+02,4.600650162540635080e+01,6.768595075642546362e+03,2.062951914514880869e+01,1.250885843031400582e+06
1.027953227787785835e+02,4.598149537384347241e+01,6.765867384635551389e+03,2.062390120503905067e+01,1.251374486172940116e+06
1.028338841299743223e+02,4.595648912228057270e+01,6.763131308621507742e+03,2.061825658564823982e+01,1.251857646303083049e+06
1.028724610814568621e+02,4.593148287071768010e+01,6.760386825680052425e+03,2.061258520952279127e+01,1.252335296843705932e+06
1.029110536938457727e+02,4.590647661915479461e+01,6.757633913860579014e+03,2.060688699907357702e+01,1.252807411186357494e+06
1.029496620280184231e+02,4.588147036759190200e+01,6.754872551182405005e+03,2.060116187657631315e+01,1.253273962692863308e+06
1.029882861451110614e+02,4.585646411602900230e+01,6.752102715634952801e+03,2.059540976417201463e+01,1.253734924695938127e+06
1.030269261065201789e+02,4.583145786446612391e+01,6.749324385177920703e+03,2.058963058386741807e+01,1.254190270499802195e+06
1.030655819739038321e+02,4.580645161290322420e+01,6.746537537741456617e+03,2.058382425753540446e+01,1.254639973380814306e+06
1.031042538091827510e+02,4.578144536134034581e+01,6.743742151226346323e+03,2.057799070691547172e+01,1.255084006588105112e+06
1.031429416745417882e+02,4.575643910977744611e+01,6.740938203504181729e+03,2.057212985361415036e+01,1.255522343344224617e+06
1.031816456324310849e+02,4.573143285821455351e+01,6.738125672417554597e+03,2.056624161910547954e+01,1.255954956845792709e+06
1.032203657455673778e+02,4.570642660665167512e+01,6.735304535780239348e+03,2.056032592473147247e+01,1.256381820264159003e+06
1.032591020769354344e+02,4.568142035508877541e+01,6.732474771377377692e+03,2.055438269170258536e+01,1.256802906746075721e+06
1.032978546897891761e+02,4.565641410352588281e+01,6.729636356965674167e+03,2.054841184109818641e+01,1.257218189414371736e+06
1.033366236476530702e+02,4.563140785196299731e+01,6.726789270273579859e+03,2.054241329386705672e+01,1.257627641368634999e+06
1.033754090143235658e+02,4.560640160040010471e+01,6.723933489001493399e+03,2.053638697082785569e+01,1.258031235685908236e+06
1.034142108538702445e+02,4.558139534883720501e+01,6.721068990821956504e+03,2.053033279266965749e+01,1.258428945421387441e+06
1.034530292306372274e+02,4.555638909727432662e+01,6.718195753379855887e+03,2.052425067995244135e+01,1.258820743609126890e+06
1.034918642092446106e+02,4.553138284571142691e+01,6.715313754292607882e+03,2.051814055310757112e+01,1.259206603262758581e+06
1.035307158545896726e+02,4.550637659414854852e+01,6.712422971150387639e+03,2.051200233243838156e+01,1.259586497376213549e+06
1.035695842318483813e+02,4.548137034258564881e+01,6.709523381516311019e+03,2.050583593812065075e+01,1.259960398924448062e+06
1.036084694064766580e+02,4.545636409102275621e+01,6.706614962926659246e+03,2.049964129020316861e+01,1.260328280864191009e+06
1.036473714442117569e+02,4.543135783945987072e+01,6.703697692891080806e+03,2.049341830860827329e+01,1.260690116134680575e+06
1.036862904110737986e+02,4.540635158789697812e+01,6.700771548892799728e+03,2.048716691313237703e+01,1.261045877658423735e+06
1.037252263733669508e+02,4.538134533633407841e+01,6.697836508388843868e+03,2.048088702344657008e+01,1.261395538341955282e+06
1.037641793976809623e+02,4.535633908477120002e+01,6.694892548810249536e+03,2.047457855909713942e+01,1.261739071076601744e+06
1.038031495508926270e+02,4.533133283320830031e+01,6.691939647562288883e+03,2.046824143950618335e+01,1.262076448739272309e+06
1.038421369001670058e+02,4.530632658164542192e+01,6.688977782024687258e+03,2.046187558397216577e+01,1.262407644193226937e+06
1.038811415129590898e+02,4.528132033008252932e+01,6.686006929551846952e+03,2.045548091167050941e+01,1.262732630288877524e+06
1.039201634570150503e+02,4.525631407851962962e+01,6.683027067473080933e+03,2.044905734165420697e+01,1.263051379864584887e+06
1.039592028003737454e+02,4.523130782695675123e+01,6.680038173092838406e+03,2.044260479285441434e+01,1.263363865747467615e+06
1.039982596113682689e+02,4.520630157539385152e+01,6.677040223690925814e+03,2.043612318408105111e+01,1.263670060754215112e+06
1.040373339586272579e+02,4.518129532383095892e+01,6.674033196522761500e+03,2.042961243402345062e+01,1.263969937691912986e+06
1.040764259110764129e+02,4.515628907226807343e+01,6.671017068819596716e+03,2.042307246125096754e+01,1.264263469358871924e+06
1.041155355379400902e+02,4.513128282070518082e+01,6.667991817788758453e+03,2.041650318421362442e+01,1.264550628545470536e+06
1.041546629087425941e+02,4.510627656914228112e+01,6.664957420613894101e+03,2.040990452124273702e+01,1.264831388034991454e+06
1.041938080933098121e+02,4.508127031757940273e+01,6.661913854455215187e+03,2.040327639055160702e+01,1.265105720604490023e+06
1.042329711617707204e+02,4.505626406601650302e+01,6.658861096449736579e+03,2.039661871023614026e+01,1.265373599025648320e+06
1.042721521845587915e+02,4.503125781445362463e+01,6.655799123711536595e+03,2.038993139827553591e+01,1.265634996065638959e+06
1.043113512324136565e+02,4.500625156289072493e+01,6.652727913332002572e+03,2.038321437253297574e+01,1.265889884488021722e+06
1.043505683763825118e+02,4.498124531132783233e+01,6.649647442380082794e+03,2.037646755075627780e+01,1.266138237053608289e+06
1.043898036878216971e+02,4.495623905976494683e+01,6.646557687902552971e+03,2.036969085057863538e+01,1.266380026521370513e+06
1.044290572383983573e+02,4.493123280820205423e+01,6.643458626924265445e+03,2.036288418951928492e+01,1.266615225649340078e+06
1.044683291000918075e+02,4.490622655663915452e+01,6.640350236448416581e+03,2.035604748498422367e+01,1.266843807195510250e+06
1.045076193451952236e+02,4.488122030507627613e+01,6.637232493456815064e+03,2.034918065426695577e+01,1.267065743918766500e+06
1.045469280463172481e+02,4.485621405351338353e+01,6.634105374910136561e+03,2.034228361454918144e+01,1.267281008579802699e+06
1.045862552763834827e+02,4.483120780195048383e+01,6.630968857748207483e+03,2.033535628290156083e+01,1.267489573942056624e+06
1.046256011086381079e+02,4.480620155038760544e+01,6.627822918890276014e+03,2.032839857628447078e+01,1.267691412772658514e+06
1.046649656166455742e+02,4.478119529882470573e+01,6.624667535235277683e+03,2.032141041154872241e+01,1.267886497843373800e+06
1.047043488742920800e+02,4.475618904726182734e+01,6.621502683662127311e+03,2.031439170543636408e+01,1.268074801931562833e+06
1.047437509557873341e+02,4.473118279569892763e+01,6.618328341029982766e+03,2.030734237458142388e+01,1.268256297821153188e+06
1.047831719356660898e+02,4.470617654413603503e+01,6.615144484178551465e+03,2.030026233551072323e+01,1.268430958303608932e+06
1.048226118887897940e+02,4.468117029257314954e+01,6.611951089928360489e+03,2.029315150464466200e+01,1.268598756178918527e+06
1.048620708903483774e+02,4.465616404101025694e+01,6.608748135081041255e+03,2.028600979829796458e+01,1.268759664256573655e+06
1.049015490158617041e+02,4.463115778944735723e+01,6.605535596419641479e+03,2.027883713268058230e+01,1.268913655356587842e+06
1.049410463411813907e+02,4.460615153788447884e+01,6.602313450708907112e+03,2.027163342389844658e+01,1.269060702310486697e+06
1.049805629424925115e+02,4.458114528632157914e+01,6.599081674695577021e+03,2.026439858795431448e+01,1.269200777962339111e+06
1.050200988963151474e+02,4.455613903475870075e+01,6.595840245108694035e+03,2.025713254074861780e+01,1.269333855169765651e+06
1.050596542795062760e+02,4.453113278319580104e+01,6.592589138659895070e+03,2.024983519808026600e+01,1.269459906804980710e+06
1.050992291692613207e+02,4.450612653163290844e+01,6.589328332043734918e+03,2.024250647564759120e+01,1.269578905755840242e+06
1.051388236431159413e+02,4.448112028007003005e+01,6.586057801937981822e+03,2.023514628904912271e+01,1.269690824926872505e+06
1.051784377789478384e+02,4.445611402850713034e+01,6.582777525003931260e+03,2.022775455378451070e+01,1.269795637240352575e+06
1.052180716549783881e+02,4.443110777694423774e+01,6.579487477886727902e+03,2.022033118525540019e+01,1.269893315637359163e+06
1.052577253497744465e+02,4.440610152538135225e+01,6.576187637215677569e+03,2.021287609876633695e+01,1.269983833078855881e+06
1.052973989422501546e+02,4.438109527381845965e+01,6.572877979604566463e+03,2.020538920952563799e+01,1.270067162546765991e+06
1.053370925116686436e+02,4.435608902225555994e+01,6.569558481651993134e+03,2.019787043264635784e+01,1.270143277045069728e+06
1.053768061376438538e+02,4.433108277069268155e+01,6.566229119941693170e+03,2.019031968314718739e+01,1.270212149600906530e+06
1.054165399001423822e+02,4.430607651912978184e+01,6.562889871042857521e+03,2.018273687595335630e+01,1.270273753265672363e+06
1.054562938794851874e+02,4.428107026756690345e+01,6.559540711510485380e+03,2.017512192589764553e+01,1.270328061116151977e+06
1.054960681563495513e+02,4.425606401600400375e+01,6.556181617885700689e+03,2.016747474772128257e+01,1.270375046255631838e+06
1.055358628117707696e+02,4.423105776444111115e+01,6.552812566696105932e+03,2.015979525607493983e+01,1.270414681815038668e+06
1.055756779271440706e+02,4.420605151287822565e+01,6.549433534456121379e+03,2.015208336551970447e+01,1.270446940954083111e+06
1.056155135842264912e+02,4.418104526131533305e+01,6.546044497667317046e+03,2.014433899052803412e+01,1.270471796862408752e+06
1.056553698651386810e+02,4.415603900975243334e+01,6.542645432818779227e+03,2.013656204548479423e+01,1.270489222760750214e+06
1.056952468523667932e+02,4.413103275818955495e+01,6.539236316387456100e+03,2.012875244468825997e+01,1.270499191902110586e+06
1.057351446287644592e+02,4.410602650662665525e+01,6.535817124838506061e+03,2.012091010235109323e+01,1.270501677572922781e+06
1.057750632775545370e+02,4.408102025506377686e+01,6.532387834625661526e+03,2.011303493260141551e+01,1.270496653094250709e+06
1.058150028823311857e+02,4.405601400350088426e+01,6.528948422191585450e+03,2.010512684948379558e+01,1.270484091822968097e+06
1.058549635270616562e+02,4.403100775193798455e+01,6.525498863968243313e+03,2.009718576696036507e+01,1.270463967152977595e+06
1.058949452960882667e+02,4.400600150037510616e+01,6.522039136377267823e+03,2.008921159891182739e+01,1.270436252516407985e+06
1.059349482741304485e+02,4.398099524881220646e+01,6.518569215830315443e+03,2.008120425913851292e+01,1.270400921384840738e+06
1.059749725462865371e+02,4.395598899724931385e+01,6.515089078729462926e+03,2.007316366136151231e+01,1.270357947270538192e+06
1.060150181980358610e+02,4.393098274568642836e+01,6.511598701467572937e+03,2.006508971922375295e+01,1.270307303727682913e+06
1.060550853152407171e+02,4.390597649412353576e+01,6.508098060428667850e+03,2.005698234629104704e+01,1.270248964353614952e+06
1.060951739841483175e+02,4.388097024256063605e+01,6.504587131988328110e+03,2.004884145605328527e+01,1.270182902790100081e+06
1.061352842913928072e+02,4.385596399099775766e+01,6.501065892514067855e+03,2.004066696192550623e+01,1.270109092724580551e+06
1.061754163239973678e+02,4.383095773943485796e+01,6.497534318365727813e+03,2.003245877724904389e+01,1.270027507891456131e+06
1.062155701693760932e+02,4.380595148787197957e+01,6.493992385895872758e+03,2.002421681529268227e+01,1.269938122073356295e+06
1.062557459153362203e+02,4.378094523630907986e+01,6.490440071450183495e+03,2.001594098925381360e+01,1.269840909102438949e+06
1.062959436500800336e+02,4.375593898474618726e+01,6.486877351367860683e+03,2.000763121225959296e+01,1.269735842861682642e+06
1.063361634622069829e+02,4.373093273318330176e+01,6.483304201982030463e+03,1.999928739736813910e+01,1.269622897286196472e+06
1.063764054407158710e+02,4.370592648162040916e+01,6.479720599620139183e+03,1.999090945756970683e+01,1.269502046364532784e+06
1.064166696750067729e+02,4.368092023005750946e+01,6.476126520604385405e+03,1.998249730578789851e+01,1.269373264140014770e+06
1.064569562548832664e+02,4.365591397849463107e+01,6.472521941252115539e+03,1.997405085488089327e+01,1.269236524712068029e+06
1.064972652705545642e+02,4.363090772693173847e+01,6.468906837876243117e+03,1.996557001764263362e+01,1.269091802237560274e+06
1.065375968126375312e+02,4.360590147536885297e+01,6.465281186785685350e+03,1.995705470680410798e+01,1.268939070932157105e+06
1.065779509721590017e+02,4.358089522380596037e+01,6.461644964285765127e+03,1.994850483503457994e+01,1.268778305071677314e+06
1.066183278405577965e+02,4.355588897224306066e+01,6.457998146678659396e+03,1.993992031494285300e+01,1.268609478993461700e+06
1.066587275096869547e+02,4.353088272068018227e+01,6.454340710263819346e+03,1.993130105907854244e+01,1.268432567097752355e+06
1.066991500718160069e+02,4.350587646911728257e+01,6.450672631338401516e+03,1.992264697993334721e+01,1.268247543849071488e+06
1.067395956196330218e+02,4.348087021755438997e+01,6.446993886197719803e+03,1.991395798994237865e+01,1.268054383777621901e+06
1.067800642462469085e+02,4.345586396599150447e+01,6.443304451135683848e+03,1.990523400148546784e+01,1.267853061480692588e+06
1.068205560451897185e+02,4.343085771442861187e+01,6.439604302445228313e+03,1.989647492688842689e+01,1.267643551624059211e+06
1.068610711104187487e+02,4.340585146286571216e+01,6.435893416418786728e+03,1.988768067842447351e+01,1.267425828943416243e+06
1.069016095363188725e+02,4.338084521130283377e+01,6.432171769348733505e+03,1.987885116831552423e+01,1.267199868245800724e+06
1.069421714177048841e+02,4.335583895973993407e+01,6.428439337527832322e+03,1.986998630873353733e+01,1.266965644411025103e+06
1.069827568498236161e+02,4.333083270817705568e+01,6.424696097249715422e+03,1.986108601180194810e+01,1.266723132393137086e+06
1.070233659283564407e+02,4.330582645661415597e+01,6.420942024809324721e+03,1.985215018959696920e+01,1.266472307221859694e+06
1.070639987494214296e+02,4.328082020505126337e+01,6.417177096503401117e+03,1.984317875414906140e+01,1.266213144004063448e+06
1.071046554095757415e+02,4.325581395348837788e+01,6.413401288630946510e+03,1.983417161744431212e+01,1.265945617925242288e+06
1.071453360058180522e+02,4.323080770192548528e+01,6.409614577493693105e+03,1.982512869142583156e+01,1.265669704250982264e+06
1.071860406355907713e+02,4.320580145036258557e+01,6.405816939396592716e+03,1.981604988799523070e+01,1.265385378328464460e+06
1.072267693967825011e+02,4.318079519879970718e+01,6.402008350648298801e+03,1.980693511901405657e+01,1.265092615587956738e+06
1.072675223877304660e+02,4.315578894723681458e+01,6.398188787561638492e+03,1.979778429630521330e+01,1.264791391544316895e+06
1.073082997072228153e+02,4.313078269567391487e+01,6.394358226454125543e+03,1.978859733165450052e+01,1.264481681798519799e+06
1.073491014545010955e+02,4.310577644411103648e+01,6.390516643648438730e+03,1.977937413681204504e+01,1.264163462039170088e+06
1.073899277292627801e+02,4.308077019254813678e+01,6.386664015472920255e+03,1.977011462349382143e+01,1.263836708044041181e+06
1.074307786316635429e+02,4.305576394098525839e+01,6.382800318262087785e+03,1.976081870338315838e+01,1.263501395681613125e+06
1.074716542623199302e+02,4.303075768942235868e+01,6.378925528357127405e+03,1.975148628813227347e+01,1.263157500912624644e+06
1.075125547223116484e+02,4.300575143785946608e+01,6.375039622106415663e+03,1.974211728936381149e+01,1.262804999791633105e+06
1.075534801131841789e+02,4.298074518629658058e+01,6.371142575866027073e+03,1.973271161867237566e+01,1.262443868468574947e+06
1.075944305369513359e+02,4.295573893473368798e+01,6.367234366000243426e+03,1.972326918762610504e+01,1.262074083190346137e+06
1.076354060960976824e+02,4.293073268317078828e+01,6.363314968882094036e+03,1.971378990776827322e+01,1.261695620302385418e+06
1.076764068935811451e+02,4.290572643160790989e+01,6.359384360893867779e+03,1.970427369061886225e+01,1.261308456250265241e+06
1.077174330328356149e+02,4.288072018004501018e+01,6.355442518427637879e+03,1.969472044767612928e+01,1.260912567581289914e+06
1.077584846177734192e+02,4.285571392848213179e+01,6.351489417885813964e+03,1.968513009041832262e+01,1.260507930946111213e+06
1.077995617527880938e+02,4.283070767691923209e+01,6.347525035681659574e+03,1.967550253030520935e+01,1.260094523100337246e+06
1.078406645427567980e+02,4.280570142535633948e+01,6.343549348239846950e+03,1.966583767877980193e+01,1.259672320906163193e+06
1.078817930930430720e+02,4.278069517379346109e+01,6.339562331997000001e+03,1.965613544726998185e+01,1.259241301334002521e+06
1.079229475094995365e+02,4.275568892223056139e+01,6.335563963402231821e+03,1.964639574719015513e+01,1.258801441464132164e+06
1.079641278984704087e+02,4.273068267066766879e+01,6.331554218917720391e+03,1.963661848994300030e+01,1.258352718488338171e+06
1.080053343667942585e+02,4.270567641910478329e+01,6.327533075019247008e+03,1.962680358692112392e+01,1.257895109711579280e+06
1.080465670218068084e+02,4.268067016754189069e+01,6.323500508196765622e+03,1.961695094950878016e+01,1.257428592553647468e+06
1.080878259713434630e+02,4.265566391597899099e+01,6.319456494954972186e+03,1.960706048908363286e+01,1.256953144550849451e+06
1.081291113237421797e+02,4.263065766441611260e+01,6.315401011813869445e+03,1.959713211701846802e+01,1.256468743357682601e+06
1.081704231878462394e+02,4.260565141285321289e+01,6.311334035309338105e+03,1.958716574468295946e+01,1.255975366748529254e+06
1.082117616730068903e+02,4.258064516129033450e+01,6.307255541993731640e+03,1.957716128344548068e+01,1.255472992619358702e+06
1.082531268890863174e+02,4.255563890972743479e+01,6.303165508436432901e+03,1.956711864467482442e+01,1.254961598989427090e+06
1.082945189464602720e+02,4.253063265816454219e+01,6.299063911224466210e+03,1.955703773974206783e+01,1.254441164002994075e+06
1.083359379560209845e+02,4.250562640660165670e+01,6.294950726963080342e+03,1.954691848002238075e+01,1.253911665931054391e+06
1.083773840291800923e+02,4.248062015503876410e+01,6.290825932276330605e+03,1.953676077689680923e+01,1.253373083173050778e+06
1.084188572778713535e+02,4.245561390347586439e+01,6.286689503807697292e+03,1.952656454175418332e+01,1.252825394258629531e+06
1.084603578145535892e+02,4.243060765191298600e+01,6.282541418220685046e+03,1.951632968599296092e+01,1.252268577849378344e+06
1.085018857522136670e+02,4.240560140035008629e+01,6.278381652199417658e+03,1.950605612102306807e+01,1.251702612740576500e+06
1.085434412043692731e+02,4.238059514878720790e+01,6.274210182449272907e+03,1.949574375826786365e+01,1.251127477862967411e+06
1.085850242850720093e+02,4.235558889722431530e+01,6.270026985697478267e+03,1.948539250916596188e+01,1.250543152284514159e+06
1.086266351089102216e+02,4.233058264566141560e+01,6.265832038693748473e+03,1.947500228517322896e+01,1.249949615212188102e+06
1.086682737910120409e+02,4.230557639409853721e+01,6.261625318210904879e+03,1.946457299776468375e+01,1.249346845993747003e+06
1.087099404470484387e+02,4.228057014253563750e+01,6.257406801045497559e+03,1.945410455843643405e+01,1.248734824119523400e+06
1.087516351932361260e+02,4.225556389097274490e+01,6.253176464018457409e+03,1.944359687870769449e+01,1.248113529224233702e+06
1.087933581463406512e+02,4.223055763940985941e+01,6.248934283975723702e+03,1.943304987012273344e+01,1.247482941088774707e+06
1.088351094236795404e+02,4.220555138784696680e+01,6.244680237788878912e+03,1.942246344425285187e+01,1.246843039642038755e+06
1.088768891431252115e+02,4.218054513628406710e+01,6.240414302355820837e+03,1.941183751269846525e+01,1.246193804962743307e+06
1.089186974231081706e+02,4.215553888472118871e+01,6.236136454601393780e+03,1.940117198709107882e+01,1.245535217281247256e+06
1.089605343826202102e+02,4.213053263315828900e+01,6.231846671478050666e+03,1.939046677909532335e+01,1.244867256981392391e+06
1.090024001412173646e+02,4.210552638159541061e+01,6.227544929966524251e+03,1.937972180041108317e+01,1.244189904602347640e+06
1.090442948190232642e+02,4.208052013003251091e+01,6.223231207076472856e+03,1.936893696277548926e+01,1.243503140840449603e+06
1.090862185367321757e+02,4.205551387846961831e+01,6.218905479847174320e+03,1.935811217796507577e+01,1.242806946551071946e+06
1.091281714156122433e+02,4.203050762690673281e+01,6.214567725348186286e+03,1.934724735779786542e+01,1.242101302750476403e+06
1.091701535775088132e+02,4.200550137534384021e+01,6.210217920680024690e+03,1.933634241413547983e+01,1.241386190617686370e+06
1.092121651448475319e+02,4.198049512378094050e+01,6.205856042974855882e+03,1.932539725888530668e+01,1.240661591496368172e+06
1.092542062406376857e+02,4.195548887221806211e+01,6.201482069397183295e+03,1.931441180400263491e+01,1.239927486896706047e+06
1.092962769884755687e+02,4.193048262065516951e+01,6.197095977144535027e+03,1.930338596149285380e+01,1.239183858497303911e+06
1.093383775125476376e+02,4.190547636909226981e+01,6.192697743448166875e+03,1.929231964341359173e+01,1.238430688147063367e+06
1.093805079376339648e+02,4.188047011752939142e+01,6.188287345573772654e+03,1.928121276187700417e+01,1.237667957867110847e+06
1.094226683891116068e+02,4.185546386596649171e+01,6.183864760822166318e+03,1.927006522905188390e+01,1.236895649852680275e+06
1.094648589929578435e+02,4.183045761440361332e+01,6.179429966530025922e+03,1.925887695716602011e+01,1.236113746475053253e+06
1.095070798757538029e+02,4.180545136284071361e+01,6.174982940070586665e+03,1.924764785850834414e+01,1.235322230283459416e+06
1.095493311646876862e+02,4.178044511127782101e+01,6.170523658854374844e+03,1.923637784543128859e+01,1.234521084007022437e+06
1.095916129875582925e+02,4.175543885971493552e+01,6.166052100329930909e+03,1.922506683035302189e+01,1.233710290556679713e+06
1.096339254727785857e+02,4.173043260815204292e+01,6.161568241984533415e+03,1.921371472575976114e+01,1.232889833027131623e+06
1.096762687493790054e+02,4.170542635658914321e+01,6.157072061344944814e+03,1.920232144420810627e+01,1.232059694698781008e+06
1.097186429470111193e+02,4.168042010502626482e+01,6.152563535978153595e+03,1.919088689832738837e+01,1.231219859039692208e+06
1.097610481959511901e+02,4.165541385346336511e+01,6.148042643492100069e+03,1.917941100082196471e+01,1.230370309707534965e+06
1.098034846271035860e+02,4.163040760190048672e+01,6.143509361536454890e+03,1.916789366447369147e+01,1.229511030551566044e+06
1.098459523720046036e+02,4.160540135033758702e+01,6.138963667803346652e+03,1.915633480214420103e+01,1.228642005614577560e+06
1.098884515628258640e+02,4.158039509877469442e+01,6.134405540028144060e+03,1.914473432677740306e+01,1.227763219134888146e+06
1.099309823323780506e+02,4.155538884721180892e+01,6.129834955990209892e+03,1.913309215140185771e+01,1.226874655548312468e+06
1.099735448141146605e+02,4.153038259564891632e+01,6.125251893513659525e+03,1.912140818913319151e+01,1.225976299490142381e+06
1.100161391421355290e+02,4.150537634408602372e+01,6.120656330468164015e+03,1.910968235317664465e+01,1.225068135797150666e+06
1.100587654511906237e+02,4.148037009252313823e+01,6.116048244769704070e+03,1.909791455682945482e+01,1.224150149509569630e+06
1.101014238766838957e+02,4.145536384096024562e+01,6.111427614381359490e+03,1.908610471348338677e+01,1.223222325873098802e+06
1.101441145546768325e+02,4.143035758939734592e+01,6.106794417314107704e+03,1.907425273662724763e+01,1.222284650340912631e+06
1.101868376218924084e+02,4.140535133783446753e+01,6.102148631627610484e+03,1.906235853984940931e+01,1.221337108575658174e+06
1.102295932157188929e+02,4.138034508627156782e+01,6.097490235431009751e+03,1.905042203684034519e+01,1.220379686451482121e+06
1.102723814742136028e+02,4.135533883470868943e+01,6.092819206883743391e+03,1.903844314139520577e+01,1.219412370056037558e+06
1.103152025361069093e+02,4.133033258314578973e+01,6.088135524196334700e+03,1.902642176741636959e+01,1.218435145692511927e+06
1.103580565408060181e+02,4.130532633158289713e+01,6.083439165631231845e+03,1.901435782891609705e+01,1.217447999881659169e+06
1.104009436283989345e+02,4.128032008002001163e+01,6.078730109503609128e+03,1.900225124001909904e+01,1.216450919363818830e+06
1.104438639396584847e+02,4.125531382845711903e+01,6.074008334182189174e+03,1.899010191496517308e+01,1.215443891100961016e+06
1.104868176160461957e+02,4.123030757689421932e+01,6.069273818090084205e+03,1.897790976811187491e+01,1.214426902278721100e+06
1.105298047997163309e+02,4.120530132533134093e+01,6.064526539705627329e+03,1.896567471393720083e+01,1.213399940308448160e+06
1.105728256335200257e+02,4.118029507376844123e+01,6.059766477563194712e+03,1.895339666704219894e+01,1.212362992829237133e+06
1.106158802610091527e+02,4.115528882220556284e+01,6.054993610254081432e+03,1.894107554215380063e+01,1.211316047710002633e+06
1.106589688264406561e+02,4.113028257064266313e+01,6.050207916427319105e+03,1.892871125412742472e+01,1.210259093051510397e+06
1.107020914747804454e+02,4.110527631907977053e+01,6.045409374790549919e+03,1.891630371794978416e+01,1.209192117188444827e+06
1.107452483517076729e+02,4.108027006751689214e+01,6.040597964110883368e+03,1.890385284874164640e+01,1.208115108691473259e+06
1.107884396036189685e+02,4.105526381595399243e+01,6.035773663215752094e+03,1.889135856176058326e+01,1.207028056369298836e+06
1.108316653776324614e+02,4.103025756439109983e+01,6.030936450993791368e+03,1.887882077240378464e+01,1.205930949270733632e+06
1.108749258215921429e+02,4.100525131282821434e+01,6.026086306395714018e+03,1.886623939621089363e+01,1.204823776686769677e+06
1.109182210840721723e+02,4.098024506126532174e+01,6.021223208435176275e+03,1.885361434886678111e+01,1.203706528152642539e+06
1.109615513143810688e+02,4.095523880970242203e+01,6.016347136189685443e+03,1.884094554620448037e+01,1.202579193449915620e+06
1.110049166625660462e+02,4.093023255813954364e+01,6.011458068801477566e+03,1.882823290420800433e+01,1.201441762608550489e+06
1.110483172794175175e+02,4.090522630657664394e+01,6.006555985478407820e+03,1.881547633901524463e+01,1.200294225908989552e+06
1.110917533164732447e+02,4.088022005501376555e+01,6.001640865494867285e+03,1.880267576692088838e+01,1.199136573884233134e+06
1.111352249260230138e+02,4.085521380345086584e+01,5.996712688192670612e+03,1.878983110437933490e+01,1.197968797321929364e+06
1.111787322611128559e+02,4.083020755188797324e+01,5.991771432981986436e+03,1.877694226800766941e+01,1.196790887266450794e+06
1.112222754755496510e+02,4.080520130032508774e+01,5.986817079342245052e+03,1.876400917458861528e+01,1.195602835020993371e+06
1.112658547239056759e+02,4.078019504876219514e+01,5.981849606823050635e+03,1.875103174107348281e+01,1.194404632149649085e+06
1.113094701615230235e+02,4.075518879719929544e+01,5.976868995045125303e+03,1.873800988458522809e+01,1.193196270479508443e+06
1.113531219445182501e+02,4.073018254563641705e+01,5.971875223701238610e+03,1.872494352242146221e+01,1.191977742102750111e+06
1.113968102297870502e+02,4.070517629407351734e+01,5.966868272557130695e+03,1.871183257205746742e+01,1.190749039378724992e+06
1.114405351750087618e+02,4.068017004251062474e+01,5.961848121452474516e+03,1.869867695114927386e+01,1.189510154936055653e+06
1.114842969386511129e+02,4.065516379094774635e+01,5.956814750301818094e+03,1.868547657753677882e+01,1.188261081674735527e+06
1.115280956799749958e+02,4.063015753938484664e+01,5.951768139095522201e+03,1.867223136924674876e+01,1.187001812768206466e+06
1.115719315590390295e+02,4.060515128782196825e+01,5.946708267900749888e+03,1.865894124449604519e+01,1.185732341665470973e+06
1.116158047367045612e+02,4.058014503625906855e+01,5.941635116862402356e+03,1.864560612169470488e+01,1.184452662093180232e+06
1.116597153746402853e+02,4.055513878469617595e+01,5.936548666204109395e+03,1.863222591944911954e+01,1.183162768057729350e+06
1.117036636353271462e+02,4.053013253313329045e+01,5.931448896229192542e+03,1.861880055656519062e+01,1.181862653847351670e+06
1.117476496820633116e+02,4.050512628157039785e+01,5.926335787321645512e+03,1.860532995205154805e+01,1.180552314034216106e+06
1.117916736789689338e+02,4.048012003000749814e+01,5.921209319947129188e+03,1.859181402512275838e+01,1.179231743476520758e+06
1.118357357909911656e+02,4.045511377844461975e+01,5.916069474653962061e+03,1.857825269520258971e+01,1.177900937320592115e+06
1.118798361839092195e+02,4.043010752688172005e+01,5.910916232074096115e+03,1.856464588192718068e+01,1.176559891002963530e+06
1.119239750243392137e+02,4.040510127531884166e+01,5.905749572924154563e+03,1.855099350514844403e+01,1.175208600252487464e+06
1.119681524797394303e+02,4.038009502375594195e+01,5.900569478006403187e+03,1.853729548493724266e+01,1.173847061092410469e+06
1.120123687184152459e+02,4.035508877219304935e+01,5.895375928209793528e+03,1.852355174158679674e+01,1.172475269842474954e+06
1.120566239095242906e+02,4.033008252063016386e+01,5.890168904510965149e+03,1.850976219561595926e+01,1.171093223120999523e+06
1.121009182230817345e+02,4.030507626906727126e+01,5.884948387975263358e+03,1.849592676777258760e+01,1.169700917846968863e+06
1.121452518299653320e+02,4.028007001750437155e+01,5.879714359757787861e+03,1.848204537903693989e+01,1.168298351242121542e+06
1.121896249019207090e+02,4.025506376594149316e+01,5.874466801104416845e+03,1.846811795062504657e+01,1.166885520833027782e+06
1.122340376115667482e+02,4.023005751437860056e+01,5.869205693352838352e+03,1.845414440399212808e+01,1.165462424453175860e+06
1.122784901324007336e+02,4.020505126281570085e+01,5.863931017933613475e+03,1.844012466083603741e+01,1.164029060245044064e+06
1.123229826388038077e+02,4.018004501125282246e+01,5.858642756371218638e+03,1.842605864310072050e+01,1.162585426662183134e+06
1.123675153060463998e+02,4.015503875968992276e+01,5.853340890285096975e+03,1.841194627297966946e+01,1.161131522471285192e+06
1.124120883102935267e+02,4.013003250812704437e+01,5.848025401390735169e+03,1.839778747291946459e+01,1.159667346754256636e+06
1.124567018286104485e+02,4.010502625656414466e+01,5.842696271500707553e+03,1.838358216562320280e+01,1.158192898910277523e+06
1.125013560389679697e+02,4.008002000500125206e+01,5.837353482525778418e+03,1.836933027405414975e+01,1.156708178657876328e+06
1.125460511202481371e+02,4.005501375343836656e+01,5.831997016475960663e+03,1.835503172143921091e+01,1.155213186036979780e+06
1.125907872522498678e+02,4.003000750187547396e+01,5.826626855461598097e+03,1.834068643127251974e+01,1.153707921410972485e+06
1.126355646156944061e+02,4.000500125031257426e+01,5.821242981694472292e+03,1.832629432731908992e+01,1.152192385468752356e+06
1.126803833922311355e+02,3.997999499874969587e+01,5.815845377488880331e+03,1.831185533361835738e+01,1.150666579226769041e+06
1.127252437644433343e+02,3.995498874718679616e+01,5.810434025262741670e+03,1.829736937448786804e+01,1.149130504031077260e+06
1.127701459158537460e+02,3.992998249562391777e+01,5.805008907538712265e+03,1.828283637452693355e+01,1.147584161559365923e+06
1.128150900309306195e+02,3.990497624406101806e+01,5.799570006945277783e+03,1.826825625862028346e+01,1.146027553822999820e+06
1.128600762950933500e+02,3.987996999249812546e+01,5.794117306217888654e+03,1.825362895194178492e+01,1.144460683169039432e+06
1.129051048947184483e+02,3.985496374093524707e+01,5.788650788200076022e+03,1.823895437995817304e+01,1.142883552282272140e+06
1.129501760171455516e+02,3.982995748937234737e+01,5.783170435844573149e+03,1.822423246843275990e+01,1.141296164187222952e+06
1.129952898506832355e+02,3.980495123780945477e+01,5.777676232214463198e+03,1.820946314342923600e+01,1.139698522250171751e+06
1.130404465846150970e+02,3.977994498624656927e+01,5.772168160484309738e+03,1.819464633131542541e+01,1.138090630181153771e+06
1.130856464092059355e+02,3.975493873468367667e+01,5.766646203941293606e+03,1.817978195876707304e+01,1.136472492035960546e+06
1.131308895157076648e+02,3.972993248312077696e+01,5.761110345986382526e+03,1.816486995277171346e+01,1.134844112218132941e+06
1.131761760963655661e+02,3.970492623155789857e+01,5.755560570135475245e+03,1.814991024063250080e+01,1.133205495480950223e+06
1.132215063444245402e+02,3.967991997999499887e+01,5.749996860020558415e+03,1.813490274997203855e+01,1.131556646929400507e+06
1.132668804541352046e+02,3.965491372843212048e+01,5.744419199390886206e+03,1.811984740873631239e+01,1.129897572022162378e+06
1.133122986207603731e+02,3.962990747686922077e+01,5.738827572114136274e+03,1.810474414519855912e+01,1.128228276573563227e+06
1.133577610405811953e+02,3.960490122530632817e+01,5.733221962177609385e+03,1.808959288796323150e+01,1.126548766755539225e+06
1.134032679109036366e+02,3.957989497374344268e+01,5.727602353689398115e+03,1.807439356596993107e+01,1.124859049099579453e+06
1.134488194300650008e+02,3.955488872218055008e+01,5.721968730879567374e+03,1.805914610849733037e+01,1.123159130498668645e+06
1.134944157974402259e+02,3.952988247061765037e+01,5.716321078101372223e+03,1.804385044516725145e+01,1.121449018209223403e+06
1.135400572134485202e+02,3.950487621905477198e+01,5.710659379832449304e+03,1.802850650594863779e+01,1.119728719853013987e+06
1.135857438795599847e+02,3.947986996749187227e+01,5.704983620676002829e+03,1.801311422116152983e+01,1.117998243419067701e+06
1.136314759983021219e+02,3.945486371592897967e+01,5.699293785362046947e+03,1.799767352148120736e+01,1.116257597265590448e+06
1.136772537732665711e+02,3.942985746436609418e+01,5.693589858748607185e+03,1.798218433794223614e+01,1.114506790121856611e+06
1.137230774091159020e+02,3.940485121280320158e+01,5.687871825822929168e+03,1.796664660194249308e+01,1.112745831090086140e+06
1.137689471115902222e+02,3.937984496124032319e+01,5.682139671702739179e+03,1.795106024524741528e+01,1.110974729647338623e+06
1.138148630875142260e+02,3.935483870967742348e+01,5.676393381637442872e+03,1.793542519999399332e+01,1.109193495647359174e+06
1.138608255448038733e+02,3.932983245811453088e+01,5.670632941009386741e+03,1.791974139869503801e+01,1.107402139322450850e+06
1.139068346924733959e+02,3.930482620655164538e+01,5.664858335335099582e+03,1.790400877424331227e+01,1.105600671285307966e+06
1.139528907406423883e+02,3.927981995498875278e+01,5.659069550266525766e+03,1.788822725991572327e+01,1.103789102530854987e+06
1.139989939005426720e+02,3.925481370342585308e+01,5.653266571592304899e+03,1.787239678937757148e+01,1.101967444438069593e+06
1.140451443845254431e+02,3.922980745186297469e+01,5.647449385239016010e+03,1.785651729668677135e+01,1.100135708771787351e+06
1.140913424060685202e+02,3.920480120030007498e+01,5.641617977272440839e+03,1.784058871629810739e+01,1.098293907684507314e+06
1.141375881797833785e+02,3.917979494873719659e+01,5.635772333898856232e+03,1.782461098306755787e+01,1.096442053718178766e+06
1.141838819214225538e+02,3.915478869717429689e+01,5.629912441466283781e+03,1.780858403225654385e+01,1.094580159805967007e+06
1.142302238478868333e+02,3.912978244561140428e+01,5.624038286465794044e+03,1.779250779953630257e+01,1.092708239274026128e+06
1.142766141772326449e+02,3.910477619404851879e+01,5.618149855532790752e+03,1.777638222099221466e+01,1.090826305843240116e+06
1.143230531286795895e+02,3.907976994248562619e+01,5.612247135448288645e+03,1.776020723312815264e+01,1.088934373630963266e+06
1.143695409226177446e+02,3.905476369092272648e+01,5.606330113140233152e+03,1.774398277287090764e+01,1.087032457152736140e+06
1.144160777806152964e+02,3.902975743935984809e+01,5.600398775684797329e+03,1.772770877757459118e+01,1.085120571324003628e+06
1.144626639254261704e+02,3.900475118779694839e+01,5.594453110307677889e+03,1.771138518502501569e+01,1.083198731461795978e+06
1.145092995809975776e+02,3.897974493623405579e+01,5.588493104385434890e+03,1.769501193344422418e+01,1.081266953286421252e+06
1.145559849724777735e+02,3.895473868467117740e+01,5.582518745446795947e+03,1.767858896149491343e+01,1.079325252923122374e+06
1.146027203262238743e+02,3.892973243310827769e+01,5.576530021173982277e+03,1.766211620828492812e+01,1.077373646903728833e+06
1.146495058698095733e+02,3.890472618154539930e+01,5.570526919404052933e+03,1.764559361337180832e+01,1.075412152168294881e+06
1.146963418320331698e+02,3.887971992998249959e+01,5.564509428130217202e+03,1.762902111676726591e+01,1.073440786066711880e+06
1.147432284429253713e+02,3.885471367841960699e+01,5.558477535503205218e+03,1.761239865894181023e+01,1.071459566360318568e+06
1.147901659337573790e+02,3.882970742685672150e+01,5.552431229832600366e+03,1.759572618082929552e+01,1.069468511223487556e+06
1.148371545370490168e+02,3.880470117529382890e+01,5.546370499588185339e+03,1.757900362383148618e+01,1.067467639245191356e+06
1.148841944865767459e+02,3.877969492373092919e+01,5.540295333401315474e+03,1.756223092982273570e+01,1.065456969430559548e+06
1.149312860173819075e+02,3.875468867216805080e+01,5.534205720066275717e+03,1.754540804115459096e+01,1.063436521202420350e+06
1.149784293657790784e+02,3.872968242060515109e+01,5.528101648541636678e+03,1.752853490066042497e+01,1.061406314402805641e+06
1.150256247693642138e+02,3.870467616904227270e+01,5.521983107951657985e+03,1.751161145166021527e+01,1.059366369294476463e+06
1.150728724670232310e+02,3.867966991747937300e+01,5.515850087587628877e+03,1.749463763796511273e+01,1.057316706562380074e+06
1.151201726989403085e+02,3.865466366591648040e+01,5.509702576909290656e+03,1.747761340388229101e+01,1.055257347315139137e+06
1.151675257066064546e+02,3.862965741435359490e+01,5.503540565546200924e+03,1.746053869421960769e+01,1.053188313086483395e+06
1.152149317328282052e+02,3.860465116279070230e+01,5.497364043299133300e+03,1.744341345429039336e+01,1.051109625836686464e+06
1.152623910217360930e+02,3.857964491122780260e+01,5.491173000141483499e+03,1.742623762991824066e+01,1.049021307953968877e+06
1.153099038187934582e+02,3.855463865966492421e+01,5.484967426220676316e+03,1.740901116744182886e+01,1.046923382255893433e+06
1.153574703708053306e+02,3.852963240810203160e+01,5.478747311859552610e+03,1.739173401371967032e+01,1.044815871990726795e+06
1.154050909259271123e+02,3.850462615653913190e+01,5.472512647557819037e+03,1.737440611613507357e+01,1.042698800838800264e+06
1.154527657336736013e+02,3.847961990497625351e+01,5.466263423993451397e+03,1.735702742260093956e+01,1.040572192913830513e+06
1.155004950449280727e+02,3.845461365341335380e+01,5.459999632024107996e+03,1.733959788156462523e+01,1.038436072764226235e+06
1.155482791119511461e+02,3.842960740185047541e+01,5.453721262688584829e+03,1.732211744201293158e+01,1.036290465374382678e+06
1.155961181883901361e+02,3.840460115028757571e+01,5.447428307208228944e+03,1.730458605347694601e+01,1.034135396165939397e+06
1.156440125292881191e+02,3.837959489872468311e+01,5.441120756988396352e+03,1.728700366603705874e+01,1.031970890999030787e+06
1.156919623910932415e+02,3.835458864716179761e+01,5.434798603619897222e+03,1.726937023032792951e+01,1.029796976173509029e+06
1.157399680316682122e+02,3.832958239559890501e+01,5.428461838880415598e+03,1.725168569754336190e+01,1.027613678430123837e+06
1.157880297102995399e+02,3.830457614403600530e+01,5.422110454736015527e+03,1.723395001944150096e+01,1.025421024951732368e+06
1.158361476877071539e+02,3.827956989247312691e+01,5.415744443342565319e+03,1.721616314834972172e+01,1.023219043364426470e+06
1.158843222260540387e+02,3.825456364091022721e+01,5.409363797047204571e+03,1.719832503716970251e+01,1.021007761738669244e+06
1.159325535889557131e+02,3.822955738934734882e+01,5.402968508389839371e+03,1.718043563938255502e+01,1.018787208590406692e+06
1.159808420414902059e+02,3.820455113778444911e+01,5.396558570104582031e+03,1.716249490905382302e+01,1.016557412882144214e+06
1.160291878502076486e+02,3.817954488622155651e+01,5.390133975121262665e+03,1.714450280083866929e+01,1.014318404024008312e+06
1.160775912831402650e+02,3.815453863465867812e+01,5.383694716566902571e+03,1.712645926998697732e+01,1.012070211874776985e+06
1.161260526098124188e+02,3.812953238309577841e+01,5.377240787767190341e+03,1.710836427234847434e+01,1.009812866742889979e+06
1.161745721012505328e+02,3.810452613153288581e+01,5.370772182247996170e+03,1.709021776437792539e+01,1.007546399387426907e+06
1.162231500299932492e+02,3.807951987997000032e+01,5.364288893736866157e+03,1.707201970314034511e+01,1.005270841019075364e+06
1.162717866701017471e+02,3.805451362840710772e+01,5.357790916164510236e+03,1.705377004631613147e+01,1.002986223301044432e+06
1.163204822971699031e+02,3.802950737684420801e+01,5.351278243666333765e+03,1.703546875220636991e+01,1.000692578349985532e+06
1.163692371883347221e+02,3.800450112528132962e+01,5.344750870583940923e+03,1.701711577973805944e+01,9.983899387368659955e+05
1.164180516222868533e+02,3.797949487371842991e+01,5.338208791466634466e+03,1.699871108846930667e+01,9.960783374878063332e+05
1.164669258792810069e+02,3.795448862215555152e+01,5.331652001072974599e+03,1.698025463859473660e+01,9.937578080849272665e+05
1.165158602411467541e+02,3.792948237059265182e+01,5.325080494372268731e+03,1.696174639095068315e+01,9.914283844671233092e+05
1.165648549912990717e+02,3.790447611902975922e+01,5.318494266546130348e+03,1.694318630702059281e+01,9.890901010308481054e+05
1.166139104147492134e+02,3.787946986746687372e+01,5.311893312989996957e+03,1.692457434894029689e+01,9.867429926308356225e+05
1.166630267981157090e+02,3.785446361590398112e+01,5.305277629314674414e+03,1.690591047950342229e+01,9.843870945808265824e+05
1.167122044296351362e+02,3.782945736434108142e+01,5.298647211347888515e+03,1.688719466216675968e+01,9.820224426542408764e+05
1.167614435991733188e+02,3.780445111277820303e+01,5.292002055135831142e+03,1.686842686105566713e+01,9.796490730848334497e+05
1.168107445982365249e+02,3.777944486121530332e+01,5.285342156944693670e+03,1.684960704096943118e+01,9.772670225673082750e+05
1.168601077199825653e+02,3.775443860965241072e+01,5.278667513262260400e+03,1.683073516738679132e+01,9.748763282579228980e+05
1.169095332592322052e+02,3.772943235808953233e+01,5.271978120799442877e+03,1.681181120647133653e+01,9.724770277750407113e+05
1.169590215124807173e+02,3.770442610652663262e+01,5.265273976491848771e+03,1.679283512507697296e+01,9.700691591996629722e+05
1.170085727779091513e+02,3.767941985496375423e+01,5.258555077501368032e+03,1.677380689075346254e+01,9.676527610759324161e+05
1.170581873553962282e+02,3.765441360340085453e+01,5.251821421217719035e+03,1.675472647175185514e+01,9.652278724115950754e+05
1.171078655465298226e+02,3.762940735183796193e+01,5.245073005260057471e+03,1.673559383703008407e+01,9.627945326784406789e+05
1.171576076546188716e+02,3.760440110027507643e+01,5.238309827478540683e+03,1.671640895625849765e+01,9.603527818127097562e+05
1.172074139847053686e+02,3.757939484871218383e+01,5.231531885955911093e+03,1.669717179982536592e+01,9.579026602154562715e+05
1.172572848435761870e+02,3.755438859714928412e+01,5.224739179009094187e+03,1.667788233884251525e+01,9.554442087528912816e+05
1.173072205397753009e+02,3.752938234558640573e+01,5.217931705190800130e+03,1.665854054515093807e+01,9.529774687566965586e+05
1.173572213836160074e+02,3.750437609402350603e+01,5.211109463291097200e+03,1.663914639132632800e+01,9.505024820242790738e+05
1.174072876871931044e+02,3.747936984246062764e+01,5.204272452339042502e+03,1.661969985068480682e+01,9.480192908190259477e+05
1.174574197643954534e+02,3.745436359089772793e+01,5.197420671604257222e+03,1.660020089728847736e+01,9.455279378704979317e+05
1.175076179309183431e+02,3.742935733933483533e+01,5.190554120598566442e+03,1.658064950595117892e+01,9.430284663746057777e+05
1.175578825042761650e+02,3.740435108777194984e+01,5.183672799077592572e+03,1.656104565224411829e+01,9.405209199937416706e+05
1.176082138038152038e+02,3.737934483620905723e+01,5.176776707042370617e+03,1.654138931250155409e+01,9.380053428568767849e+05
1.176586121507262845e+02,3.735433858464615753e+01,5.169865844740980720e+03,1.652168046382656286e+01,9.354817795596303185e+05
1.177090778680578040e+02,3.732933233308327914e+01,5.162940212670169785e+03,1.650191908409674824e+01,9.329502751642968506e+05
1.177596112807288335e+02,3.730432608152038654e+01,5.155999811576957654e+03,1.648210515196994308e+01,9.304108751998310909e+05
1.178102127155421073e+02,3.727931982995748683e+01,5.149044642460295108e+03,1.646223864689004301e+01,9.278636256618124899e+05
1.178608825011973238e+02,3.725431357839460844e+01,5.142074706572691866e+03,1.644231954909277960e+01,9.253085730123644462e+05
1.179116209683046321e+02,3.722930732683170874e+01,5.135090005421829119e+03,1.642234783961143663e+01,9.227457641800213605e+05
1.179624284493978763e+02,3.720430107526883035e+01,5.128090540772239365e+03,1.640232350028277253e+01,9.201752465595939429e+05
1.180133052789484367e+02,3.717929482370593064e+01,5.121076314646913488e+03,1.638224651375276153e+01,9.175970680119583849e+05
1.180642517933787161e+02,3.715428857214303804e+01,5.114047329328972410e+03,1.636211686348248406e+01,9.150112768638326088e+05
1.181152683310760381e+02,3.712928232058015254e+01,5.107003587363314182e+03,1.634193453375398164e+01,9.124179219075052533e+05
1.181663552324066586e+02,3.710427606901725994e+01,5.099945091558241074e+03,1.632169950967606908e+01,9.098170524005185580e+05
1.182175128397296504e+02,3.707926981745436024e+01,5.092871844987150325e+03,1.630141177719031731e+01,9.072087180653332034e+05
1.182687414974111419e+02,3.705426356589148185e+01,5.085783850990180326e+03,1.628107132307689753e+01,9.045929690889312187e+05
1.183200415518387274e+02,3.702925731432858214e+01,5.078681113175854989e+03,1.626067813496048942e+01,9.019698561223911820e+05
1.183714133514356206e+02,3.700425106276570375e+01,5.071563635422781772e+03,1.624023220131626388e+01,8.993394302804188337e+05
1.184228572466754343e+02,3.697924481120280404e+01,5.064431421881277856e+03,1.621973351147574505e+01,8.967017431408393895e+05
1.184743735900966328e+02,3.695423855963991144e+01,5.057284476975079997e+03,1.619918205563286762e+01,8.940568467440527165e+05
1.185259627363173820e+02,3.692923230807702595e+01,5.050122805402997983e+03,1.617857782484989571e+01,8.914047935924406629e+05
1.185776250420505420e+02,3.690422605651413335e+01,5.042946412140575376e+03,1.615792081106337008e+01,8.887456366497291019e+05
1.186293608661185175e+02,3.687921980495123364e+01,5.035755302441799358e+03,1.613721100709021172e+01,8.860794293403294869e+05
1.186811705694684917e+02,3.685421355338835525e+01,5.028549481840758745e+03,1.611644840663364775e+01,8.834062255486137001e+05
1.187330545151878027e+02,3.682920730182546265e+01,5.021328956153324725e+03,1.609563300428926524e+01,8.807260796181585174e+05
1.187850130685191914e+02,3.680420105026256294e+01,5.014093731478847985e+03,1.607476479555106152e+01,8.780390463509480469e+05
1.188370465968763909e+02,3.677919479869968455e+01,5.006843814201845817e+03,1.605384377681749442e+01,8.753451810065332102e+05
1.188891554698599435e+02,3.675418854713678485e+01,4.999579210993663764e+03,1.603286994539748633e+01,8.726445393011354608e+05
1.189413400592727612e+02,3.672918229557390646e+01,4.992299928814210944e+03,1.601184329951662733e+01,8.699371774067371152e+05
1.189936007391363404e+02,3.670417604401100675e+01,4.985005974913608952e+03,1.599076383832312054e+01,8.672231519500883296e+05
1.190459378857066071e+02,3.667916979244811415e+01,4.977697356833924459e+03,1.596963156189399591e+01,8.645025200117058121e+05
1.190983518774902592e+02,3.665416354088522866e+01,4.970374082410840856e+03,1.594844647124115333e+01,8.617753391248020343e+05
1.191508430952611661e+02,3.662915728932233606e+01,4.963036159775356282e+03,1.592720856831748577e+01,8.590416672741813818e+05
1.192034119220767536e+02,3.660415103775943635e+01,4.955683597355504389e+03,1.590591785602306807e+01,8.563015628950945102e+05
1.192560587432946733e+02,3.657914478619655796e+01,4.948316403878046003e+03,1.588457433821127651e+01,8.535550848720441572e+05
1.193087839465897275e+02,3.655413853463365825e+01,4.940934588370151687e+03,1.586317801969487107e+01,8.508022925375263439e+05
1.193615879219705818e+02,3.652913228307076565e+01,4.933538160161140695e+03,1.584172890625228192e+01,8.480432456707686651e+05
1.194144710617969594e+02,3.650412603150788016e+01,4.926127128884172635e+03,1.582022700463371834e+01,8.452780044963815017e+05
1.194674337607969363e+02,3.647911977994498756e+01,4.918701504477941853e+03,1.579867232256733800e+01,8.425066296829812927e+05
1.195204764160841222e+02,3.645411352838210917e+01,4.911261297188412755e+03,1.577706486876549974e+01,8.397291823417703854e+05
1.195735994271754095e+02,3.642910727681920946e+01,4.903806517570497817e+03,1.575540465293089021e+01,8.369457240250562318e+05
1.196268031960084386e+02,3.640410102525631686e+01,4.896337176489799276e+03,1.573369168576281751e+01,8.341563167247414822e+05
1.196800881269595465e+02,3.637909477369343136e+01,4.888853285124309878e+03,1.571192597896341603e+01,8.313610228707565693e+05
1.197334546268617999e+02,3.635408852213053876e+01,4.881354854966109997e+03,1.569010754524380857e+01,8.285599053294322221e+05
1.197869031050230006e+02,3.632908227056763906e+01,4.873841897823102045e+03,1.566823639833041959e+01,8.257530274018560303e+05
1.198404339732440462e+02,3.630407601900476067e+01,4.866314425820723045e+03,1.564631255297122614e+01,8.229404528221536893e+05
1.198940476458374889e+02,3.627906976744186096e+01,4.858772451403639934e+03,1.562433602494193252e+01,8.201222457557258895e+05
1.199477445396459672e+02,3.625406351587898257e+01,4.851215987337498518e+03,1.560230683105236160e+01,8.172984707974590128e+05
1.200015250740612061e+02,3.622905726431608286e+01,4.843645046710595125e+03,1.558022498915255660e+01,8.144691929698452586e+05
1.200553896710427466e+02,3.620405101275319026e+01,4.836059642935639204e+03,1.555809051813923638e+01,8.116344777211039327e+05
1.201093387551372160e+02,3.617904476119030477e+01,4.828459789751442258e+03,1.553590343796195761e+01,8.087943909232110018e+05
1.201633727534976259e+02,3.615403850962741217e+01,4.820845501224630425e+03,1.551366376962943150e+01,8.059489988699016394e+05
1.202174920959026991e+02,3.612903225806451246e+01,4.813216791751387973e+03,1.549137153521586185e+01,8.030983682746227132e+05
1.202716972147765659e+02,3.610402600650163407e+01,4.805573676059148056e+03,1.546902675786719250e+01,8.002425662684240378e+05
1.203259885452086593e+02,3.607901975493873437e+01,4.797916169208312567e+03,1.544662946180742225e+01,7.973816603978077183e+05
1.203803665249735246e+02,3.605401350337584176e+01,4.790244286593990182e+03,1.542417967234496778e+01,7.945157186225322075e+05
1.204348315945510279e+02,3.602900725181296337e+01,4.782558043947692568e+03,1.540167741587893957e+01,7.916448093133555958e+05
1.204893841971468049e+02,3.600400100025006367e+01,4.774857457339039684e+03,1.537912271990542656e+01,7.887690012497273274e+05
1.205440247787125543e+02,3.597899474868718528e+01,4.767142543177513289e+03,1.535651561302391954e+01,7.858883636174481362e+05
1.205987537879669844e+02,3.595398849712428557e+01,4.759413318214125866e+03,1.533385612494353900e+01,7.830029660062494222e+05
1.206535716764164476e+02,3.592898224556139297e+01,4.751669799543174122e+03,1.531114428648945136e+01,7.801128784073528368e+05
1.207084788983761143e+02,3.590397599399850748e+01,4.743912004603933383e+03,1.528838012960917858e+01,7.772181712109574582e+05
1.207634759109913460e+02,3.587896974243561488e+01,4.736139951182351979e+03,1.526556368737885627e+01,7.743189152036705054e+05
1.208185631742588981e+02,3.585396349087271517e+01,4.728353657412802022e+03,1.524269499400973338e+01,7.714151815659195418e+05
1.208737411510486766e+02,3.582895723930983678e+01,4.720553141779763791e+03,1.521977408485439831e+01,7.685070418692741077e+05
1.209290103071256652e+02,3.580395098774693707e+01,4.712738423119531035e+03,1.519680099641314719e+01,7.655945680737388320e+05
1.209843711111717113e+02,3.577894473618405868e+01,4.704909520621934462e+03,1.517377576634035208e+01,7.626778325249850750e+05
1.210398240348080066e+02,3.575393848462115898e+01,4.697066453832029765e+03,1.515069843345079192e+01,7.597569079515370540e+05
1.210953695526172993e+02,3.572893223305826638e+01,4.689209242651821114e+03,1.512756903772603145e+01,7.568318674619016238e+05
1.211510081421665745e+02,3.570392598149538088e+01,4.681337907341957361e+03,1.510438762032075566e+01,7.539027845416463679e+05
1.212067402840300190e+02,3.567891972993248828e+01,4.673452468523407333e+03,1.508115422356906166e+01,7.509697330504172714e+05
1.212625664618118577e+02,3.565391347836958857e+01,4.665552947179203329e+03,1.505786889099092285e+01,7.480327872189274058e+05
1.213184871621696459e+02,3.562890722680671018e+01,4.657639364656108228e+03,1.503453166729846124e+01,7.450920216458637733e+05
1.213745028748378587e+02,3.560390097524381758e+01,4.649711742666305327e+03,1.501114259840227660e+01,7.421475112947564339e+05
1.214306140926513535e+02,3.557889472368091788e+01,4.641770103289116378e+03,1.498770173141788042e+01,7.391993314908018801e+05
1.214868213115693436e+02,3.555388847211803949e+01,4.633814468972675968e+03,1.496420911467197890e+01,7.362475579176172614e+05
1.215431250306995992e+02,3.552888222055513978e+01,4.625844862535603170e+03,1.494066479770877542e+01,7.332922666139444336e+05
1.215995257523224922e+02,3.550387596899226139e+01,4.617861307168724124e+03,1.491706883129643479e+01,7.303335339703193167e+05
1.216560239819158511e+02,3.547886971742936169e+01,4.609863826436713680e+03,1.489342126743328798e+01,7.273714367256598780e+05
1.217126202281794605e+02,3.545386346586646908e+01,4.601852444279801603e+03,1.486972215935425012e+01,7.244060519638241967e+05
1.217693150030601430e+02,3.542885721430358359e+01,4.593827185015446958e+03,1.484597156153714970e+01,7.214374571101071779e+05
1.218261088217770833e+02,3.540385096274069099e+01,4.585788073339986113e+03,1.482216952970897594e+01,7.184657299276724225e+05
1.218830022028470665e+02,3.537884471117779128e+01,4.577735134330333494e+03,1.479831612085229686e+01,7.154909485139526660e+05
1.219399956681102708e+02,3.535383845961491289e+01,4.569668393445636866e+03,1.477441139321154573e+01,7.125131912969857221e+05
1.219970897427562448e+02,3.532883220805201319e+01,4.561587876528915331e+03,1.475045540629924368e+01,7.095325370316797635e+05
1.220542849553498996e+02,3.530382595648912059e+01,4.553493609808763722e+03,1.472644822090246919e+01,7.065490647960701026e+05
1.221115818378579974e+02,3.527881970492623509e+01,4.545385619900973325e+03,1.470238989908902205e+01,7.035628539874716662e+05
1.221689809256758537e+02,3.525381345336334249e+01,4.537263933810187154e+03,1.467828050421374897e+01,7.005739843186085345e+05
1.222264827576540256e+02,3.522880720180045699e+01,4.529128578931569791e+03,1.465412010092489403e+01,6.975825358136922587e+05
1.222840878761256818e+02,3.520380095023756439e+01,4.520979583052409907e+03,1.462990875517023603e+01,6.945885888044156600e+05
1.223417968269337734e+02,3.517879469867467179e+01,4.512816974353799196e+03,1.460564653420350822e+01,6.915922239259396447e+05
1.223996101594587316e+02,3.515378844711178630e+01,4.504640781412253091e+03,1.458133350659060135e+01,6.885935221127882833e+05
1.224575284266464905e+02,3.512878219554889370e+01,4.496451033201311475e+03,1.455696974221572759e+01,6.855925645946997683e+05
1.225155521850364408e+02,3.510377594398599399e+01,4.488247759093213972e+03,1.453255531228781727e+01,6.825894328924451256e+05
1.225736819947899221e+02,3.507876969242311560e+01,4.480030988860482466e+03,1.450809028934664724e+01,6.795842088135634549e+05
1.226319184197189998e+02,3.505376344086021589e+01,4.471800752677540913e+03,1.448357474726905991e+01,6.765769744480606169e+05
1.226902620273151996e+02,3.502875718929733750e+01,4.463557081122345153e+03,1.445900876127526402e+01,6.735678121640618192e+05
1.227487133887789383e+02,3.500375093773443780e+01,4.455300005177949970e+03,1.443439240793488310e+01,6.705568046033838764e+05
1.228072730790488407e+02,3.497874468617154520e+01,4.447029556234147094e+03,1.440972576517330062e+01,6.675440346770924516e+05
1.228659416768315680e+02,3.495373843460865970e+01,4.438745766089042263e+03,1.438500891227776002e+01,6.645295855609782739e+05
1.229247197646319449e+02,3.492873218304576710e+01,4.430448666950620463e+03,1.436024192990347359e+01,6.615135406909799203e+05
1.229836079287831154e+02,3.490372593148286740e+01,4.422138291438366650e+03,1.433542490007988590e+01,6.584959837585806381e+05
1.230426067594772377e+02,3.487871967991998901e+01,4.413814672584811888e+03,1.431055790621672408e+01,6.554769987061257707e+05
1.231017168507964925e+02,3.485371342835708930e+01,4.405477843837108594e+03,1.428564103311013156e+01,6.524566697220958304e+05
1.231609388007440344e+02,3.482870717679419670e+01,4.397127839058600330e+03,1.426067436694881074e+01,6.494350812363389414e+05
1.232202732112756252e+02,3.480370092523131120e+01,4.388764692530374305e+03,1.423565799532007681e+01,6.464123179152330849e+05
1.232797206883314800e+02,3.477869467366841860e+01,4.380388438952794786e+03,1.421059200721591154e+01,6.433884646568082971e+05
1.233392818418681145e+02,3.475368842210554021e+01,4.371999113447073796e+03,1.418547649303909530e+01,6.403636065858177608e+05
1.233989572858910293e+02,3.472868217054264051e+01,4.363596751556780873e+03,1.416031154460917030e+01,6.373378290487509221e+05
1.234587476384871252e+02,3.470367591897974791e+01,4.355181389249385575e+03,1.413509725516850324e+01,6.343112176087994594e+05
1.235186535218578143e+02,3.467866966741686241e+01,4.346753062917778152e+03,1.410983371938830544e+01,6.312838580407756381e+05
1.235786755623524726e+02,3.465366341585396981e+01,4.338311809381759304e+03,1.408452103337452677e+01,6.282558363259644248e+05
1.236388143905018353e+02,3.462865716429107010e+01,4.329857665889581767e+03,1.405915929467395920e+01,6.252272386469532503e+05
1.236990706410520460e+02,3.460365091272819171e+01,4.321390670119427341e+03,1.403374860228009702e+01,6.221981513823851710e+05
1.237594449529990612e+02,3.457864466116529201e+01,4.312910860180887539e+03,1.400828905663905388e+01,6.191686611016687239e+05
1.238199379696230267e+02,3.455363840960241362e+01,4.304418274616464259e+03,1.398278075965551892e+01,6.161388545596494805e+05
1.238805503385234346e+02,3.452863215803951391e+01,4.295912952403024974e+03,1.395722381469859386e+01,6.131088186912164092e+05
1.239412827116542246e+02,3.450362590647662131e+01,4.287394932953287935e+03,1.393161832660771893e+01,6.100786406058749417e+05
1.240021357453594391e+02,3.447861965491373581e+01,4.278864256117263722e+03,1.390596440169846026e+01,6.070484075822548475e+05
1.240631101004093182e+02,3.445361340335084321e+01,4.270320962183684969e+03,1.388026214776828837e+01,6.040182070625735214e+05
1.241242064420363675e+02,3.442860715178794351e+01,4.261765091881482476e+03,1.385451167410248097e+01,6.009881266470671399e+05
1.241854254399721214e+02,3.440360090022506512e+01,4.253196686381192194e+03,1.382871309147983219e+01,5.979582540883558104e+05
1.242467677684842613e+02,3.437859464866216541e+01,4.244615787296357666e+03,1.380286651217833516e+01,5.949286772857550532e+05
1.243082341064137353e+02,3.435358839709927281e+01,4.236022436684978857e+03,1.377697204998103153e+01,5.918994842795707518e+05
1.243698251372126009e+02,3.432858214553639442e+01,4.227416677050877297e+03,1.375102982018159459e+01,5.888707632453135448e+05
1.244315415489822385e+02,3.430357589397349471e+01,4.218798551345094893e+03,1.372503993959002422e+01,5.858426024878828321e+05
1.244933840345115357e+02,3.427856964241061632e+01,4.210168102967288178e+03,1.369900252653832240e+01,5.828150904357082909e+05
1.245553532913159955e+02,3.425356339084771662e+01,4.201525375767075275e+03,1.367291770088604430e+01,5.797883156348322518e+05
1.246174500216767171e+02,3.422855713928482402e+01,4.192870414045407415e+03,1.364678558402590802e+01,5.767623667429557536e+05
1.246796749326800722e+02,3.420355088772193852e+01,4.184203262555923175e+03,1.362060629888938479e+01,5.737373325234457152e+05
1.247420287362578080e+02,3.417854463615904592e+01,4.175523966506260876e+03,1.359437996995212217e+01,5.707133018392724916e+05
1.248045121492271790e+02,3.415353838459614622e+01,4.166832571559412827e+03,1.356810672323953959e+01,5.676903636469369521e+05
1.248671258933318313e+02,3.412853213303326783e+01,4.158129123835032260e+03,1.354178668633224980e+01,5.646686069903302705e+05
1.249298706952830713e+02,3.410352588147036812e+01,4.149413669910709359e+03,1.351541998837141811e+01,5.616481209945467999e+05
1.249927472868012046e+02,3.407851962990747552e+01,4.140686256823308213e+03,1.348900676006428512e+01,5.586289948596837930e+05
1.250557564046576147e+02,3.405351337834459002e+01,4.131946932070220100e+03,1.346254713368945666e+01,5.556113178545661503e+05
1.251188987907172532e+02,3.402850712678169742e+01,4.123195743610626778e+03,1.343604124310221337e+01,5.525951793104404351e+05
1.251821751919812158e+02,3.400350087521881193e+01,4.114432739866773773e+03,1.340948922373985397e+01,5.495806686146375723e+05
1.252455863606302273e+02,3.397849462365591933e+01,4.105657969725194562e+03,1.338289121262691239e+01,5.465678752041790867e+05
1.253091330540680559e+02,3.395348837209301962e+01,4.096871482537962947e+03,1.335624734838043359e+01,5.435568885593537707e+05
1.253728160349657088e+02,3.392848212053014123e+01,4.088073328123899955e+03,1.332955777121513208e+01,5.405477981972525595e+05
1.254366360713060260e+02,3.390347586896724863e+01,4.079263556769761180e+03,1.330282262294848294e+01,5.375406936652506702e+05
1.255005939364284586e+02,3.387846961740434892e+01,4.070442219231463696e+03,1.327604204700595147e+01,5.345356645344779827e+05
1.255646904090745721e+02,3.385346336584147053e+01,4.061609366735242020e+03,1.324921618842599358e+01,5.315328003932265565e+05
1.256289262734340326e+02,3.382845711427857083e+01,4.052765050978809086e+03,1.322234519386506868e+01,5.285321908403277630e+05
1.256933023191906358e+02,3.380345086271569244e+01,4.043909324132528582e+03,1.319542921160272542e+01,5.255339254785022931e+05
1.257578193415694017e+02,3.377844461115279273e+01,4.035042238840518621e+03,1.316846839154641735e+01,5.225380939076521317e+05
1.258224781413835274e+02,3.375343835958990013e+01,4.026163848221810440e+03,1.314146288523656381e+01,5.195447857181451982e+05
1.258872795250822634e+02,3.372843210802701464e+01,4.017274205871441154e+03,1.311441284585134071e+01,5.165540904840409057e+05
1.259522243047991736e+02,3.370342585646412203e+01,4.008373365861534239e+03,1.308731842821148916e+01,5.135660977562867920e+05
1.260173132984006088e+02,3.367841960490122233e+01,3.999461382742395017e+03,1.306017978878513652e+01,5.105808970558885485e+05
1.260825473295349894e+02,3.365341335333834394e+01,3.990538311543579312e+03,1.303299708569256232e+01,5.075985778670451837e+05
1.261479272276825725e+02,3.362840710177544423e+01,3.981604207774916631e+03,1.300577047871080616e+01,5.046192296302381437e+05
1.262134538282053597e+02,3.360340085021255163e+01,3.972659127427572912e+03,1.297850012927841412e+01,5.016429417353095487e+05
1.262791279723979159e+02,3.357839459864966614e+01,3.963703126975052783e+03,1.295118620049998981e+01,4.986698035144926980e+05
1.263449505075386412e+02,3.355338834708677354e+01,3.954736263374187274e+03,1.292382885715071694e+01,4.956999042354136473e+05
1.264109222869411866e+02,3.352838209552389515e+01,3.945758594066154274e+03,1.289642826568095479e+01,4.927333330940757296e+05
1.264770441700069910e+02,3.350337584396099544e+01,3.936770176977411666e+03,1.286898459422061158e+01,4.897701792077984428e+05
1.265433170222777477e+02,3.347836959239810284e+01,3.927771070520676858e+03,1.284149801258362089e+01,4.868105316081399797e+05
1.266097417154887950e+02,3.345336334083521734e+01,3.918761333595851738e+03,1.281396869227226887e+01,4.838544792337864055e+05
1.266763191276230884e+02,3.342835708927232474e+01,3.909741025590923982e+03,1.278639680648145038e+01,4.809021109234072501e+05
1.267430501429652878e+02,3.340335083770942504e+01,3.900710206382904289e+03,1.275878253010304597e+01,4.779535154085065587e+05
1.268099356521568382e+02,3.337834458614654665e+01,3.891668936338693129e+03,1.273112603973004298e+01,4.750087813062252826e+05
1.268769765522515343e+02,3.335333833458364694e+01,3.882617276315922481e+03,1.270342751366064604e+01,4.720679971121241106e+05
1.269441737467713409e+02,3.332833208302076855e+01,3.873555287663857143e+03,1.267568713190251195e+01,4.691312511929614702e+05
1.270115281457633074e+02,3.330332583145786884e+01,3.864483032224171893e+03,1.264790507617662207e+01,4.661986317794154165e+05
1.270790406658564677e+02,3.327831957989497624e+01,3.855400572331804142e+03,1.262008152992142307e+01,4.632702269588196068e+05
1.271467122303198209e+02,3.325331332833209075e+01,3.846307970815731096e+03,1.259221667829667091e+01,4.603461246678480529e+05
1.272145437691207519e+02,3.322830707676919815e+01,3.837205290999729186e+03,1.256431070818726958e+01,4.574264126851907931e+05
1.272825362189838501e+02,3.320330082520629844e+01,3.828092596703161689e+03,1.253636380820719154e+01,4.545111786242201924e+05
1.273506905234505950e+02,3.317829457364342005e+01,3.818969952241698593e+03,1.250837616870316360e+01,4.516005099256214453e+05
1.274190076329396533e+02,3.315328832208052035e+01,3.809837422428021910e+03,1.248034798175833693e+01,4.486944938500111457e+05
1.274874885048075299e+02,3.312828207051762774e+01,3.800695072572552817e+03,1.245227944119600672e+01,4.457932174705474754e+05
1.275561341034101019e+02,3.310327581895474225e+01,3.791542968484105586e+03,1.242417074258312404e+01,4.428967676655127434e+05
1.276249454001648473e+02,3.307826956739184965e+01,3.782381176470545597e+03,1.239602208323378818e+01,4.400052311108809081e+05
1.276939233736133161e+02,3.305326331582897126e+01,3.773209763339451001e+03,1.236783366221279046e+01,4.371186942728866125e+05
1.277630690094848376e+02,3.302825706426607155e+01,3.764028796398687973e+03,1.233960568033886318e+01,4.342372434005552786e+05
1.278323833007602843e+02,3.300325081270317895e+01,3.754838343457050996e+03,1.231133834018813289e+01,4.313609645182481618e+05
1.279018672477369165e+02,3.297824456114029346e+01,3.745638472824813107e+03,1.228303184609731069e+01,4.284899434181765537e+05
1.279715218580938938e+02,3.295323830957740086e+01,3.736429253314271591e+03,1.225468640416684707e+01,4.256242656529077212e+05
1.280413481469581427e+02,3.292823205801450115e+01,3.727210754240304141e+03,1.222630222226412933e+01,4.227640165278753266e+05
1.281113471369711760e+02,3.290322580645162276e+01,3.717983045420869075e+03,1.219787951002651383e+01,4.199092810938672046e+05
1.281815198583567792e+02,3.287821955488872305e+01,3.708746197177469185e+03,1.216941847886421968e+01,4.170601441395012080e+05
1.282518673489888670e+02,3.285321330332583045e+01,3.699500280335661046e+03,1.214091934196340006e+01,4.142166901837218902e+05
1.283223906544605200e+02,3.282820705176294496e+01,3.690245366225473390e+03,1.211238231428888312e+01,4.113790034682583064e+05
1.283930908281537313e+02,3.280320080020005236e+01,3.680981526681821379e+03,1.208380761258694669e+01,4.085471679500965402e+05
1.284639689313094948e+02,3.277819454863716686e+01,3.671708834044923151e+03,1.205519545538806803e+01,4.057212672939476324e+05
1.285350260330991432e+02,3.275318829707427426e+01,3.662427361160653163e+03,1.202654606300949069e+01,4.029013848647052655e+05
1.286062632106960280e+02,3.272818204551137455e+01,3.653137181380919628e+03,1.199785965755785355e+01,4.000876037199129933e+05
1.286776815493481649e+02,3.270317579394849616e+01,3.643838368563977383e+03,1.196913646293163325e+01,3.972800066022240790e+05
1.287492821424517331e+02,3.267816954238559646e+01,3.634530997074711195e+03,1.194037670482347657e+01,3.944786759318551631e+05
1.288210660916250276e+02,3.265316329082270386e+01,3.625215141784958178e+03,1.191158061072266960e+01,3.916836937990640872e+05
1.288930345067834367e+02,3.262815703925982547e+01,3.615890878073734257e+03,1.188274840991729420e+01,3.888951419566085679e+05
1.289651885062154406e+02,3.260315078769692576e+01,3.606558281827459268e+03,1.185388033349638626e+01,3.861131018122163368e+05
1.290375292166587542e+02,3.257814453613404737e+01,3.597217429440191154e+03,1.182497661435211356e+01,3.833376544210691936e+05
1.291100577733780312e+02,3.255313828457114766e+01,3.587868397813765114e+03,1.179603748718166223e+01,3.805688804782744264e+05
1.291827753202428255e+02,3.252813203300825506e+01,3.578511264357991422e+03,1.176706318848930088e+01,3.778068603113677818e+05
1.292556830098066882e+02,3.250312578144536957e+01,3.569146106990762291e+03,1.173805395658815875e+01,3.750516738728052587e+05
1.293287820033871753e+02,3.247811952988247697e+01,3.559773004138147826e+03,1.170901003160198250e+01,3.723034007324726554e+05
1.294020734711463376e+02,3.245311327831957726e+01,3.550392034734486970e+03,1.167993165546683265e+01,3.695621200702038477e+05
1.294755585921724332e+02,3.242810702675669887e+01,3.541003278222444351e+03,1.165081907193273913e+01,3.668279106683212449e+05
1.295492385545625496e+02,3.240310077519379917e+01,3.531606814553007553e+03,1.162167252656508687e+01,3.641008509041657671e+05
1.296231145555056798e+02,3.237809452363090656e+01,3.522202724185517127e+03,1.159249226674619315e+01,3.613810187426739722e+05
1.296971878013671642e+02,3.235308827206802107e+01,3.512791088087623393e+03,1.156327854167655467e+01,3.586684917289412697e+05
1.297714595077739261e+02,3.232808202050512847e+01,3.503371987735205039e+03,1.153403160237605896e+01,3.559633469808127848e+05
1.298459308997003063e+02,3.230307576894224297e+01,3.493945505112336377e+03,1.150475170168529360e+01,3.532656611815057695e+05
1.299206032115554876e+02,3.227806951737935037e+01,3.484511722711122729e+03,1.147543909426646103e+01,3.505755105722243898e+05
1.299954776872710625e+02,3.225306326581645067e+01,3.475070723531600379e+03,1.144609403660448166e+01,3.478929709448211361e+05
1.300705555803901632e+02,3.222805701425357228e+01,3.465622591081543305e+03,1.141671678700780923e+01,3.452181176344609121e+05
1.301458381541574738e+02,3.220305076269067968e+01,3.456167409376266733e+03,1.138730760560923372e+01,3.425510255123157986e+05
1.302213266816098667e+02,3.217804451112777997e+01,3.446705262938418400e+03,1.135786675436663806e+01,3.398917689782885718e+05
1.302970224456683752e+02,3.215303825956490158e+01,3.437236236797715264e+03,1.132839449706358081e+01,3.372404219537532190e+05
1.303729267392312181e+02,3.212803200800200187e+01,3.427760416490634270e+03,1.129889109930973135e+01,3.345970578743177466e+05
1.304490408652673921e+02,3.210302575643912348e+01,3.418277888060147234e+03,1.126935682854145071e+01,3.319617496826393181e+05
1.305253661369119413e+02,3.207801950487622378e+01,3.408788738055326576e+03,1.123979195402194264e+01,3.293345698212324642e+05
1.306019038775615968e+02,3.205301325331333118e+01,3.399293053531011537e+03,1.121019674684160705e+01,3.267155902253413224e+05
1.306786554209719498e+02,3.202800700175044568e+01,3.389790922047385720e+03,1.118057147991811107e+01,3.241048823158215964e+05
1.307556221113556489e+02,3.200300075018755308e+01,3.380282431669525522e+03,1.115091642799635174e+01,3.215025169920587796e+05
1.308328053034813649e+02,3.197799449862465693e+01,3.370767670966971764e+03,1.112026844671663639e+01,3.189116296603715746e+05
1.309102063627741188e+02,3.195298824706177498e+01,3.361246729013213098e+03,1.108946503336054690e+01,3.163294825328278239e+05
1.309878266654168044e+02,3.192798199549887883e+01,3.351719695385146679e+03,1.105863818467095605e+01,3.137558413578945911e+05
1.310656675984524497e+02,3.190297574393598268e+01,3.342186660162537009e+03,1.102778819375552644e+01,3.111907984241683153e+05
1.311437305598879561e+02,3.187796949237310073e+01,3.332647713927428413e+03,1.099691535544298304e+01,3.086344252092967508e+05
1.312220169587990597e+02,3.185296324081020458e+01,3.323102947763494285e+03,1.096601996628145237e+01,3.060867913086482440e+05
1.313005282154359179e+02,3.182795698924732264e+01,3.313552453255420460e+03,1.093510232453689213e+01,3.035479650697067846e+05
1.313792657613306289e+02,3.180295073768442649e+01,3.303996322488172154e+03,1.090416273019116566e+01,3.010180138552163844e+05
1.314582310394052342e+02,3.177794448612153033e+01,3.294434648046318216e+03,1.087320148494027983e+01,2.984970041851214482e+05
1.315374255040813694e+02,3.175293823455864839e+01,3.284867523013255322e+03,1.084221889219231016e+01,2.959850018165071961e+05
1.316168506213912508e+02,3.172793198299575224e+01,3.275295040970407626e+03,1.081121525706522490e+01,2.934820717899643350e+05
1.316965078690892881e+02,3.170292573143285608e+01,3.265717295996436860e+03,1.078019088638477108e+01,2.909882784568912466e+05
1.317763987367655716e+02,3.167791947986997414e+01,3.256134382666376496e+03,1.074914608868207999e+01,2.885036854954587179e+05
1.318565247259604973e+02,3.165291322830707799e+01,3.246546396050714975e+03,1.071808117419111817e+01,2.860283559195724083e+05
1.319368873502802728e+02,3.162790697674419960e+01,3.236953431714530780e+03,1.068699645484631588e+01,2.835623520833874354e+05
1.320174881355144691e+02,3.160290072518130344e+01,3.227355585716481073e+03,1.065589224427968951e+01,2.811057356828349293e+05
1.320983286197540849e+02,3.157789447361840729e+01,3.217752954607843094e+03,1.062476885781816449e+01,2.786585677551839617e+05
1.321794103535114857e+02,3.155288822205552535e+01,3.208145635431483242e+03,1.059362661248063198e+01,2.762209086772056180e+05
1.322607348998417081e+02,3.152788197049262919e+01,3.198533725720777056e+03,1.056246582697486502e+01,2.737928181623700657e+05
1.323423038344647011e+02,3.150287571892973304e+01,3.188917323498538735e+03,1.053128682169444552e+01,2.713743552573593915e+05
1.324241187458893592e+02,3.147786946736685110e+01,3.179296527275880635e+03,1.050008991871548858e+01,2.689655783380785724e+05
1.325061812355390032e+02,3.145286321580395494e+01,3.169671436051018645e+03,1.046887544179313601e+01,2.665665451052970602e+05
1.325884929178778577e+02,3.142785696424105879e+01,3.160042149308113494e+03,1.043764371635823096e+01,2.641773125800572452e+05
1.326710554205393180e+02,3.140285071267817685e+01,3.150408767016003821e+03,1.040639506951358229e+01,2.617979370988739538e+05
1.327538703844558370e+02,3.137784446111528069e+01,3.140771389626919245e+03,1.037512983003018618e+01,2.594284743088093237e+05
1.328369394639896939e+02,3.135283820955239875e+01,3.131130118075202972e+03,1.034384832834347456e+01,2.570689791624728241e+05
1.329202643270660076e+02,3.132783195798950260e+01,3.121485053775909819e+03,1.031255089654914947e+01,2.547195059129408037e+05
1.330038466553065746e+02,3.130282570642660644e+01,3.111836298623470157e+03,1.028123786839923959e+01,2.523801081086743216e+05
1.330876881441657247e+02,3.127781945486372450e+01,3.102183954990241546e+03,1.024990957929776059e+01,2.500508385884025192e+05
1.331717905030677684e+02,3.125281320330082835e+01,3.092528125725020800e+03,1.021856636629628312e+01,2.477317494760157133e+05
1.332561554555454677e+02,3.122780695173793220e+01,3.082868914151594709e+03,1.018720856808959496e+01,2.454228921754920739e+05
1.333407847393807231e+02,3.120280070017505381e+01,3.073206424067166154e+03,1.015583652501096168e+01,2.431243173658319865e+05
1.334256801067467109e+02,3.117779444861215765e+01,3.063540759740771591e+03,1.012445057902735535e+01,2.408360749960365065e+05
1.335108433243514412e+02,3.115278819704926150e+01,3.053872025911696255e+03,1.009305107373468147e+01,2.385582142801416339e+05
1.335962761735831350e+02,3.112778194548637956e+01,3.044200327787797505e+03,1.006163835435268439e+01,2.362907836922853312e+05
1.336819804506575338e+02,3.110277569392348340e+01,3.034525771043798159e+03,1.003021276771977277e+01,2.340338309618383937e+05
1.337679579667663745e+02,3.107776944236060146e+01,3.024848461819593922e+03,9.998774662287873483e+00,2.317874030686041806e+05
1.338542105482281954e+02,3.105276319079770531e+01,3.015168506718436220e+03,9.967324388116875156e+00,2.295515462380647368e+05
1.339407400366403351e+02,3.102775693923480915e+01,3.005486012805160954e+03,9.935862296869235166e+00,2.273263059367153037e+05
1.340275482890331205e+02,3.100275068767192721e+01,2.995801087604306758e+03,9.904388741804194041e+00,2.251117268674520019e+05
1.341146371780258733e+02,3.097774443610903106e+01,2.986113839098227800e+03,9.872904077772000520e+00,2.229078529650444980e+05
1.342020085919842529e+02,3.095273818454613490e+01,2.976424375725180198e+03,9.841408661208019382e+00,2.207147273916852719e+05
1.342896644351800148e+02,3.092773193298325296e+01,2.966732806377339330e+03,9.809902850126626106e+00,2.185323925326132739e+05
1.343776066279524457e+02,3.090272568142035681e+01,2.957039240398761194e+03,9.778387004114916792e+00,2.163608899918158131e+05
1.344658371068714189e+02,3.087771942985747486e+01,2.947343787583381527e+03,9.746861484326517555e+00,2.142002605878303875e+05
1.345543578249029792e+02,3.085271317829457871e+01,2.937646558172865298e+03,9.715326653474935625e+00,2.120505443496080406e+05
1.346431707515761502e+02,3.082770692673168256e+01,2.927947662854512600e+03,9.683782875827050773e+00,2.099117805124843726e+05
1.347322778731522988e+02,3.080270067516880061e+01,2.918247212759065405e+03,9.652230517196313642e+00,2.077840075142278220e+05
1.348216811927963761e+02,3.077769442360590446e+01,2.908545319458466565e+03,9.620669944935761109e+00,2.056672629911765980e+05
1.349113827307498354e+02,3.075268817204301186e+01,2.898842094963639283e+03,9.589101527931116919e+00,2.035615837744806486e+05
1.350013845245059940e+02,3.072768192048012992e+01,2.889137651722162445e+03,9.557525636593515728e+00,2.014670058864228486e+05
1.350916886289875549e+02,3.070267566891723376e+01,2.879432102615914118e+03,9.525942642852154307e+00,1.993835645368380065e+05
1.351822971167257208e+02,3.067766941735433761e+01,2.869725560958702772e+03,9.494352920146873487e+00,1.973112941196342290e+05
1.352732120780418938e+02,3.065266316579145567e+01,2.860018140493837564e+03,9.462756843420550013e+00,1.952502282094075345e+05
1.353644356212316211e+02,3.062765691422855951e+01,2.850309955391630865e+03,9.431154789111259262e+00,1.932003995581486379e+05
1.354559698727501598e+02,3.060265066266567757e+01,2.840601120246921255e+03,9.399547135144489474e+00,1.911618400920646964e+05
1.355478169774010553e+02,3.057764441110278142e+01,2.830891750076465996e+03,9.367934260924952738e+00,1.891345809084822540e+05
1.356399790985261973e+02,3.055263815953988527e+01,2.821181960316386267e+03,9.336316547328532778e+00,1.871186522728732089e+05
1.357324584181987746e+02,3.052763190797700332e+01,2.811471866819498246e+03,9.304694376693875668e+00,1.851140836159685277e+05
1.358252571374183617e+02,3.050262565641410717e+01,2.801761585852611461e+03,9.273068132813859776e+00,1.831209035309781902e+05
1.359183774763080521e+02,3.047761940485121102e+01,2.792051234093825769e+03,9.241438200927060365e+00,1.811391397709269368e+05
1.360118216743144046e+02,3.045261315328832907e+01,2.782340928629731934e+03,9.209804967708901557e+00,1.791688192460838472e+05
1.361055919904097777e+02,3.042760690172543292e+01,2.772630786952589460e+03,9.178168821262701726e+00,1.772099680215029512e+05
1.361996907032965964e+02,3.040260065016255098e+01,2.762920926957486699e+03,9.146530151110699336e+00,1.752626113146808930e+05
1.362941201116148591e+02,3.037759439859965482e+01,2.753211466939395450e+03,9.114889348184686213e+00,1.733267734933072352e+05
1.363888825341514632e+02,3.035258814703675867e+01,2.743502525590241021e+03,9.083246804816724307e+00,1.714024780731399951e+05
1.364839803100525160e+02,3.032758189547388028e+01,2.733794221995907719e+03,9.051602914729611982e+00,1.694897477159871196e+05
1.365794157990383155e+02,3.030257564391098413e+01,2.724086675633162031e+03,9.019958073027096290e+00,1.675886042277913948e+05
1.366751913816203512e+02,3.027756939234808797e+01,2.714380006366604903e+03,8.988312676184177619e+00,1.656990685568452755e+05
1.367713094593215715e+02,3.025256314078520603e+01,2.704674334445521254e+03,8.956667122037066164e+00,1.638211607921057730e+05
1.368677724548992671e+02,3.022755688922230988e+01,2.694969780500676279e+03,8.925021809772953674e+00,1.619549001616219175e+05
1.369645828125702280e+02,3.020255063765941372e+01,2.685266465541136313e+03,8.893377139919870444e+00,1.601003050310931285e+05
1.370617429982391684e+02,3.017754438609653178e+01,2.675564510950974181e+03,8.861733514336160411e+00,1.582573929025277030e+05
1.371592554997299374e+02,3.015253813453363563e+01,2.665864038485945457e+03,8.830091336199842544e+00,1.564261804130217643e+05
1.372571228270189749e+02,3.012753188297075368e+01,2.656165170270149247e+03,8.798451009997929617e+00,1.546066833336611744e+05
1.373553475124726333e+02,3.010252563140785753e+01,2.646468028792600307e+03,8.766812941515450319e+00,1.527989165685343323e+05
1.374539321110864307e+02,3.007751937984496138e+01,2.636772736903797067e+03,8.735177537824442950e+00,1.510028941538688669e+05
1.375528792007278867e+02,3.005251312828207944e+01,2.627079417812216434e+03,8.703545207272709305e+00,1.492186292572852981e+05
1.376521913823824548e+02,3.002750687671918328e+01,2.617388195080741298e+03,8.671916359472351843e+00,1.474461341771642037e+05
1.377518712804018151e+02,3.000250062515628713e+01,2.607699192623116232e+03,8.640291405288381910e+00,1.456854203421494167e+05
1.378519215427559459e+02,2.997749437359340519e+01,2.598012534700283140e+03,8.608670756826938941e+00,1.439364983107567241e+05
1.379523448412881805e+02,2.995248812203050903e+01,2.588328345916685066e+03,8.577054827423395977e+00,1.421993777711077128e+05
1.380531438719731057e+02,2.992748187046761288e+01,2.578646751216569101e+03,8.545444031630468729e+00,1.404740675407945237e+05
1.381543213551780127e+02,2.990247561890473449e+01,2.568967875880191968e+03,8.513838785205964044e+00,1.387605755668547645e+05
1.382558800359277029e+02,2.987746936734183834e+01,2.559291845519975141e+03,8.482239505100418242e+00,1.370589089258726744e+05
1.383578226841721062e+02,2.985246311577895639e+01,2.549618786076679044e+03,8.450646609444726565e+00,1.353690738242120133e+05
1.384601520950579641e+02,2.982745686421606024e+01,2.539948823815447668e+03,8.419060517537388932e+00,1.336910755983591953e+05
1.385628710892032132e+02,2.980245061265316409e+01,2.530282085321861359e+03,8.387481649831752151e+00,1.320249187153995153e+05
1.386659825129753187e+02,2.977744436109028214e+01,2.520618697497933226e+03,8.355910427923072703e+00,1.303706067736166442e+05
1.387694892387731329e+02,2.975243810952738599e+01,2.510958787558021868e+03,8.324347274535298880e+00,1.287281425032098923e+05
1.388733941653117654e+02,2.972743185796448984e+01,2.501302483024760932e+03,8.292792613507893762e+00,1.270975277671467920e+05
1.389777002179116323e+02,2.970242560640160789e+01,2.491649911724892718e+03,8.261246869782340241e+00,1.254787635621330410e+05
1.390824103487911714e+02,2.967741935483871174e+01,2.482001201785045396e+03,8.229710469388466620e+00,1.238718500197061803e+05
1.391875275373625982e+02,2.965241310327582980e+01,2.472356481627535686e+03,8.198183839430834396e+00,1.222767864074668469e+05
1.392930547905324090e+02,2.962740685171293364e+01,2.462715879966021930e+03,8.166667408074633983e+00,1.206935711304176803e+05
1.393989951430046972e+02,2.960240060015003749e+01,2.453079525801207637e+03,8.135161604531747415e+00,1.191222017324459302e+05
1.395053516575891024e+02,2.957739434858715555e+01,2.443447548416432710e+03,8.103666859046422033e+00,1.175626748979188706e+05
1.396121274255125115e+02,2.955238809702425939e+01,2.433820077373218282e+03,8.072183602880798503e+00,1.160149864534071967e+05
1.397193255667343124e+02,2.952738184546136324e+01,2.424197242506827024e+03,8.040712268300470811e+00,1.144791313695438294e+05
1.398269492302662513e+02,2.950237559389848485e+01,2.414579173921707024e+03,8.009253288559680328e+00,1.129551037629971979e+05
1.399350015944962422e+02,2.947736934233558870e+01,2.404966001986898846e+03,7.977807097886348231e+00,1.114428968985722022e+05
1.400434858675159830e+02,2.945236309077269254e+01,2.395357857331447121e+03,7.946374131467148771e+00,1.099425031914454885e+05
1.401524052874532060e+02,2.942735683920981060e+01,2.385754870839710748e+03,7.914954825432221952e+00,1.084539142095178104e+05
1.402617631228082189e+02,2.940235058764691445e+01,2.376157173646626688e+03,7.883549616839742313e+00,1.069771206758922635e+05
1.403715626727942833e+02,2.937734433608403251e+01,2.366564897132977876e+03,7.852158943660476176e+00,1.055121124714847683e+05
1.404818072676831946e+02,2.935233808452113635e+01,2.356978172920537418e+03,7.820783244761943642e+00,1.040588786377503711e+05
1.405925002691544137e+02,2.932733183295824020e+01,2.347397132867248274e+03,7.789422959892687182e+00,1.026174073795448785e+05
1.407036450706494577e+02,2.930232558139535826e+01,2.337821909062295617e+03,7.758078529666165402e+00,1.011876860681037360e+05
1.408152450977308092e+02,2.927731932983246210e+01,2.328252633821135532e+03,7.726750395544519812e+00,9.976970124414462771e+04
1.409273038084449183e+02,2.925231307826956595e+01,2.318689439680524174e+03,7.695438999822321158e+00,9.836343862110306509e+04
1.410398246936905480e+02,2.922730682670668401e+01,2.309132459393445970e+03,7.664144785609972033e+00,9.696888308848140878e+04
1.411528112775919510e+02,2.920230057514378785e+01,2.299581825924012719e+03,7.632868196817030437e+00,9.558601871532681980e+04
1.412662671178761968e+02,2.917729432358090591e+01,2.290037672442347684e+03,7.601609678135445414e+00,9.421482875383402279e+04
1.413801958062564665e+02,2.915228807201800976e+01,2.280500132319351906e+03,7.570369675022432077e+00,9.285529564306308748e+04
1.414946009688193840e+02,2.912728182045511360e+01,2.270969339121508256e+03,7.539148633683433687e+00,9.150740101278907969e+04
1.416094862664181164e+02,2.910227556889223166e+01,2.261445426605578632e+03,7.507947001054739111e+00,9.017112568746591569e+04
1.417248553950706480e+02,2.907726931732933906e+01,2.251928528713258402e+03,7.476765224785959063e+00,8.884644969031224900e+04
1.418407120863626290e+02,2.905226306576644291e+01,2.242418779565825389e+03,7.445603753222460597e+00,8.753335224752215436e+04
1.419570601078562220e+02,2.902725681420356096e+01,2.232916313458707918e+03,7.414463035387544920e+00,8.623181179259167402e+04
1.420739032635043770e+02,2.900225056264066481e+01,2.223421264855985555e+03,7.383343520964378293e+00,8.494180597076160484e+04
1.421912453940698242e+02,2.897724431107776866e+01,2.213933768384921677e+03,7.352245660278042827e+00,8.366331164358979731e+04
1.423090903775504898e+02,2.895223805951488671e+01,2.204453958830367810e+03,7.321169904277137874e+00,8.239630489362889784e+04
1.424274421296102844e+02,2.892723180795199056e+01,2.194981971129153408e+03,7.290116704515331669e+00,8.114076102922612336e+04
1.425463046040152051e+02,2.890222555638910862e+01,2.185517940364449714e+03,7.259086513132828600e+00,7.989665458944189595e+04
1.426656817930760326e+02,2.887721930482621246e+01,2.176062001760045405e+03,7.228079782837529166e+00,7.866395934907835908e+04
1.427855777280961433e+02,2.885221305326331631e+01,2.166614290674626773e+03,7.197096966886199709e+00,7.744264832382820896e+04
1.429059964798257454e+02,2.882720680170043437e+01,2.157174942595976063e+03,7.166138519065368584e+00,7.623269377553337836e+04
1.430269421589224805e+02,2.880220055013753822e+01,2.147744093135105686e+03,7.135204893671995841e+00,7.503406721755312174e+04
1.431484189164173131e+02,2.877719429857464206e+01,2.138321878020425174e+03,7.104296545494253046e+00,7.384673942025472934e+04
1.432704309441874670e+02,2.875218804701176012e+01,2.128908433091787629e+03,7.073413929791889210e+00,7.267068041660444578e+04
1.433929824754357298e+02,2.872718179544886397e+01,2.119503894294502061e+03,7.042557502276486581e+00,7.150585950787040929e+04
1.435160777851754403e+02,2.870217554388596781e+01,2.110108397673352556e+03,7.011727719091717326e+00,7.035224526943948877e+04
1.436397211907228666e+02,2.867716929232308587e+01,2.100722079366518301e+03,6.980925036793276917e+00,6.920980555673634808e+04
1.437639170521960921e+02,2.865216304076019327e+01,2.091345075599450865e+03,6.950149912328670077e+00,6.807850751124783710e+04
1.438886697730199273e+02,2.862715678919731133e+01,2.081977522678768764e+03,6.919402803017034920e+00,6.695831756666100409e+04
1.440139838004389503e+02,2.860215053763441517e+01,2.072619556986010593e+03,6.888684166528502573e+00,6.584920145509309077e+04
1.441398636260361457e+02,2.857714428607151902e+01,2.063271314971446827e+03,6.857994460863735320e+00,6.475112421343632741e+04
1.442663137862595875e+02,2.855213803450863708e+01,2.053932933147778385e+03,6.827334144333095267e+00,6.366405018979696615e+04
1.443933388629561705e+02,2.852713178294574092e+01,2.044604548083793134e+03,6.796703675535646028e+00,6.258794305003347108e+04
1.445209434839119638e+02,2.850212553138284477e+01,2.035286296398043078e+03,6.766103513338236120e+00,6.152276578440263256e+04
1.446491323234006927e+02,2.847711927981996283e+01,2.025978314752405595e+03,6.735534116854179132e+00,6.046848071429332776e+04
1.447779101027396678e+02,2.845211302825706667e+01,2.016680739845624430e+03,6.704995945421861059e+00,5.942504949906030379e+04
1.449072815908526195e+02,2.842710677669418473e+01,2.007393708406856149e+03,6.674489458583356516e+00,5.839243314295762684e+04
1.450372516048414582e+02,2.840210052513128858e+01,1.998117357189082213e+03,6.644015116062603532e+00,5.737059200215545570e+04
1.451678250105646271e+02,2.837709427356839242e+01,1.988851822962577444e+03,6.613573377743734660e+00,5.635948579185907147e+04
1.452990067232243234e+02,2.835208802200551048e+01,1.979597242508274576e+03,6.583164703649082128e+00,5.535907359351227205e+04
1.454308017079617912e+02,2.832708177044261433e+01,1.970353752611086520e+03,6.552789553917016896e+00,5.436931386208905315e+04
1.455632149804601738e+02,2.830207551887971817e+01,1.961121490053238631e+03,6.522448388779819695e+00,5.339016443347805034e+04
1.456962516075563769e+02,2.827706926731683623e+01,1.951900591607515707e+03,6.492141668541259847e+00,5.242158253194818099e+04
1.458299167078614289e+02,2.825206301575394008e+01,1.942691194030458973e+03,6.461869853554003562e+00,5.146352477769732650e+04
1.459642154523888280e+02,2.822705676419104392e+01,1.933493434055585794e+03,6.431633404197085291e+00,5.051594719448967953e+04
1.460991530651922687e+02,2.820205051262816554e+01,1.924307448386505712e+03,6.401432780853028248e+00,4.957880521736796800e+04
1.462347348240122926e+02,2.817704426106526938e+01,1.915133373690014196e+03,6.371268443884891219e+00,4.865205370044594747e+04
1.463709660609312664e+02,2.815203800950238744e+01,1.905971346589184577e+03,6.341140853613282502e+00,4.773564692478194047e+04
1.465078521630385353e+02,2.812703175793949129e+01,1.896821503656353570e+03,6.311050470293037229e+00,4.682953860632183205e+04
1.466453985731039040e+02,2.810202550637659513e+01,1.887683981406142038e+03,6.280997754089977292e+00,4.593368190392234828e+04
1.467836107902612639e+02,2.807701925481371319e+01,1.878558916288394130e+03,6.250983165057421687e+00,4.504802942744304164e+04
1.469224943707018554e+02,2.805201300325081704e+01,1.869446444681060257e+03,6.221007163112468596e+00,4.417253324590528791e+04
1.470620549283765968e+02,2.802700675168792088e+01,1.860346702883114631e+03,6.191070208012416920e+00,4.330714489572843013e+04
1.472022981357089861e+02,2.800200050012503894e+01,1.851259827107369574e+03,6.161172759330815651e+00,4.245181538902405737e+04
1.473432297243182347e+02,2.797699424856214279e+01,1.842185953473264362e+03,6.131315276433422667e+00,4.160649522195745521e+04
1.474848554857516376e+02,2.795198799699926084e+01,1.833125217999669076e+03,6.101498218454213252e+00,4.077113438317552936e+04
1.476271812722286825e+02,2.792698174543636469e+01,1.824077756597567713e+03,6.071722044270977392e+00,3.994568236228808382e+04
1.477702129973944807e+02,2.790197549387346854e+01,1.815043705062797244e+03,6.041987212481087610e+00,3.913008815841611795e+04
1.479139566370847092e+02,2.787696924231058659e+01,1.806023199068686608e+03,6.012294181376930169e+00,3.832430028879065503e+04
1.480584182301014948e+02,2.785196299074769044e+01,1.797016374158676854e+03,5.982643408921268779e+00,3.752826679740829422e+04
1.482036038789995871e+02,2.782695673918479429e+01,1.788023365738935354e+03,5.953035352722577223e+00,3.674193526374160137e+04
1.483495197508846104e+02,2.780195048762191590e+01,1.779044309070911368e+03,5.923470470010161470e+00,3.596525281149816146e+04
1.484961720782226564e+02,2.777694423605901974e+01,1.770079339263840438e+03,5.893949217609120161e+00,3.519816611742685927e+04
1.486435671596607904e+02,2.775193798449612359e+01,1.761128591267276761e+03,5.864472051915369910e+00,3.444062142017581209e+04
1.487917113608601198e+02,2.772693173293324165e+01,1.752192199863541646e+03,5.835039428870399725e+00,3.369256452919077128e+04
1.489406111153408574e+02,2.770192548137034549e+01,1.743270299660137653e+03,5.805651803935891309e+00,3.295394083365521510e+04
1.490902729253386667e+02,2.767691922980746355e+01,1.734363025082192280e+03,5.776309632068433508e+00,3.222469531147642556e+04
1.492407033626747932e+02,2.765191297824456740e+01,1.725470510364785241e+03,5.747013367693843300e+00,3.150477253830246991e+04
1.493919090696373360e+02,2.762690672668167124e+01,1.716592889545331673e+03,5.717763464681659080e+00,3.079411669658233222e+04
1.495438967598762758e+02,2.760190047511878930e+01,1.707730296455873940e+03,5.688560376319322209e+00,3.009267158465478860e+04
1.496966732193114638e+02,2.757689422355589315e+01,1.698882864715362530e+03,5.659404555286318583e+00,2.940038062587139939e+04
1.498502453070530294e+02,2.755188797199299700e+01,1.690050727721933072e+03,5.630296453628293563e+00,2.871718687775006401e+04
1.500046199563360574e+02,2.752688172043011505e+01,1.681234018645129481e+03,5.601236522730975054e+00,2.804303304115471110e+04
1.501598041754687358e+02,2.750187546886721890e+01,1.672432870418085258e+03,5.572225213293964252e+00,2.737786146949914837e+04
1.503158050487937771e+02,2.747686921730432275e+01,1.663647415729737759e+03,5.543262975304602769e+00,2.672161417797849208e+04
1.504726297376646187e+02,2.745186296574144080e+01,1.654877787016960156e+03,5.514350258011581296e+00,2.607423285281742210e+04
1.506302854814358909e+02,2.742685671417854465e+01,1.646124116456670890e+03,5.485487509898450575e+00,2.543565886053751456e+04
1.507887795984676984e+02,2.740185046261566626e+01,1.637386535957977003e+03,5.456675178657234504e+00,2.480583325724548922e+04
1.509481194871459024e+02,2.737684421105277011e+01,1.628665177154203548e+03,5.427913711161670207e+00,2.418469679792948591e+04
1.511083126269161028e+02,2.735183795948987395e+01,1.619960171394992358e+03,5.399203553440646175e+00,2.357218994577400008e+04
1.512693665793339051e+02,2.732683170792699201e+01,1.611271649738309407e+03,5.370545150651350852e+00,2.296825288148030450e+04
1.514312889891305929e+02,2.730182545636409586e+01,1.602599742942448756e+03,5.341938947052387476e+00,2.237282551259606407e+04
1.515940875852939200e+02,2.727681920480119970e+01,1.593944581458042649e+03,5.313385385976899578e+00,2.178584748285229580e+04
1.517577701821655864e+02,2.725181295323831776e+01,1.585306295420021570e+03,5.284884909805528608e+00,2.120725818150219493e+04
1.519223446805552555e+02,2.722680670167542161e+01,1.576685014639541123e+03,5.256437959939246340e+00,2.063699675266007398e+04
1.520878190688700613e+02,2.720180045011253966e+01,1.568080868595950506e+03,5.228044976772316055e+00,2.007500210464396150e+04
1.522542014242624475e+02,2.717679419854964351e+01,1.559493986428656399e+03,5.199706399664899337e+00,1.952121291930896768e+04
1.524214999137937809e+02,2.715178794698674736e+01,1.550924496929055067e+03,5.171422666915877819e+00,1.897556766138172679e+04
1.525897227956163249e+02,2.712678169542386541e+01,1.542372528532387605e+03,5.143194215735415575e+00,1.843800458778323082e+04
1.527588784201728629e+02,2.710177544386096926e+01,1.533838209309582453e+03,5.115021482217462001e+00,1.790846175694261910e+04
1.529289752314135740e+02,2.707676919229807311e+01,1.525321666959130880e+03,5.086904901312355065e+00,1.738687703810230232e+04
1.531000217680321214e+02,2.705176294073519117e+01,1.516823028798893347e+03,5.058844906799198071e+00,1.687318812060638083e+04
1.532720266647202436e+02,2.702675668917229501e+01,1.508342421757899956e+03,5.030841931258187572e+00,1.636733252317313054e+04
1.534449986534405923e+02,2.700175043760939886e+01,1.499879972368173640e+03,5.002896406043028321e+00,1.586924760315248022e+04
1.536189465647195505e+02,2.697674418604652047e+01,1.491435806756507418e+03,4.975008761253166156e+00,1.537887056576083887e+04
1.537938793289597470e+02,2.695173793448362431e+01,1.483010050636216420e+03,4.947179425705941824e+00,1.489613847329339478e+04
1.539698059777715002e+02,2.692673168292074237e+01,1.474602829298935148e+03,4.919408826908878041e+00,1.442098825431549449e+04
1.541467356453259754e+02,2.690172543135784622e+01,1.466214267606329486e+03,4.891697391031683217e+00,1.395335671282369731e+04
1.543246775697274131e+02,2.687671917979495007e+01,1.457844489981870765e+03,4.864045542878433714e+00,1.349318053738225535e+04
1.545036410944074987e+02,2.685171292823206812e+01,1.449493620402553688e+03,4.836453705859581120e+00,1.304039631022736648e+04
1.546836356695407630e+02,2.682670667666917197e+01,1.441161782390600365e+03,4.808922301963888479e+00,1.259494051633821255e+04
1.548646708534810159e+02,2.680170042510627582e+01,1.432849099005210974e+03,4.781451751730518396e+00,1.215674955247755679e+04
1.550467563142205449e+02,2.677669417354339387e+01,1.424555692834253250e+03,4.754042474220911529e+00,1.172575973619268370e+04
1.552299018308718814e+02,2.675168792198049772e+01,1.416281685985950617e+03,4.726694886990640221e+00,1.130190731477886948e+04
1.554141172951712520e+02,2.672668167041761578e+01,1.408027200080616922e+03,4.699409406061416661e+00,1.088512847420559046e+04
1.555994127130067852e+02,2.670167541885471962e+01,1.399792356242308188e+03,4.672186445892815065e+00,1.047535934799693132e+04
1.557857982059688311e+02,2.667666916729182347e+01,1.391577275090542344e+03,4.645026419354205238e+00,1.007253602607182802e+04
1.559732840129252622e+02,2.665166291572894153e+01,1.383382076731980760e+03,4.617929737696552905e+00,9.676594563537402792e+03
1.561618804916211900e+02,2.662665666416604537e+01,1.375206880752091820e+03,4.590896810524154326e+00,9.287470989433910290e+03
1.563515981203026683e+02,2.660165041260314922e+01,1.367051806206865649e+03,4.563928045766519226e+00,8.905101315433439595e+03
1.565424474993664319e+02,2.657664416104026728e+01,1.358916971614485874e+03,4.537023849650119622e+00,8.529421544485756385e+03
1.567344393530355831e+02,2.655163790947737112e+01,1.350802494946996376e+03,4.510184626670094232e+00,8.160367679411392601e+03
1.569275845310602620e+02,2.652663165791447852e+01,1.342708493622023070e+03,4.483410779562137627e+00,7.797875731443139557e+03
1.571218940104460557e+02,2.650162540635159658e+01,1.334635084494442026e+03,4.456702709274199314e+00,7.441881728709210620e+03
1.573173788972093519e+02,2.647661915478870043e+01,1.326582383848063046e+03,4.430060814938221903e+00,7.092321724659466781e+03
1.575140504281592655e+02,2.645161290322581848e+01,1.318550507387358493e+03,4.403485493842024034e+00,6.749131806434585087e+03
1.577119199727091257e+02,2.642660665166292233e+01,1.310539570229127548e+03,4.376977141400954174e+00,6.412248103171528783e+03
1.579109990347149619e+02,2.640160040010002618e+01,1.302549686894241631e+03,4.350536151129808182e+00,6.081606794250336861e+03
1.581112992543439475e+02,2.637659414853714424e+01,1.294580971299340945e+03,4.324162914614578135e+00,5.757144117474929772e+03
1.583128324099725717e+02,2.635158789697424808e+01,1.286633536748548295e+03,4.297857821484240226e+00,5.438796377189190025e+03
1.585156104201137168e+02,2.632658164541135193e+01,1.278707495925231342e+03,4.271621259382703428e+00,5.126499952328644213e+03
1.587196453453753406e+02,2.630157539384846999e+01,1.270802960883731885e+03,4.245453613940633808e+00,4.820191304402144851e+03
1.589249493904503368e+02,2.627656914228557383e+01,1.262920043041101962e+03,4.219355268747291277e+00,4.519806985404419720e+03
1.591315349061369204e+02,2.625156289072269189e+01,1.255058853168909764e+03,4.193326605322596379e+00,4.225283645660765615e+03
1.593394143913929213e+02,2.622655663915979574e+01,1.247219501384975501e+03,4.167368003088944839e+00,3.936558041596224484e+03
1.595486004954211410e+02,2.620155038759689958e+01,1.239402097145201424e+03,4.141479839343332081e+00,3.653567043435280993e+03
1.597591060197893285e+02,2.617654413603401764e+01,1.231606749235363850e+03,4.115662489229344523e+00,3.376247642825265757e+03
1.599709439205841193e+02,2.615153788447112149e+01,1.223833565762924536e+03,4.089916325709197054e+00,3.104536960384538816e+03
1.601841273105985124e+02,2.612653163290822533e+01,1.216082654148898882e+03,4.064241719535958808e+00,2.838372253175619335e+03
1.603986694615554995e+02,2.610152538134534694e+01,1.208354121119697993e+03,4.038639039225679461e+00,2.577690922099145610e+03
1.606145838063677331e+02,2.607651912978245079e+01,1.200648072699000750e+03,4.013108651029604346e+00,2.322430519209726754e+03
1.608318839414324941e+02,2.605151287821955464e+01,1.192964614199666585e+03,3.987650918906518349e+00,2.072528754952669260e+03
1.610505836289648016e+02,2.602650662665667269e+01,1.185303850215652119e+03,3.962266204495095590e+00,1.827923505319562310e+03
1.612706967993685510e+02,2.600150037509377654e+01,1.177665884613929393e+03,3.936954867086238874e+00,1.588552818921657035e+03
1.614922375536446282e+02,2.597649412353089460e+01,1.170050820526486632e+03,3.911717263595692273e+00,1.354354923982514492e+03
1.617152201658403499e+02,2.595148787196799844e+01,1.162458760342274900e+03,3.886553748536457409e+00,1.125268235244854168e+03
1.619396590855366469e+02,2.592648162040510229e+01,1.154889805699255703e+03,3.861464673991541918e+00,9.012313607955807129e+02
1.621655689403773977e+02,2.590147536884222035e+01,1.147344057476423586e+03,3.836450389586615106e+00,6.821831088041458315e+02
1.623929645386398590e+02,2.587646911727932419e+01,1.139821615785858967e+03,3.811511242462753302e+00,4.680624941751308370e+02
1.626218608718462235e+02,2.585146286571642804e+01,1.132322579964849865e+03,3.786647577249405039e+00,2.588087451155963095e+02
1.628522731174191165e+02,2.582645661415354610e+01,1.124847048567997035e+03,3.761859736037297619e+00,5.436130961377941162e+01
1.630842166413807774e+02,2.580145036259064995e+01,1.117395119359364116e+03,3.737148058351476898e+00,-1.453401381696140788e+02
1.633177070010955276e+02,2.577644411102775379e+01,1.109966889304675306e+03,3.712512881124506059e+00,-3.403556915984146372e+02
1.635527599480586787e+02,2.575143785946487185e+01,1.102562454563532128e+03,3.687954538669707016e+00,-5.307452053473277829e+02
1.637893914307314844e+02,2.572643160790197570e+01,1.095181910481640671e+03,3.663473362654440013e+00,-7.165682892787041283e+02
1.640276175974217665e+02,2.570142535633909731e+01,1.087825351583135671e+03,3.639069682073691858e+00,-8.978843024078987582e+02
1.642674547992143346e+02,2.567641910477620115e+01,1.080492871562861183e+03,3.614743823223508734e+00,-1.074752346961437979e+03
1.645089195929481036e+02,2.565141285321330500e+01,1.073184563278762425e+03,3.590496109674794045e+00,-1.247231262524624753e+03
1.647520287442440292e+02,2.562640660165042306e+01,1.065900518744265810e+03,3.566326862247061413e+00,-1.415379620281932375e+03
1.649967992305836901e+02,2.560140035008752690e+01,1.058640829120703302e+03,3.542236398982316903e+00,-1.579255717349444694e+03
1.652432482444380355e+02,2.557639409852463075e+01,1.051405584709810228e+03,3.518225035119188604e+00,-1.738917571198961923e+03
1.654913931964496783e+02,2.555138784696174881e+01,1.044194874946229902e+03,3.494293083067065542e+00,-1.894422914175882624e+03
1.657412517186686784e+02,2.552638159539885265e+01,1.037008788390062591e+03,3.470440852380375585e+00,-2.045829188110018322e+03
1.659928416678412759e+02,2.550137534383597071e+01,1.029847412719487465e+03,3.446668649733098722e+00,-2.193193539019380296e+03
1.662461811287559499e+02,2.547636909227307456e+01,1.022710834723386938e+03,3.422976778893283889e+00,-2.336572811908611584e+03
1.665012884176440195e+02,2.545136284071017840e+01,1.015599140294058543e+03,3.399365540697842913e+00,-2.476023545660755190e+03
1.667581820856388788e+02,2.542635658914729646e+01,1.008512414419946367e+03,3.375835233027405735e+00,-2.611601968023574045e+03
1.670168809222940354e+02,2.540135033758440031e+01,1.001450741178409544e+03,3.352386150781293761e+00,-2.743363990690823812e+03
1.672774039591592725e+02,2.537634408602150415e+01,9.944142037285905644e+02,3.329018585852811185e+00,-2.871365204477154293e+03
1.675397704734189404e+02,2.535133783445862221e+01,9.874028843042810877e+02,3.305732827104525651e+00,-2.995660874589033938e+03
1.678039999915923204e+02,2.532633158289572606e+01,9.804168642068478903e+02,3.282529160343740315e+00,-3.116305935990354556e+03
1.680701122932955229e+02,2.530132533133282990e+01,9.734562237982495390e+02,3.259407868298260347e+00,-3.233354988862711707e+03
1.683381274150691524e+02,2.527631907976995151e+01,9.665210424940647727e+02,3.236369230592188728e+00,-3.346862294161753653e+03
1.686080656542713712e+02,2.525131282820705536e+01,9.596113987565751131e+02,3.213413523721900589e+00,-3.456881769269059987e+03
1.688799475730362474e+02,2.522630657664417342e+01,9.527273700879471789e+02,3.190541021032338165e+00,-3.563466983738657746e+03
1.691537940023024191e+02,2.520130032508127726e+01,9.458690330234138628e+02,3.167751992693292884e+00,-3.666671155140395513e+03
1.694296260459086909e+02,2.517629407351838111e+01,9.390364631245648752e+02,3.145046705676056042e+00,-3.766547144998152362e+03
1.697074650847618216e+02,2.515128782195549917e+01,9.322297349726622997e+02,3.122425423730126770e+00,-3.863147454824537363e+03
1.699873327810763897e+02,2.512628157039260302e+01,9.254489221620187891e+02,3.099888407360140263e+00,-3.956524222251250194e+03
1.702692510826863952e+02,2.510127531882970686e+01,9.186940972934648926e+02,3.077435913803077128e+00,-4.046729217255322510e+03
1.705532422274332873e+02,2.507626906726682492e+01,9.119653319678511707e+02,3.055068197005579744e+00,-4.133813838481617495e+03
1.708393287476300202e+02,2.505126281570392877e+01,9.052626967796082909e+02,3.032785507601462260e+00,-4.217829109661613984e+03
1.711275334746012220e+02,2.502625656414104682e+01,8.985862613104169441e+02,3.010588092889575407e+00,-4.298825676127762563e+03
1.714178795433050198e+02,2.500125031257815067e+01,8.919360941228756019e+02,2.988476196811655772e+00,-4.376853801424963422e+03
1.717103903970330521e+02,2.497624406101525452e+01,8.853122627543056069e+02,2.966450059930633820e+00,-4.451963364017477033e+03
1.720050897921943545e+02,2.495123780945237257e+01,8.787148337105742257e+02,2.944509919408985876e+00,-4.524203854092860638e+03
1.723020018031832024e+02,2.492623155788947642e+01,8.721438724599959187e+02,2.922656008987349896e+00,-4.593624370462144725e+03
1.726011508273308266e+02,2.490122530632658027e+01,8.655994434273305842e+02,2.900888558963450325e+00,-4.660273617556370482e+03
1.729025615899458614e+02,2.487621905476370188e+01,8.590816099878275054e+02,2.879207796171173506e+00,-4.724199902519851094e+03
1.732062591494436390e+02,2.485121280320080572e+01,8.525904344613321655e+02,2.857613943959849134e+00,-4.785451132400357892e+03
1.735122689025645002e+02,2.482620655163790957e+01,8.461259781065111838e+02,2.836107222173912312e+00,-4.844074811435489210e+03
1.738206165896860114e+02,2.480120030007502763e+01,8.396883011151065830e+02,2.814687847132663734e+00,-4.900118038436586176e+03
1.741313283002293701e+02,2.477619404851213147e+01,8.332774626062766856e+02,2.793356031610313206e+00,-4.953627504269275050e+03
1.744444304781600579e+02,2.475118779694924953e+01,8.268935206210446722e+02,2.772111984816372221e+00,-5.004649489431073562e+03
1.747599499275890196e+02,2.472618154538635338e+01,8.205365321167699904e+02,2.750955912376118917e+00,-5.053229861726616036e+03
1.750779138184711030e+02,2.470117529382345722e+01,8.142065529617593711e+02,2.729888016311527998e+00,-5.099414074039855223e+03
1.753983496924069243e+02,2.467616904226057528e+01,8.079036379299127475e+02,2.708908495022305019e+00,-5.143247162204213964e+03
1.757212854685487855e+02,2.465116279069767913e+01,8.016278406954585307e+02,2.688017543267216869e+00,-5.184773742970344756e+03
1.760467494496105871e+02,2.462615653913478297e+01,7.953792138278016637e+02,2.667215352145793528e+00,-5.224038012071733647e+03
1.763747703279875623e+02,2.460115028757190103e+01,7.891578087864162399e+02,2.646502109080172804e+00,-5.261083742388743303e+03
1.767053771919859742e+02,2.457614403600900488e+01,7.829636759158329369e+02,2.625877997797258612e+00,-5.295954282210899692e+03
1.770385995321635733e+02,2.455113778444610872e+01,7.767968644407396823e+02,2.605343198311247832e+00,-5.328692553597736151e+03
1.773744672477862707e+02,2.452613153288322678e+01,7.706574224611330237e+02,2.584897886906325493e+00,-5.359341050838807860e+03
1.777130106534015965e+02,2.450112528132033063e+01,7.645453969475616987e+02,2.564542236119662810e+00,-5.387941839012784840e+03
1.780542604855295679e+02,2.447611902975744869e+01,7.584608337364950330e+02,2.544276414724826907e+00,-5.414536552645945449e+03
1.783982479094779023e+02,2.445111277819455253e+01,7.524037775257238536e+02,2.524100587715293109e+00,-5.439166394470796149e+03
1.787450045262783931e+02,2.442610652663165993e+01,7.463742718699095349e+02,2.504014916288449744e+00,-5.461872134284581989e+03
1.790945623797517499e+02,2.440110027506877799e+01,7.403723591761869329e+02,2.484019557829777902e+00,-5.482694107908557271e+03
1.794469539637015316e+02,2.437609402350588184e+01,7.343980806998599746e+02,2.464114665897338075e+00,-5.501672216248165569e+03
1.798022122292379947e+02,2.435108777194298568e+01,7.284514765402249168e+02,2.444300390206674667e+00,-5.518845924454520173e+03
1.801603705922379959e+02,2.432608152038010374e+01,7.225325856364540869e+02,2.424576876615923471e+00,-5.534254261187712473e+03
1.805214629409421150e+02,2.430107526881720759e+01,7.166414457635796680e+02,2.404944267111249090e+00,-5.547935817982435765e+03
1.808855236436894813e+02,2.427606901725432564e+01,7.107780935286014028e+02,2.385402699792689152e+00,-5.559928748716260088e+03
1.812525875567984315e+02,2.425106276569142949e+01,7.049425643666523911e+02,2.365952308860192144e+00,-5.570270769181220203e+03
1.816226900325896736e+02,2.422605651412853334e+01,6.991348925372989243e+02,2.346593224600099781e+00,-5.578999156759155994e+03
1.819958669275601437e+02,2.420105026256565139e+01,6.933551111209237661e+02,2.327325573371903378e+00,-5.586150750201308256e+03
1.823721546107084635e+02,2.417604401100275524e+01,6.876032520151931067e+02,2.308149477595276888e+00,-5.591761949513002037e+03
1.827515899720132495e+02,2.415103775943985909e+01,6.818793459316716508e+02,2.289065055737603327e+00,-5.595868715943674033e+03
1.831342104310712955e+02,2.412603150787697714e+01,6.761834223924951175e+02,2.270072422301690374e+00,-5.598506572083181709e+03
1.835200539458969047e+02,2.410102525631408099e+01,6.705155097271568820e+02,2.251171687813859457e+00,-5.599710602064884370e+03
1.839091590218837382e+02,2.407601900475118484e+01,6.648756350694245612e+02,2.232362958812475817e+00,-5.599515451876279258e+03
1.843015647209365113e+02,2.405101275318830290e+01,6.592638243543293584e+02,2.213646337836710387e+00,-5.597955329777882980e+03
1.846973106707741863e+02,2.402600650162540674e+01,6.536801023152718244e+02,2.195021923415694243e+00,-5.595064006831108600e+03
1.850964370744057135e+02,2.400100025006252835e+01,6.481244924812522186e+02,2.176489810058082952e+00,-5.590874817536079718e+03
1.854989847197876998e+02,2.397599399849963220e+01,6.425970171741749937e+02,2.158050088241871833e+00,-5.585420660579966352e+03
1.859049949896611054e+02,2.395098774693673604e+01,6.370976975062973224e+02,2.139702844404686832e+00,-5.578733999696971296e+03
1.863145098715760639e+02,2.392598149537385410e+01,6.316265533777682322e+02,2.121448160934374716e+00,-5.570846864640762760e+03
1.867275719681068438e+02,2.390097524381095795e+01,6.261836034742643733e+02,2.103286116159922337e+00,-5.561790852270367395e+03
1.871442245072585706e+02,2.387596899224806180e+01,6.207688652647785830e+02,2.085216784342876384e+00,-5.551597127750546861e+03
1.875645113530740389e+02,2.385096274068517985e+01,6.153823549994816631e+02,2.067240235669013604e+00,-5.540296425867759353e+03
1.879884770164427152e+02,2.382595648912228370e+01,6.100240877077029609e+02,2.049356536240400484e+00,-5.527919052462813852e+03
1.884161666661137247e+02,2.380095023755940176e+01,6.046940771960557868e+02,2.031565748067943211e+00,-5.514494885981554035e+03
1.888476261399232214e+02,2.377594398599650560e+01,5.993923360466252461e+02,2.013867929064139695e+00,-5.500053379144638711e+03
1.892829019562333599e+02,2.375093773443360945e+01,5.941188756153254644e+02,1.996263133036401127e+00,-5.484623560738143169e+03
1.897220413255933522e+02,2.372593148287072751e+01,5.888737060303326416e+02,1.978751409680622020e+00,-5.468234037526128304e+03
1.901650921626251147e+02,2.370092523130783135e+01,5.836568361906471409e+02,1.961332804575186328e+00,-5.450912996286822818e+03
1.906121030981356910e+02,2.367591897974493520e+01,5.784682737647854083e+02,1.944007359175404792e+00,-5.432688205974422090e+03
1.910631234914661434e+02,2.365091272818205326e+01,5.733080251895737547e+02,1.926775110808293334e+00,-5.413587020007810679e+03
1.915182034430793294e+02,2.362590647661915710e+01,5.681760956690571902e+02,1.909636092667734042e+00,-5.393636378688547666e+03
1.919773938073897170e+02,2.360090022505626095e+01,5.630724891735541178e+02,1.892590333810128422e+00,-5.372862811750096625e+03
1.924407462058447038e+02,2.357589397349338256e+01,5.579972084388044777e+02,1.875637859150361519e+00,-5.351292441040566700e+03
1.929083130402607651e+02,2.355088772193048641e+01,5.529502549652372636e+02,1.858778689458162381e+00,-5.328950983341348547e+03
1.933801475064171882e+02,2.352588147036760446e+01,5.479316290173925381e+02,1.842012841354988772e+00,-5.305863753324608297e+03
1.938563036079195001e+02,2.350087521880470831e+01,5.429413296234160953e+02,1.825340327311149480e+00,-5.282055666652116088e+03
1.943368361703304288e+02,2.347586896724181216e+01,5.379793545747257895e+02,1.808761155643504592e+00,-5.257551243219000753e+03
1.948218008555809035e+02,2.345086271567893021e+01,5.330457004257644940e+02,1.792275330513457332e+00,-5.232374610545560245e+03
1.953112541766645052e+02,2.342585646411603406e+01,5.281403624938873236e+02,1.775882851925394190e+00,-5.206549507320934026e+03
1.958052535126189753e+02,2.340085021255313791e+01,5.232633348593841447e+02,1.759583715725580699e+00,-5.180099287102987546e+03
1.963038571238058410e+02,2.337584396099025597e+01,5.184146103656179321e+02,1.743377913601444451e+00,-5.153046922178526984e+03
1.968071241674926171e+02,2.335083770942735981e+01,5.135941806192714694e+02,1.727265433081227597e+00,-5.125415007588853769e+03
1.973151147137409112e+02,2.332583145786446366e+01,5.088020359907581565e+02,1.711246257534181137e+00,-5.097225765326395049e+03
1.978278897616129939e+02,2.330082520630158172e+01,5.040381656147264948e+02,1.695320366171082949e+00,-5.068501048707592417e+03
1.983455112557007283e+02,2.327581895473868556e+01,4.993025573906903674e+02,1.679487734045176373e+00,-5.039262346929077466e+03
1.988680421029810361e+02,2.325081270317580362e+01,4.945951979838196735e+02,1.663748332053645251e+00,-5.009530789813998126e+03
1.993955461900127659e+02,2.322580645161290747e+01,4.899160728258098629e+02,1.648102126939360090e+00,-4.979327152756092801e+03
1.999280884004731433e+02,2.320080020005001131e+01,4.852651661159273999e+02,1.632549081293209747e+00,-4.948671861870436260e+03
2.004657346330490952e+02,2.317579394848713292e+01,4.806424608221481094e+02,1.617089153556754644e+00,-4.917584999359653011e+03
2.010085518196881083e+02,2.315078769692423677e+01,4.760479386824302992e+02,1.601722298025325841e+00,-4.886086309106230146e+03
2.015566079442137948e+02,2.312578144536134062e+01,4.714815802061357886e+02,1.586448464851627271e+00,-4.854195202502252869e+03
2.021099720613199509e+02,2.310077519379845867e+01,4.669433646755615541e+02,1.571267600049711666e+00,-4.821930764528596228e+03
2.026687143159486482e+02,2.307576894223556252e+01,4.624332701475938165e+02,1.556179645499366160e+00,-4.789311760097399201e+03
2.032329059630576751e+02,2.305076269067268058e+01,4.579512734555231077e+02,1.541184538951045235e+00,-4.756356640672902358e+03
2.038026193877940386e+02,2.302575643910978442e+01,4.534973502109474452e+02,1.526282214031097650e+00,-4.723083551186612567e+03
2.043779281260730443e+02,2.300075018754688827e+01,4.490714748058442751e+02,1.511472600247565579e+00,-4.689510337265429371e+03
2.049589068855798075e+02,2.297574393598400633e+01,4.446736204147484273e+02,1.496755622996342572e+00,-4.655654552792028881e+03
2.055456315671999619e+02,2.295073768442111017e+01,4.403037589970570593e+02,1.482131203567758515e+00,-4.621533467819449470e+03
2.061381792868856166e+02,2.292573143285821402e+01,4.359618612994930231e+02,1.467599259153702373e+00,-4.587164076864114577e+03
2.067366283979727655e+02,2.290072518129533208e+01,4.316478968586697533e+02,1.453159702855087110e+00,-4.552563107603044955e+03
2.073410585139572220e+02,2.287571892973243592e+01,4.273618340037922962e+02,1.438812443689776899e+00,-4.517747030004396947e+03
2.079515505317362738e+02,2.285071267816953977e+01,4.231036398595086894e+02,1.424557386601022824e+00,-4.482732065923246410e+03
2.085681866553328803e+02,2.282570642660665783e+01,4.188732803488695708e+02,1.410394432466263392e+00,-4.447534199196960799e+03
2.091910504201102299e+02,2.280070017504376167e+01,4.146707201964200635e+02,1.396323478106376914e+00,-4.412169186278641973e+03
2.098202267174841893e+02,2.277569392348087973e+01,4.104959229314468985e+02,1.382344416295456124e+00,-4.376652567450816605e+03
2.104558018201540790e+02,2.275068767191798713e+01,4.063488508913190458e+02,1.368457135770904332e+00,-4.340999678664858948e+03
2.110978634078525431e+02,2.272568142035509098e+01,4.022294652249943852e+02,1.354661521244090894e+00,-4.305225664057315043e+03
2.117465005936356306e+02,2.270067516879220904e+01,3.981377258966371642e+02,1.340957453411384614e+00,-4.269345489198069117e+03
2.124018039507218134e+02,2.267566891722931288e+01,3.940735916893602848e+02,1.327344808965611689e+00,-4.233373955131270122e+03
2.130638655398891217e+02,2.265066266566641673e+01,3.900370202091251031e+02,1.313823460608047000e+00,-4.197325713275909948e+03
2.137327789374499218e+02,2.262565641410353479e+01,3.860279678887466730e+02,1.300393277060764685e+00,-4.161215281258645518e+03
2.144086392638134271e+02,2.260065016254063863e+01,3.820463899920320046e+02,1.287054123079442336e+00,-4.125057059758985815e+03
2.150915432126454618e+02,2.257564391097775669e+01,3.780922406180684447e+02,1.273805859466671908e+00,-4.088865350454601867e+03
2.157815890806490984e+02,2.255063765941486054e+01,3.741654727056106822e+02,1.260648343085610801e+00,-4.052654375161992448e+03
2.164788767979687805e+02,2.252563140785196438e+01,3.702660380376308353e+02,1.247581426874184940e+00,-4.016438296277776772e+03
2.171835079592422346e+02,2.250062515628908244e+01,3.663938872459725644e+02,1.234604959859646911e+00,-3.980231238634373312e+03
2.178955858553114524e+02,2.247561890472618629e+01,3.625489698161399019e+02,1.221718787173594389e+00,-3.944047312895135747e+03
2.186152155056040556e+02,2.245061265316329013e+01,3.587312340922293856e+02,1.208922750067474627e+00,-3.907900640625064625e+03
2.193425036912084920e+02,2.242560640160040819e+01,3.549406272819744004e+02,1.196216685928473744e+00,0.000000000000000000e+00
2.200775589886553689e+02,2.240060015003751204e+01,3.511770954619167924e+02,1.183600428295839002e+00,0.000000000000000000e+00
2.208204918044176281e+02,2.237559389847461588e+01,3.474405835827259352e+02,1.171073806877703793e+00,0.000000000000000000e+00
2.215714144101542047e+02,2.235058764691173394e+01,3.437310354746252870e+02,1.158636647568282108e+00,0.000000000000000000e+00
2.223304409787108682e+02,2.232558139534884134e+01,3.400483938529465604e+02,1.146288772465496431e+00,0.000000000000000000e+00
2.230976876208914632e+02,2.230057514378595940e+01,3.363926003238327098e+02,1.134029999889114126e+00,0.000000000000000000e+00
2.238732724230291069e+02,2.227556889222306324e+01,3.327635953900328332e+02,1.121860144399200454e+00,0.000000000000000000e+00
2.246573154853626875e+02,2.225056264066016709e+01,3.291613184568578276e+02,1.109779016815118924e+00,0.000000000000000000e+00
2.254499389612489324e+02,2.222555638909728515e+01,3.255857078382345549e+02,1.097786424234870717e+00,0.000000000000000000e+00
2.262512670972258206e+02,2.220055013753438899e+01,3.220367007628943270e+02,1.085882170054891738e+00,0.000000000000000000e+00
2.270614262739428284e+02,2.217554388597149284e+01,3.185142333806909960e+02,1.074066053990297087e+00,0.000000000000000000e+00
2.278805450479875390e+02,2.215053763440861090e+01,3.150182407690363675e+02,1.062337872095522551e+00,0.000000000000000000e+00
2.287087541946255556e+02,2.212553138284571475e+01,3.115486569394497565e+02,1.050697416785363547e+00,0.000000000000000000e+00
2.295461867514715095e+02,2.210052513128281859e+01,3.081054148442522091e+02,1.039144476856504573e+00,0.000000000000000000e+00
2.303929780631219728e+02,2.207551887971993665e+01,3.046884463833643508e+02,1.027678837509408583e+00,0.000000000000000000e+00
2.312492658267691183e+02,2.205051262815704050e+01,3.012976824112198528e+02,1.016300280370600717e+00,0.000000000000000000e+00
2.321151901388137446e+02,2.202550637659415855e+01,2.979330527438264653e+02,1.005008583515459852e+00,0.000000000000000000e+00
2.329908935425145273e+02,2.200050012503126240e+01,2.945944861659105527e+02,9.938035214912986914e-01,0.000000000000000000e+00
2.338765210766829625e+02,2.197549387346836625e+01,2.912819104382129467e+02,9.826848653409610002e-01,0.000000000000000000e+00
2.347722203254625128e+02,2.195048762190548430e+01,2.879952523048802391e+02,9.716523826267497999e-01,0.000000000000000000e+00
2.356781414692129317e+02,2.192548137034258815e+01,2.847344375009779469e+02,9.607058374547760016e-01,0.000000000000000000e+00
2.365944373365220486e+02,2.190047511877969200e+01,2.814993907601284491e+02,9.498449904997325888e-01,0.000000000000000000e+00
2.375212634573817354e+02,2.187546886721681361e+01,2.782900358222572095e+02,9.390695990300462759e-01,0.000000000000000000e+00
2.384587781175522139e+02,2.185046261565391745e+01,2.751062954414452406e+02,9.283794169333945412e-01,0.000000000000000000e+00
2.394071424141377520e+02,2.182545636409103551e+01,2.719480913939170250e+02,9.177741947426886204e-01,0.000000000000000000e+00
2.403665203124176628e+02,2.180045011252813936e+01,2.688153444861125081e+02,9.072536796623482669e-01,0.000000000000000000e+00
2.413370787039465597e+02,2.177544386096524320e+01,2.657079745628980163e+02,8.968176155950554618e-01,0.000000000000000000e+00
2.423189874659691156e+02,2.175043760940236126e+01,2.626259005158692617e+02,8.864657431688272027e-01,0.000000000000000000e+00
2.433124195221762420e+02,2.172543135783946511e+01,2.595690402917628603e+02,8.761977997644645466e-01,0.000000000000000000e+00
2.443175509048306253e+02,2.170042510627656895e+01,2.565373109009944983e+02,8.660135195434367494e-01,0.000000000000000000e+00
2.453345608183058175e+02,2.167541885471368701e+01,2.535306284262843235e+02,8.559126334760716048e-01,0.000000000000000000e+00
2.463636317040689789e+02,2.165041260315079086e+01,2.505489080313949444e+02,8.458948693701332511e-01,0.000000000000000000e+00
2.474049493071376560e+02,2.162540635158789470e+01,2.475920639699807282e+02,8.359599518997873346e-01,0.000000000000000000e+00
2.484587027440580300e+02,2.160040010002501276e+01,2.446600095945355804e+02,8.261076026349067902e-01,0.000000000000000000e+00
2.495250845724373789e+02,2.157539384846211661e+01,2.417526573654352262e+02,8.163375400707086893e-01,0.000000000000000000e+00
2.506042908620633796e+02,2.155038759689923467e+01,2.388699188601028425e+02,8.066494796578148607e-01,0.000000000000000000e+00
2.516965212676655597e+02,2.152538134533633851e+01,2.360117047822465679e+02,7.970431338325688619e-01,0.000000000000000000e+00
2.528019791033413242e+02,2.150037509377344236e+01,2.331779249712229500e+02,7.875182120477850489e-01,0.000000000000000000e+00
2.539208714187042801e+02,2.147536884221056397e+01,2.303684884114812519e+02,7.780744208037836396e-01,0.000000000000000000e+00
2.550534090767919224e+02,2.145036259064766782e+01,2.275833032421019482e+02,7.687114636797542921e-01,0.000000000000000000e+00
2.561998068337713903e+02,2.142535633908477166e+01,2.248222767664485673e+02,7.594290413655112593e-01,0.000000000000000000e+00
2.573602834205004228e+02,2.140035008752188972e+01,2.220853154618959593e+02,7.502268516935197695e-01,0.000000000000000000e+00
2.585350616259846674e+02,2.137534383595899357e+01,2.193723249896513607e+02,7.411045896712453729e-01,0.000000000000000000e+00
2.597243683827730933e+02,2.135033758439611162e+01,2.166832102046817852e+02,7.320619475138743226e-01,0.000000000000000000e+00
2.609284348543574765e+02,2.132533133283321547e+01,2.140178751657112457e+02,7.230986146772800938e-01,0.000000000000000000e+00
2.621474965246068223e+02,2.130032508127031932e+01,2.113762231453216316e+02,7.142142778913523893e-01,0.000000000000000000e+00
2.633817932893059037e+02,2.127531882970743737e+01,2.087581566401334783e+02,7.054086211936065887e-01,0.000000000000000000e+00
2.646315695498449259e+02,2.125031257814454122e+01,2.061635773810652950e+02,6.966813259630705302e-01,0.000000000000000000e+00
2.658970743091094278e+02,2.122530632658164507e+01,2.035923863436935335e+02,6.880320709545231228e-01,0.000000000000000000e+00
2.671785612696392036e+02,2.120030007501876312e+01,2.010444837586801157e+02,6.794605323329723223e-01,0.000000000000000000e+00
2.684762889341092205e+02,2.117529382345586697e+01,1.985197691222803655e+02,6.709663837084168803e-01,0.000000000000000000e+00
2.697905207081852268e+02,2.115028757189297082e+01,1.960181412069437954e+02,6.625492961709342765e-01,0.000000000000000000e+00
2.711215250058289712e+02,2.112528132033008887e+01,1.935394980719784996e+02,6.542089383259948043e-01,0.000000000000000000e+00
2.724695753571102159e+02,2.110027506876719272e+01,1.910837370742913777e+02,6.459449763300445513e-01,0.000000000000000000e+00
2.738349505185827297e+02,2.107526881720431433e+01,1.886507548792178284e+02,6.377570739264030175e-01,0.000000000000000000e+00
2.752179345863102640e+02,2.105026256564141818e+01,1.862404474714013816e+02,6.296448924813410342e-01,0.000000000000000000e+00
2.766188171115887258e+02,2.102525631407852202e+01,1.838527101657652452e+02,6.216080910204834220e-01,0.000000000000000000e+00
2.780378932194543609e+02,2.100025006251564008e+01,1.814874376185409233e+02,6.136463262654148210e-01,0.000000000000000000e+00
2.794754637300430886e+02,2.097524381095274393e+01,1.791445238383616072e+02,6.057592526705191105e-01,0.000000000000000000e+00
2.809318352828689740e+02,2.095023755938984777e+01,1.768238621974362843e+02,5.979465224601026030e-01,0.000000000000000000e+00
2.824073204641125585e+02,2.092523130782696583e+01,1.745253454427727320e+02,5.902077856656972044e-01,0.000000000000000000e+00
2.839022379369920372e+02,2.090022505626406968e+01,1.722488657074655691e+02,5.825426901635941679e-01,0.000000000000000000e+00
2.854169125752902119e+02,2.087521880470117353e+01,1.699943145220547649e+02,5.749508817126306459e-01,0.000000000000000000e+00
2.869516756001367526e+02,2.085021255313829158e+01,1.677615828259326634e+02,5.674320039921526559e-01,0.000000000000000000e+00
2.885068647201239855e+02,2.082520630157539543e+01,1.655505609788041852e+02,5.599856986401706704e-01,0.000000000000000000e+00
2.900828242748365824e+02,2.080020005001251349e+01,1.633611387722209543e+02,5.526116052917787735e-01,0.000000000000000000e+00
2.916799053819076448e+02,2.077519379844961733e+01,1.611932054411431636e+02,5.453093616176802882e-01,0.000000000000000000e+00
2.932984660876688849e+02,2.075018754688672118e+01,1.590466496755768731e+02,5.380786033629828546e-01,0.000000000000000000e+00
2.949388715215133629e+02,2.072518129532383924e+01,1.569213596322426270e+02,5.309189643861111918e-01,0.000000000000000000e+00
2.966014940540619591e+02,2.070017504376094308e+01,1.548172229462995517e+02,5.238300766979222534e-01,0.000000000000000000e+00
2.982867134592261209e+02,2.067516879219804693e+01,1.527341267431165761e+02,5.168115705009924676e-01,0.000000000000000000e+00
2.999949170802897243e+02,2.065016254063516854e+01,1.506719576500848063e+02,5.098630742290582996e-01,0.000000000000000000e+00
3.017265000001097519e+02,2.062515628907227239e+01,1.486306018084659968e+02,5.029842145865918157e-01,0.000000000000000000e+00
3.034818652155368568e+02,2.060015003750939044e+01,1.466099448852965850e+02,4.961746165885783655e-01,0.000000000000000000e+00
3.052614238161955882e+02,2.057514378594649429e+01,1.446098720853085524e+02,4.894339036003647059e-01,0.000000000000000000e+00
3.070655951677117628e+02,2.055013753438359814e+01,1.426302681629071571e+02,4.827616973777132392e-01,0.000000000000000000e+00
3.088948070995338639e+02,2.052513128282071619e+01,1.406710174341679931e+02,4.761576181069356317e-01,0.000000000000000000e+00
3.107494960974635774e+02,2.050012503125782004e+01,1.387320037888672459e+02,4.696212844451521651e-01,0.000000000000000000e+00
3.126301075010139243e+02,2.047511877969492389e+01,1.368131107025535869e+02,4.631523135607062969e-01,0.000000000000000000e+00
3.145370957057467649e+02,2.045011252813204194e+01,1.349142212486341919e+02,4.567503211736408386e-01,0.000000000000000000e+00
3.164709243707168866e+02,2.042510627656914579e+01,1.330352181104911438e+02,4.504149215962907626e-01,0.000000000000000000e+00
3.184320666311523382e+02,2.040010002500624964e+01,1.311759835936272793e+02,4.441457277739897513e-01,0.000000000000000000e+00
3.204210053165356840e+02,2.037509377344336770e+01,1.293363996378274976e+02,4.379423513258428047e-01,0.000000000000000000e+00
3.224382331742255019e+02,2.035008752188047154e+01,1.275163478293377324e+02,4.318044025855734547e-01,0.000000000000000000e+00
3.244842530987590976e+02,2.032508127031758960e+01,1.257157094130734123e+02,4.257314906424840006e-01,0.000000000000000000e+00
3.265595783670234482e+02,2.030007501875469345e+01,1.239343653048267981e+02,4.197232233824267356e-01,0.000000000000000000e+00
3.286647328794222176e+02,2.027506876719179729e+01,1.221721961035048309e+02,4.137792075288919680e-01,0.000000000000000000e+00
3.308002514072347253e+02,2.025006251562891535e+01,1.204290821033661985e+02,4.078990486841082563e-01,0.000000000000000000e+00
3.329666798463288160e+02,2.022505626406601920e+01,1.187049033062704950e+02,4.020823513701969332e-01,0.000000000000000000e+00
3.351645754773928729e+02,2.020005001250312660e+01,1.169995394339410240e+02,3.963287190703881357e-01,0.000000000000000000e+00
3.373945072328925221e+02,2.017504376094024465e+01,1.153128699402253829e+02,3.906377542702418326e-01,0.000000000000000000e+00
3.396570559709299459e+02,2.015003750937734850e+01,1.136447740233598864e+02,3.850090584988983822e-01,0.000000000000000000e+00
3.419528147561861147e+02,2.012503125781446656e+01,1.119951306382420597e+02,3.794422323703682265e-01,0.000000000000000000e+00
3.442823891481788792e+02,2.010002500625157040e+01,1.103638185086912387e+02,3.739368756247972714e-01,0.000000000000000000e+00
3.466463974970036475e+02,2.007501875468867425e+01,1.087507161397162747e+02,3.684925871697700139e-01,0.000000000000000000e+00
3.490454712468020944e+02,2.005001250312579231e+01,1.071557018297724397e+02,3.631089651215897440e-01,0.000000000000000000e+00
3.514802552471644503e+02,2.002500625156289615e+01,1.055786536830077864e+02,3.577856068465384287e-01,0.000000000000000000e+00
